Running: cmake -S engine -B /tmp/football-optimization-native-debug-config -DCMAKE_BUILD_TYPE=Debug -DBUILD_PYTHON_BINDINGS=OFF -DFOOTBALL_RUNTIME_OUTPUT_DIRECTORY=/tmp/football-optimization-native-debug-config/bin
CMake Warning (policy) at CMakeLists.txt:173 (FIND_PACKAGE):
  Policy CMP0167 is not set: The FindBoost module is removed.  Run "cmake
  --help-policy CMP0167" for policy details.  Use the cmake_policy command to
  set the policy and suppress this warning.
This warning is for project developers.  Use -Wno-author or -Wno-policy to
suppress it.

-- Configuring done (0.3s)
-- Generating done (0.0s)
-- Build files have been written to: /tmp/football-optimization-native-debug-config
Running: cmake -S engine/tests -B /tmp/football-review-20260909-tests -DCMAKE_BUILD_TYPE=Debug -DENABLE_PCH=OFF
-- Build type: Debug
-- Unity build: ON
-- PCH enabled: OFF
-- Build targets: 40
-- Configuring done (0.3s)
-- Generating done (0.0s)
-- Build files have been written to: /tmp/football-review-20260909-tests
Running: cmake --build /tmp/football-review-20260909-tests -j 1
[  2%] Built target gtest
[  4%] Built target gtest_main
[  6%] Built target frame_sync_test
[  9%] Built target ecs_test
[ 11%] Built target ecs_query_contract_test
[ 13%] Built target fixed_point_test
[ 15%] Built target fixed_point_determinism_test
[ 18%] Built target client_state_test
[ 20%] Built target ecs_physics_sync_test
[ 22%] Built target ecs_benchmark_test
[ 25%] Built target engine_integration_test
[ 27%] Built target phase5_test
[ 29%] Built target performance_benchmark_test
[ 31%] Built target frame_sync_performance_test
[ 34%] Built target ux_optimizer_test
[ 36%] Built target frame_sync_coverage_test
[ 38%] Built target prng_test
[ 40%] Built target interpolator_test
[ 43%] Built target state_delta_codec_test
[ 45%] Built target prediction_accuracy_tracker_test
[ 47%] Built target adaptive_prediction_cap_test
[ 48%] Building CXX object CMakeFiles/replay_system_test.dir/Unity/unity_0_cxx.cxx.o
[ 50%] Linking CXX executable replay_system_test
[ 50%] Built target replay_system_test
[ 52%] Built target adaptive_jitter_buffer_test
[ 53%] Building CXX object CMakeFiles/phase16_integration_test.dir/Unity/unity_0_cxx.cxx.o
In file included from /root/work_space/football/engine/tests/phase16_integration_test.cpp:14,
                 from /tmp/football-review-20260909-tests/CMakeFiles/phase16_integration_test.dir/Unity/unity_0_cxx.cxx:4:
/root/work_space/football/engine/tests/../src/frame_sync/deterministic_prng.hpp: In member function ‘void frame_sync::DeterministicPRNG::skip(uint64_t)’:
/root/work_space/football/engine/tests/../src/frame_sync/deterministic_prng.hpp:112:11: warning: ignoring return value of ‘uint64_t frame_sync::DeterministicPRNG::next()’, declared with attribute ‘nodiscard’ [-Wunused-result]
  112 |       next();
      |       ~~~~^~
/root/work_space/football/engine/tests/../src/frame_sync/deterministic_prng.hpp:55:26: note: declared here
   55 |   [[nodiscard]] uint64_t next() {
      |                          ^~~~
/root/work_space/football/engine/tests/phase16_integration_test.cpp: In member function ‘virtual void frame_sync::{anonymous}::PredictionAccuracyIntegration_AccuracyTracking_Test::TestBody()’:
/root/work_space/football/engine/tests/phase16_integration_test.cpp:181:32: warning: ignoring return value of ‘std::optional<bool> frame_sync::PredictionAccuracyTracker::RecordAuthoritative(uint32_t, uint64_t)’, declared with attribute ‘nodiscard’ [-Wunused-result]
  181 |     tracker.RecordAuthoritative(i, 0xBBBB);
      |     ~~~~~~~~~~~~~~~~~~~~~~~~~~~^~~~~~~~~~~
In file included from /root/work_space/football/engine/tests/phase16_integration_test.cpp:16:
/root/work_space/football/engine/tests/../src/frame_sync/prediction_accuracy_tracker.hpp:49:37: note: declared here
   49 |   [[nodiscard]] std::optional<bool> RecordAuthoritative(uint32_t frame,
      |                                     ^~~~~~~~~~~~~~~~~~~
/root/work_space/football/engine/tests/phase16_integration_test.cpp: In member function ‘virtual void frame_sync::{anonymous}::PredictionAccuracyIntegration_TrendDetection_Test::TestBody()’:
/root/work_space/football/engine/tests/phase16_integration_test.cpp:195:32: warning: ignoring return value of ‘std::optional<bool> frame_sync::PredictionAccuracyTracker::RecordAuthoritative(uint32_t, uint64_t)’, declared with attribute ‘nodiscard’ [-Wunused-result]
  195 |     tracker.RecordAuthoritative(i, 0xAAAA);
      |     ~~~~~~~~~~~~~~~~~~~~~~~~~~~^~~~~~~~~~~
/root/work_space/football/engine/tests/../src/frame_sync/prediction_accuracy_tracker.hpp:49:37: note: declared here
   49 |   [[nodiscard]] std::optional<bool> RecordAuthoritative(uint32_t frame,
      |                                     ^~~~~~~~~~~~~~~~~~~
/root/work_space/football/engine/tests/phase16_integration_test.cpp:201:32: warning: ignoring return value of ‘std::optional<bool> frame_sync::PredictionAccuracyTracker::RecordAuthoritative(uint32_t, uint64_t)’, declared with attribute ‘nodiscard’ [-Wunused-result]
  201 |     tracker.RecordAuthoritative(i, 0xCCCC);
      |     ~~~~~~~~~~~~~~~~~~~~~~~~~~~^~~~~~~~~~~
/root/work_space/football/engine/tests/../src/frame_sync/prediction_accuracy_tracker.hpp:49:37: note: declared here
   49 |   [[nodiscard]] std::optional<bool> RecordAuthoritative(uint32_t frame,
      |                                     ^~~~~~~~~~~~~~~~~~~
[ 54%] Linking CXX executable phase16_integration_test
[ 54%] Built target phase16_integration_test
[ 56%] Built target latency_compensator_test
[ 59%] Built target state_snapshot_codec_test
[ 61%] Built target spectator_test
[ 62%] Building CXX object CMakeFiles/replay_integration_test.dir/Unity/unity_0_cxx.cxx.o
[ 63%] Linking CXX executable replay_integration_test
[ 63%] Built target replay_integration_test
[ 65%] Built target network_diagnostics_test
[ 68%] Built target lobby_protocol_test
[ 70%] Built target room_manager_test
[ 72%] Built target lobby_e2e_test
[ 75%] Built target milestone_regression_test
[ 77%] Built target frame_simulation_test
[ 78%] Building CXX object CMakeFiles/memory_budget_test.dir/Unity/unity_0_cxx.cxx.o
[ 79%] Linking CXX executable memory_budget_test
[ 79%] Built target memory_budget_test
[ 80%] Building CXX object CMakeFiles/replay_file_test.dir/Unity/unity_0_cxx.cxx.o
[ 81%] Linking CXX executable replay_file_test
[ 81%] Built target replay_file_test
[ 84%] Built target reliable_udp_budget_test
[ 86%] Built target bounded_tcp_writer_test
[ 88%] Built target lobby_capacity_test
[ 90%] Built target lobby_client_capacity_test
[ 93%] Built target tcp_frame_server_test
[ 95%] Built target tcp_client_capacity_test
[ 97%] Built target gmock
[100%] Built target gmock_main
Running: ctest --test-dir /tmp/football-review-20260909-tests --output-on-failure --output-junit /root/work_space/football/.project/optimization/evidence/framework-ctest.xml
Test project /tmp/football-review-20260909-tests
        Start   1: SlotInputTest.DefaultConstruction
  1/537 Test   #1: SlotInputTest.DefaultConstruction ........................................................   Passed    0.00 sec
        Start   2: SlotInputTest.Equality
  2/537 Test   #2: SlotInputTest.Equality ...................................................................   Passed    0.00 sec
        Start   3: SlotInputTest.BinaryLayoutSize
  3/537 Test   #3: SlotInputTest.BinaryLayoutSize ...........................................................   Passed    0.00 sec
        Start   4: SlotInputTest.MemcpyRoundTrip
  4/537 Test   #4: SlotInputTest.MemcpyRoundTrip ............................................................   Passed    0.00 sec
        Start   5: MessageTypeTest.UniqueValues
  5/537 Test   #5: MessageTypeTest.UniqueValues .............................................................   Passed    0.00 sec
        Start   6: ProtocolConstantsTest.HeartbeatPacketSize
  6/537 Test   #6: ProtocolConstantsTest.HeartbeatPacketSize ................................................   Passed    0.00 sec
        Start   7: ProtocolConstantsTest.TimeoutConstants
  7/537 Test   #7: ProtocolConstantsTest.TimeoutConstants ...................................................   Passed    0.00 sec
        Start   8: AuthoritativeFrameTest.HeaderSize
  8/537 Test   #8: AuthoritativeFrameTest.HeaderSize ........................................................   Passed    0.00 sec
        Start   9: ClientFrameInputTest.HeaderSize
  9/537 Test   #9: ClientFrameInputTest.HeaderSize ..........................................................   Passed    0.00 sec
        Start  10: ClientFrameInputTest.SlotEntrySize
 10/537 Test  #10: ClientFrameInputTest.SlotEntrySize .......................................................   Passed    0.00 sec
        Start  11: SessionStartTest.ParamsSize
 11/537 Test  #11: SessionStartTest.ParamsSize ..............................................................   Passed    0.00 sec
        Start  12: LayoutTest.SlotInputNoPadding
 12/537 Test  #12: LayoutTest.SlotInputNoPadding ............................................................   Passed    0.00 sec
        Start  13: TypesTest.FrameIdIsUint32
 13/537 Test  #13: TypesTest.FrameIdIsUint32 ................................................................   Passed    0.00 sec
        Start  14: TypesTest.StateHashIsUint64
 14/537 Test  #14: TypesTest.StateHashIsUint64 ..............................................................   Passed    0.00 sec
        Start  15: PredictionRollbackTest.PredictThenRollback
 15/537 Test  #15: PredictionRollbackTest.PredictThenRollback ...............................................   Passed    0.00 sec
        Start  16: PredictionRollbackTest.PredictWithNoRollback
 16/537 Test  #16: PredictionRollbackTest.PredictWithNoRollback .............................................   Passed    0.00 sec
        Start  17: PredictionRollbackTest.EvictionPreventsStaleRollback
 17/537 Test  #17: PredictionRollbackTest.EvictionPreventsStaleRollback .....................................   Passed    0.00 sec
        Start  18: PredictionRollbackTest.StateHashVerification
 18/537 Test  #18: PredictionRollbackTest.StateHashVerification .............................................   Passed    0.00 sec
        Start  19: EntityTest.NullEntityIsZero
 19/537 Test  #19: EntityTest.NullEntityIsZero ..............................................................   Passed    0.00 sec
        Start  20: EntityTest.EntityTypeIsUint64
 20/537 Test  #20: EntityTest.EntityTypeIsUint64 ............................................................   Passed    0.00 sec
        Start  21: WorldTest.CreateEntity
 21/537 Test  #21: WorldTest.CreateEntity ...................................................................   Passed    0.00 sec
        Start  22: WorldTest.CreateMultipleEntities
 22/537 Test  #22: WorldTest.CreateMultipleEntities .........................................................   Passed    0.00 sec
        Start  23: WorldTest.EntityIdsAreMonotonic
 23/537 Test  #23: WorldTest.EntityIdsAreMonotonic ..........................................................   Passed    0.00 sec
        Start  24: WorldTest.AddAndGetComponent
 24/537 Test  #24: WorldTest.AddAndGetComponent .............................................................   Passed    0.00 sec
        Start  25: WorldTest.GetComponentReturnsNullForMissing
 25/537 Test  #25: WorldTest.GetComponentReturnsNullForMissing ..............................................   Passed    0.00 sec
        Start  26: WorldTest.HasComponent
 26/537 Test  #26: WorldTest.HasComponent ...................................................................   Passed    0.00 sec
        Start  27: WorldTest.RemoveComponent
 27/537 Test  #27: WorldTest.RemoveComponent ................................................................   Passed    0.00 sec
        Start  28: WorldTest.OverwriteComponent
 28/537 Test  #28: WorldTest.OverwriteComponent .............................................................   Passed    0.00 sec
        Start  29: WorldTest.MultipleComponentsOnSameEntity
 29/537 Test  #29: WorldTest.MultipleComponentsOnSameEntity .................................................   Passed    0.00 sec
        Start  30: WorldTest.ForEachSingleComponent
 30/537 Test  #30: WorldTest.ForEachSingleComponent .........................................................   Passed    0.00 sec
        Start  31: WorldTest.ForEachTwoComponents
 31/537 Test  #31: WorldTest.ForEachTwoComponents ...........................................................   Passed    0.00 sec
        Start  32: WorldTest.ForEachModifiesData
 32/537 Test  #32: WorldTest.ForEachModifiesData ............................................................   Passed    0.00 sec
        Start  33: WorldTest.DestroyEntityRemovesAllComponents
 33/537 Test  #33: WorldTest.DestroyEntityRemovesAllComponents ..............................................   Passed    0.00 sec
        Start  34: WorldTest.ClearRemovesAll
 34/537 Test  #34: WorldTest.ClearRemovesAll ................................................................   Passed    0.00 sec
        Start  35: WorldTest.ForEachDeterministicOrder
 35/537 Test  #35: WorldTest.ForEachDeterministicOrder ......................................................   Passed    0.00 sec
        Start  36: WorldTest.MoveConstruction
 36/537 Test  #36: WorldTest.MoveConstruction ...............................................................   Passed    0.00 sec
        Start  37: TeamStateComponentTest.DefaultConstruction
 37/537 Test  #37: TeamStateComponentTest.DefaultConstruction ...............................................   Passed    0.00 sec
        Start  38: TeamStateComponentTest.EcsIntegration
 38/537 Test  #38: TeamStateComponentTest.EcsIntegration ....................................................   Passed    0.00 sec
        Start  39: TeamStateComponentTest.MultipleTeams
 39/537 Test  #39: TeamStateComponentTest.MultipleTeams .....................................................   Passed    0.00 sec
        Start  40: TeamStateComponentTest.ForEachTeamState
 40/537 Test  #40: TeamStateComponentTest.ForEachTeamState ..................................................   Passed    0.00 sec
        Start  41: RefereeStateComponentTest.DefaultConstruction
 41/537 Test  #41: RefereeStateComponentTest.DefaultConstruction ............................................   Passed    0.00 sec
        Start  42: RefereeStateComponentTest.EcsIntegration
 42/537 Test  #42: RefereeStateComponentTest.EcsIntegration .................................................   Passed    0.00 sec
        Start  43: RefereeStateComponentTest.FoulState
 43/537 Test  #43: RefereeStateComponentTest.FoulState ......................................................   Passed    0.00 sec
        Start  44: MatchStateComponentTest.DefaultConstruction
 44/537 Test  #44: MatchStateComponentTest.DefaultConstruction ..............................................   Passed    0.00 sec
        Start  45: MatchStateComponentTest.EcsIntegration
 45/537 Test  #45: MatchStateComponentTest.EcsIntegration ...................................................   Passed    0.00 sec
        Start  46: MatchStateComponentTest.GoalState
 46/537 Test  #46: MatchStateComponentTest.GoalState ........................................................   Passed    0.00 sec
        Start  47: SerializationTest.TeamStateRoundTrip
 47/537 Test  #47: SerializationTest.TeamStateRoundTrip .....................................................   Passed    0.00 sec
        Start  48: SerializationTest.RefereeStateRoundTrip
 48/537 Test  #48: SerializationTest.RefereeStateRoundTrip ..................................................   Passed    0.00 sec
        Start  49: SerializationTest.MatchStateRoundTrip
 49/537 Test  #49: SerializationTest.MatchStateRoundTrip ....................................................   Passed    0.00 sec
        Start  50: SerializationTest.AllComponentsRoundTrip
 50/537 Test  #50: SerializationTest.AllComponentsRoundTrip .................................................   Passed    0.00 sec
        Start  51: QueryContract.ConstEmptyWorldReturnsNull
 51/537 Test  #51: QueryContract.ConstEmptyWorldReturnsNull .................................................   Passed    0.00 sec
        Start  52: QueryContract.ThreeDistinctComponentsUseStableEntityOrder
 52/537 Test  #52: QueryContract.ThreeDistinctComponentsUseStableEntityOrder ................................   Passed    0.00 sec
        Start  53: QueryContract.ResultCanBeReusedAfterPoolDestructionAndRecreation
 53/537 Test  #53: QueryContract.ResultCanBeReusedAfterPoolDestructionAndRecreation .........................   Passed    0.00 sec
        Start  54: QueryContract.SnapshotQuerySkipsDeletedFutureMatchesAndIgnoresNewMatches
 54/537 Test  #54: QueryContract.SnapshotQuerySkipsDeletedFutureMatchesAndIgnoresNewMatches .................   Passed    0.00 sec
        Start  55: QueryContract.MutableWorldTraversalPreservesFirstPoolCandidateSnapshot
 55/537 Test  #55: QueryContract.MutableWorldTraversalPreservesFirstPoolCandidateSnapshot ...................   Passed    0.00 sec
        Start  56: QueryContract.SmallestPoolCanHaveAnyComponentPosition
 56/537 Test  #56: QueryContract.SmallestPoolCanHaveAnyComponentPosition ....................................   Passed    0.00 sec
        Start  57: QueryContract.MissingTypesDoNotAllocatePoolsDuringResultConstruction
 57/537 Test  #57: QueryContract.MissingTypesDoNotAllocatePoolsDuringResultConstruction .....................   Passed    0.00 sec
        Start  58: QueryContract.ThreeComponentTraversalSurvivesRemovalAndPoolGrowth
 58/537 Test  #58: QueryContract.ThreeComponentTraversalSurvivesRemovalAndPoolGrowth ........................   Passed    0.00 sec
        Start  59: FixedPointTest.DefaultConstruction
 59/537 Test  #59: FixedPointTest.DefaultConstruction .......................................................   Passed    0.00 sec
        Start  60: FixedPointTest.IntConstruction
 60/537 Test  #60: FixedPointTest.IntConstruction ...........................................................   Passed    0.00 sec
        Start  61: FixedPointTest.FloatConstruction
 61/537 Test  #61: FixedPointTest.FloatConstruction .........................................................   Passed    0.00 sec
        Start  62: FixedPointTest.FromRaw
 62/537 Test  #62: FixedPointTest.FromRaw ...................................................................   Passed    0.00 sec
        Start  63: FixedPointTest.Constants
 63/537 Test  #63: FixedPointTest.Constants .................................................................   Passed    0.00 sec
        Start  64: FixedPointTest.ToRaw
 64/537 Test  #64: FixedPointTest.ToRaw .....................................................................   Passed    0.00 sec
        Start  65: FixedPointTest.Addition
 65/537 Test  #65: FixedPointTest.Addition ..................................................................   Passed    0.00 sec
        Start  66: FixedPointTest.Subtraction
 66/537 Test  #66: FixedPointTest.Subtraction ...............................................................   Passed    0.00 sec
        Start  67: FixedPointTest.Multiplication
 67/537 Test  #67: FixedPointTest.Multiplication ............................................................   Passed    0.00 sec
        Start  68: FixedPointTest.Division
 68/537 Test  #68: FixedPointTest.Division ..................................................................   Passed    0.00 sec
        Start  69: FixedPointTest.CompoundAssignment
 69/537 Test  #69: FixedPointTest.CompoundAssignment ........................................................   Passed    0.00 sec
        Start  70: FixedPointTest.FractionalArithmetic
 70/537 Test  #70: FixedPointTest.FractionalArithmetic ......................................................   Passed    0.00 sec
        Start  71: FixedPointTest.DivisionPrecision
 71/537 Test  #71: FixedPointTest.DivisionPrecision .........................................................   Passed    0.00 sec
        Start  72: FixedPointTest.Comparison
 72/537 Test  #72: FixedPointTest.Comparison ................................................................   Passed    0.00 sec
        Start  73: FixedPointTest.Negation
 73/537 Test  #73: FixedPointTest.Negation ..................................................................   Passed    0.00 sec
        Start  74: FixedPointTest.Abs
 74/537 Test  #74: FixedPointTest.Abs .......................................................................   Passed    0.00 sec
        Start  75: FixedPointTest.SinZero
 75/537 Test  #75: FixedPointTest.SinZero ...................................................................   Passed    0.00 sec
        Start  76: FixedPointTest.SinHalfPi
 76/537 Test  #76: FixedPointTest.SinHalfPi .................................................................   Passed    0.00 sec
        Start  77: FixedPointTest.CosZero
 77/537 Test  #77: FixedPointTest.CosZero ...................................................................   Passed    0.00 sec
        Start  78: FixedPointTest.CosPi
 78/537 Test  #78: FixedPointTest.CosPi .....................................................................   Passed    0.00 sec
        Start  79: FixedPointTest.SinPiOver4
 79/537 Test  #79: FixedPointTest.SinPiOver4 ................................................................   Passed    0.00 sec
        Start  80: FixedPointTest.Sqrt4
 80/537 Test  #80: FixedPointTest.Sqrt4 .....................................................................   Passed    0.00 sec
        Start  81: FixedPointTest.Sqrt9
 81/537 Test  #81: FixedPointTest.Sqrt9 .....................................................................   Passed    0.00 sec
        Start  82: FixedPointTest.Sqrt2
 82/537 Test  #82: FixedPointTest.Sqrt2 .....................................................................   Passed    0.00 sec
        Start  83: FixedPointTest.SqrtZero
 83/537 Test  #83: FixedPointTest.SqrtZero ..................................................................   Passed    0.00 sec
        Start  84: FixedPointTest.SqrtNegative
 84/537 Test  #84: FixedPointTest.SqrtNegative ..............................................................   Passed    0.00 sec
        Start  85: FixedPointTest.AdditionDeterminism
 85/537 Test  #85: FixedPointTest.AdditionDeterminism .......................................................   Passed    0.00 sec
        Start  86: FixedPointTest.MultiplicationDeterminism
 86/537 Test  #86: FixedPointTest.MultiplicationDeterminism .................................................   Passed    0.00 sec
        Start  87: FixedPointTest.DivisionDeterminism
 87/537 Test  #87: FixedPointTest.DivisionDeterminism .......................................................   Passed    0.00 sec
        Start  88: FixedPointTest.SinDeterminism
 88/537 Test  #88: FixedPointTest.SinDeterminism ............................................................   Passed    0.00 sec
        Start  89: FixedPointTest.IntegerFraction
 89/537 Test  #89: FixedPointTest.IntegerFraction ...........................................................   Passed    0.00 sec
        Start  90: FixedPointDeterminism.AdditionBitExact
 90/537 Test  #90: FixedPointDeterminism.AdditionBitExact ...................................................   Passed    0.00 sec
        Start  91: FixedPointDeterminism.MultiplicationBitExact
 91/537 Test  #91: FixedPointDeterminism.MultiplicationBitExact .............................................   Passed    0.00 sec
        Start  92: FixedPointDeterminism.DivisionBitExact
 92/537 Test  #92: FixedPointDeterminism.DivisionBitExact ...................................................   Passed    0.00 sec
        Start  93: FixedPointDeterminism.TrigBitExact
 93/537 Test  #93: FixedPointDeterminism.TrigBitExact .......................................................   Passed    0.00 sec
        Start  94: FixedPointDeterminism.SqrtBitExact
 94/537 Test  #94: FixedPointDeterminism.SqrtBitExact .......................................................   Passed    0.00 sec
        Start  95: FixedPointDeterminism.Atan2BitExact
 95/537 Test  #95: FixedPointDeterminism.Atan2BitExact ......................................................   Passed    0.00 sec
        Start  96: FixedPointDeterminism.PythagoreanIdentity
 96/537 Test  #96: FixedPointDeterminism.PythagoreanIdentity ................................................   Passed    0.00 sec
        Start  97: FixedPointDeterminism.SinCosPeriodicity
 97/537 Test  #97: FixedPointDeterminism.SinCosPeriodicity ..................................................   Passed    0.00 sec
        Start  98: FixedPointDeterminism.SinOddFunction
 98/537 Test  #98: FixedPointDeterminism.SinOddFunction .....................................................   Passed    0.00 sec
        Start  99: FixedPointDeterminism.CosEvenFunction
 99/537 Test  #99: FixedPointDeterminism.CosEvenFunction ....................................................   Passed    0.00 sec
        Start 100: FixedPointDeterminism.SqrtMultiplicative
100/537 Test #100: FixedPointDeterminism.SqrtMultiplicative .................................................   Passed    0.00 sec
        Start 101: FixedPointDeterminism.ConstexprConstruction
101/537 Test #101: FixedPointDeterminism.ConstexprConstruction ..............................................   Passed    0.00 sec
        Start 102: FixedPointDeterminism.ConstexprTrig
102/537 Test #102: FixedPointDeterminism.ConstexprTrig ......................................................   Passed    0.00 sec
        Start 103: ClientStateTest.SaveAndRetrieve
103/537 Test #103: ClientStateTest.SaveAndRetrieve ..........................................................   Passed    0.00 sec
        Start 104: ClientStateTest.MultipleSnapshots
104/537 Test #104: ClientStateTest.MultipleSnapshots ........................................................   Passed    0.00 sec
        Start 105: ClientStateTest.GetSnapshotNotFound
105/537 Test #105: ClientStateTest.GetSnapshotNotFound ......................................................   Passed    0.00 sec
        Start 106: ClientStateTest.Eviction
106/537 Test #106: ClientStateTest.Eviction .................................................................   Passed    0.00 sec
        Start 107: ClientStateTest.RollbackRestoresState
107/537 Test #107: ClientStateTest.RollbackRestoresState ....................................................   Passed    0.00 sec
        Start 108: ClientStateTest.RollbackNotFound
108/537 Test #108: ClientStateTest.RollbackNotFound .........................................................   Passed    0.00 sec
        Start 109: ClientStateTest.RestoreSnapshotWithoutStep
109/537 Test #109: ClientStateTest.RestoreSnapshotWithoutStep ...............................................   Passed    0.00 sec
        Start 110: ClientStateTest.StateHashMatch
110/537 Test #110: ClientStateTest.StateHashMatch ...........................................................   Passed    0.00 sec
        Start 111: ClientStateTest.StateHashMismatch
111/537 Test #111: ClientStateTest.StateHashMismatch ........................................................   Passed    0.00 sec
        Start 112: ClientStateTest.StateHashUnknown
112/537 Test #112: ClientStateTest.StateHashUnknown .........................................................   Passed    0.00 sec
        Start 113: ClientStateTest.FullPredictionRollbackCycle
113/537 Test #113: ClientStateTest.FullPredictionRollbackCycle ..............................................   Passed    0.00 sec
        Start 114: ClientStateTest.ClearResetsEverything
114/537 Test #114: ClientStateTest.ClearResetsEverything ....................................................   Passed    0.00 sec
        Start 115: ClientStateTest.CatchupWhenBehind
115/537 Test #115: ClientStateTest.CatchupWhenBehind ........................................................   Passed    0.00 sec
        Start 116: ClientStateTest.CatchupCappedAtMax
116/537 Test #116: ClientStateTest.CatchupCappedAtMax .......................................................   Passed    0.00 sec
        Start 117: ClientStateTest.NoCatchupWhenSynced
117/537 Test #117: ClientStateTest.NoCatchupWhenSynced ......................................................   Passed    0.00 sec
        Start 118: ClientStateTest.WaitWhenAhead
118/537 Test #118: ClientStateTest.WaitWhenAhead ............................................................   Passed    0.00 sec
        Start 119: ClientStateTest.FramesBehindCalculation
119/537 Test #119: ClientStateTest.FramesBehindCalculation ..................................................   Passed    0.00 sec
        Start 120: ClientStateTest.JitterTracking
120/537 Test #120: ClientStateTest.JitterTracking ...........................................................   Passed    0.00 sec
        Start 121: ClientStateTest.JitterHigh
121/537 Test #121: ClientStateTest.JitterHigh ...............................................................   Passed    0.00 sec
        Start 122: ClientStateTest.JitterResetsOnClear
122/537 Test #122: ClientStateTest.JitterResetsOnClear ......................................................   Passed    0.00 sec
        Start 123: PlayerPhysicsTest.DefaultValues
123/537 Test #123: PlayerPhysicsTest.DefaultValues ..........................................................   Passed    0.00 sec
        Start 124: PlayerPhysicsTest.AddGetComponent
124/537 Test #124: PlayerPhysicsTest.AddGetComponent ........................................................   Passed    0.00 sec
        Start 125: PlayerPhysicsTest.OverwriteComponent
125/537 Test #125: PlayerPhysicsTest.OverwriteComponent .....................................................   Passed    0.00 sec
        Start 126: PlayerPhysicsTest.ForEachFiltersCorrectly
126/537 Test #126: PlayerPhysicsTest.ForEachFiltersCorrectly ................................................   Passed    0.00 sec
        Start 127: PlayerPhysicsTest.ForEachDeterministicOrder
127/537 Test #127: PlayerPhysicsTest.ForEachDeterministicOrder ..............................................   Passed    0.00 sec
        Start 128: PlayerPhysicsTest.MultipleComponentsOnSameEntity
128/537 Test #128: PlayerPhysicsTest.MultipleComponentsOnSameEntity .........................................   Passed    0.00 sec
        Start 129: PlayerPhysicsTest.ForEachTwoComponents
129/537 Test #129: PlayerPhysicsTest.ForEachTwoComponents ...................................................   Passed    0.00 sec
        Start 130: PlayerPhysicsTest.RemoveComponent
130/537 Test #130: PlayerPhysicsTest.RemoveComponent ........................................................   Passed    0.00 sec
        Start 131: PlayerPhysicsTest.DestroyEntityRemovesAll
131/537 Test #131: PlayerPhysicsTest.DestroyEntityRemovesAll ................................................   Passed    0.00 sec
        Start 132: PlayerPhysicsTest.ClearRemovesAll
132/537 Test #132: PlayerPhysicsTest.ClearRemovesAll ........................................................   Passed    0.00 sec
        Start 133: PlayerPhysicsTest.BidirectionalSyncPattern
133/537 Test #133: PlayerPhysicsTest.BidirectionalSyncPattern ...............................................   Passed    0.00 sec
        Start 134: TacticsComponentTest.DefaultValues
134/537 Test #134: TacticsComponentTest.DefaultValues .......................................................   Passed    0.00 sec
        Start 135: TacticsComponentTest.AddGetComponent
135/537 Test #135: TacticsComponentTest.AddGetComponent .....................................................   Passed    0.00 sec
        Start 136: TacticsComponentTest.RoundTripOopToEcsToOop
136/537 Test #136: TacticsComponentTest.RoundTripOopToEcsToOop ..............................................   Passed    0.00 sec
        Start 137: BallComponentTest.AddGetComponent
137/537 Test #137: BallComponentTest.AddGetComponent ........................................................   Passed    0.00 sec
        Start 138: BallComponentTest.RoundTripOopToEcsToOop
138/537 Test #138: BallComponentTest.RoundTripOopToEcsToOop .................................................   Passed    0.00 sec
        Start 139: BallComponentTest.OverwriteComponent
139/537 Test #139: BallComponentTest.OverwriteComponent .....................................................   Passed    0.00 sec
        Start 140: BallComponentTest.ForEachDeterministicOrder
140/537 Test #140: BallComponentTest.ForEachDeterministicOrder ..............................................   Passed    0.00 sec
        Start 141: WorldSerializerTest.SerializeEmptyWorld
141/537 Test #141: WorldSerializerTest.SerializeEmptyWorld ..................................................   Passed    0.00 sec
        Start 142: WorldSerializerTest.SerializeDeserializeRoundTrip
142/537 Test #142: WorldSerializerTest.SerializeDeserializeRoundTrip ........................................   Passed    0.00 sec
        Start 143: WorldSerializerTest.PreserveComponentData
143/537 Test #143: WorldSerializerTest.PreserveComponentData ................................................   Passed    0.00 sec
        Start 144: WorldSerializerTest.MultipleComponentTypes
144/537 Test #144: WorldSerializerTest.MultipleComponentTypes ...............................................   Passed    0.00 sec
        Start 145: WorldSerializerTest.DeterministicEntityOrder
145/537 Test #145: WorldSerializerTest.DeterministicEntityOrder .............................................   Passed    0.00 sec
        Start 146: SystemGraphTest.EmptyGraph
146/537 Test #146: SystemGraphTest.EmptyGraph ...............................................................   Passed    0.00 sec
        Start 147: SystemGraphTest.SingleSystem
147/537 Test #147: SystemGraphTest.SingleSystem .............................................................   Passed    0.00 sec
        Start 148: SystemGraphTest.LinearDependency
148/537 Test #148: SystemGraphTest.LinearDependency .........................................................   Passed    0.00 sec
        Start 149: SystemGraphTest.DiamondDependency
149/537 Test #149: SystemGraphTest.DiamondDependency ........................................................   Passed    0.00 sec
        Start 150: SystemGraphTest.CycleDetection
150/537 Test #150: SystemGraphTest.CycleDetection ...........................................................   Passed    0.00 sec
        Start 151: SystemGraphTest.EarlyAbort
151/537 Test #151: SystemGraphTest.EarlyAbort ...............................................................   Passed    0.00 sec
        Start 152: SystemGraphTest.ContextPassing
152/537 Test #152: SystemGraphTest.ContextPassing ...........................................................   Passed    0.00 sec
        Start 153: SystemGraphTest.ClearResetsState
153/537 Test #153: SystemGraphTest.ClearResetsState .........................................................   Passed    0.00 sec
        Start 154: SystemGraphTest.IndependentSystems
154/537 Test #154: SystemGraphTest.IndependentSystems .......................................................   Passed    0.00 sec
        Start 155: ECSBenchmarkTest.PositionUpdate
155/537 Test #155: ECSBenchmarkTest.PositionUpdate ..........................................................   Passed    0.02 sec
        Start 156: ECSBenchmarkTest.ConditionalQuery
156/537 Test #156: ECSBenchmarkTest.ConditionalQuery ........................................................   Passed    0.01 sec
        Start 157: ECSBenchmarkTest.DualComponentQuery
157/537 Test #157: ECSBenchmarkTest.DualComponentQuery ......................................................   Passed    0.01 sec
        Start 158: ECSBenchmarkTest.RandomAccess
158/537 Test #158: ECSBenchmarkTest.RandomAccess ............................................................   Passed    0.01 sec
        Start 159: ECSBenchmarkTest.DeterministicTraversalOrder
159/537 Test #159: ECSBenchmarkTest.DeterministicTraversalOrder .............................................   Passed    0.01 sec
        Start 160: ECSBenchmarkTest.MemoryLocality
160/537 Test #160: ECSBenchmarkTest.MemoryLocality ..........................................................   Passed    0.01 sec
        Start 161: EngineCallbacksTest.DefaultCallbacksAreEmpty
161/537 Test #161: EngineCallbacksTest.DefaultCallbacksAreEmpty .............................................   Passed    0.00 sec
        Start 162: EngineCallbacksTest.WiringToMockEngine
162/537 Test #162: EngineCallbacksTest.WiringToMockEngine ...................................................   Passed    0.00 sec
        Start 163: Fnv1aHashTest.Deterministic
163/537 Test #163: Fnv1aHashTest.Deterministic ..............................................................   Passed    0.00 sec
        Start 164: Fnv1aHashTest.DifferentInputsDifferentHashes
164/537 Test #164: Fnv1aHashTest.DifferentInputsDifferentHashes .............................................   Passed    0.00 sec
        Start 165: Fnv1aHashTest.EmptyString
165/537 Test #165: Fnv1aHashTest.EmptyString ................................................................   Passed    0.00 sec
        Start 166: MultiplayerConfigTest.DefaultValues
166/537 Test #166: MultiplayerConfigTest.DefaultValues ......................................................   Passed    0.00 sec
        Start 167: ClientStateEngineIntegrationTest.PredictAndRollback
167/537 Test #167: ClientStateEngineIntegrationTest.PredictAndRollback ......................................   Passed    0.00 sec
        Start 168: ClientStateEngineIntegrationTest.HashVerification
168/537 Test #168: ClientStateEngineIntegrationTest.HashVerification ........................................   Passed    0.00 sec
        Start 169: EndToEndTest.AuthoritativeFrameRoundTrip
169/537 Test #169: EndToEndTest.AuthoritativeFrameRoundTrip .................................................   Passed    0.00 sec
        Start 170: StateHashTest.PackUnpackRoundTrip
170/537 Test #170: StateHashTest.PackUnpackRoundTrip ........................................................   Passed    0.00 sec
        Start 171: MultiSlotTest.PackUnpackFrameInput
171/537 Test #171: MultiSlotTest.PackUnpackFrameInput .......................................................   Passed    0.00 sec
        Start 172: FullLoopTest.ClientServerSyncWithoutRollback
172/537 Test #172: FullLoopTest.ClientServerSyncWithoutRollback .............................................   Passed    0.00 sec
        Start 173: FullLoopTest.ClientServerSyncWithRollback
173/537 Test #173: FullLoopTest.ClientServerSyncWithRollback ................................................   Passed    0.00 sec
        Start 174: FullLoopTest.StateHashVerificationAcrossFrames
174/537 Test #174: FullLoopTest.StateHashVerificationAcrossFrames ...........................................   Passed    0.00 sec
        Start 175: FullLoopTest.MultiSlotClientServerSync
175/537 Test #175: FullLoopTest.MultiSlotClientServerSync ...................................................   Passed    0.00 sec
        Start 176: JitterStatsTest.InitialState
176/537 Test #176: JitterStatsTest.InitialState .............................................................   Passed    0.00 sec
        Start 177: JitterStatsTest.RecordArrival
177/537 Test #177: JitterStatsTest.RecordArrival ............................................................   Passed    0.00 sec
        Start 178: JitterStatsTest.LossRate
178/537 Test #178: JitterStatsTest.LossRate .................................................................   Passed    0.00 sec
        Start 179: JitterStatsTest.RTTTracking
179/537 Test #179: JitterStatsTest.RTTTracking ..............................................................   Passed    0.00 sec
        Start 180: JitterStatsTest.RecommendedBufferSize
180/537 Test #180: JitterStatsTest.RecommendedBufferSize ....................................................   Passed    0.00 sec
        Start 181: DeltaSlotInputTest.NoChange
181/537 Test #181: DeltaSlotInputTest.NoChange ..............................................................   Passed    0.00 sec
        Start 182: DeltaSlotInputTest.AllFieldsChanged
182/537 Test #182: DeltaSlotInputTest.AllFieldsChanged ......................................................   Passed    0.00 sec
        Start 183: DeltaSlotInputTest.PartialChange
183/537 Test #183: DeltaSlotInputTest.PartialChange .........................................................   Passed    0.00 sec
        Start 184: DeltaSlotInputTest.CompressionRatio
184/537 Test #184: DeltaSlotInputTest.CompressionRatio ......................................................   Passed    0.00 sec
        Start 185: DeltaEncoderTest.EncodeDecode
185/537 Test #185: DeltaEncoderTest.EncodeDecode ............................................................   Passed    0.00 sec
        Start 186: DeltaEncoderTest.MultiFrameCompression
186/537 Test #186: DeltaEncoderTest.MultiFrameCompression ...................................................   Passed    0.00 sec
        Start 187: PerformanceBenchmark.AuthoritativeFrameEncodeDecode
187/537 Test #187: PerformanceBenchmark.AuthoritativeFrameEncodeDecode ......................................   Passed    0.00 sec
        Start 188: PerformanceBenchmark.ClientFrameInputEncodeDecode
188/537 Test #188: PerformanceBenchmark.ClientFrameInputEncodeDecode ........................................   Passed    0.00 sec
        Start 189: PerformanceBenchmark.DeltaCompressionThroughput
189/537 Test #189: PerformanceBenchmark.DeltaCompressionThroughput ..........................................   Passed    0.05 sec
        Start 190: PerformanceBenchmark.ClientStateSnapshotThroughput
190/537 Test #190: PerformanceBenchmark.ClientStateSnapshotThroughput .......................................   Passed    0.03 sec
        Start 191: PerformanceBenchmark.ClientStateRollbackPerformance
191/537 Test #191: PerformanceBenchmark.ClientStateRollbackPerformance ......................................   Passed    0.01 sec
        Start 192: PerformanceBenchmark.Fnv1aHashThroughput
192/537 Test #192: PerformanceBenchmark.Fnv1aHashThroughput .................................................   Passed    0.88 sec
        Start 193: PerformanceBenchmark.JitterStatsUpdateThroughput
193/537 Test #193: PerformanceBenchmark.JitterStatsUpdateThroughput .........................................   Passed    0.08 sec
        Start 194: PerformanceBenchmark.SlotInputMemcpyThroughput
194/537 Test #194: PerformanceBenchmark.SlotInputMemcpyThroughput ...........................................   Passed    0.01 sec
        Start 195: PerformanceBenchmark.StateHashPackUnpackThroughput
195/537 Test #195: PerformanceBenchmark.StateHashPackUnpackThroughput .......................................   Passed    0.00 sec
        Start 196: UXOptimizerTest.InitialState
196/537 Test #196: UXOptimizerTest.InitialState .............................................................   Passed    0.00 sec
        Start 197: UXOptimizerTest.RecordInputLatency
197/537 Test #197: UXOptimizerTest.RecordInputLatency .......................................................   Passed    0.00 sec
        Start 198: UXOptimizerTest.RecordFrameTime
198/537 Test #198: UXOptimizerTest.RecordFrameTime ..........................................................   Passed    0.00 sec
        Start 199: UXOptimizerTest.NetworkQuality
199/537 Test #199: UXOptimizerTest.NetworkQuality ...........................................................   Passed    0.00 sec
        Start 200: UXOptimizerTest.PredictionAccuracy
200/537 Test #200: UXOptimizerTest.PredictionAccuracy .......................................................   Passed    0.00 sec
        Start 201: UXOptimizerTest.RollbackCount
201/537 Test #201: UXOptimizerTest.RollbackCount ............................................................   Passed    0.00 sec
        Start 202: UXOptimizerTest.Reset
202/537 Test #202: UXOptimizerTest.Reset ....................................................................   Passed    0.00 sec
        Start 203: UXOptimizerTest.QualityRecommendation
203/537 Test #203: UXOptimizerTest.QualityRecommendation ....................................................   Passed    0.00 sec
        Start 204: InputLatencyTrackerTest.BasicTracking
204/537 Test #204: InputLatencyTrackerTest.BasicTracking ....................................................   Passed    0.00 sec
        Start 205: InputLatencyTrackerTest.P95Latency
205/537 Test #205: InputLatencyTrackerTest.P95Latency .......................................................   Passed    0.00 sec
        Start 206: InputLatencyTrackerTest.Cleanup
206/537 Test #206: InputLatencyTrackerTest.Cleanup ..........................................................   Passed    0.00 sec
        Start 207: Vec3Test.DefaultConstruction
207/537 Test #207: Vec3Test.DefaultConstruction .............................................................   Passed    0.00 sec
        Start 208: Vec3Test.ParameterizedConstruction
208/537 Test #208: Vec3Test.ParameterizedConstruction .......................................................   Passed    0.00 sec
        Start 209: Vec3Test.Addition
209/537 Test #209: Vec3Test.Addition ........................................................................   Passed    0.00 sec
        Start 210: Vec3Test.Subtraction
210/537 Test #210: Vec3Test.Subtraction .....................................................................   Passed    0.00 sec
        Start 211: Vec3Test.ScalarMultiply
211/537 Test #211: Vec3Test.ScalarMultiply ..................................................................   Passed    0.00 sec
        Start 212: Vec3Test.Length
212/537 Test #212: Vec3Test.Length ..........................................................................   Passed    0.00 sec
        Start 213: Vec3Test.LengthSquared
213/537 Test #213: Vec3Test.LengthSquared ...................................................................   Passed    0.00 sec
        Start 214: Vec3Test.Normalized
214/537 Test #214: Vec3Test.Normalized ......................................................................   Passed    0.00 sec
        Start 215: Vec3Test.NormalizedZeroVector
215/537 Test #215: Vec3Test.NormalizedZeroVector ............................................................   Passed    0.00 sec
        Start 216: QuatTest.DefaultConstruction
216/537 Test #216: QuatTest.DefaultConstruction .............................................................   Passed    0.00 sec
        Start 217: QuatTest.ParameterizedConstruction
217/537 Test #217: QuatTest.ParameterizedConstruction .......................................................   Passed    0.00 sec
        Start 218: QuatTest.Normalized
218/537 Test #218: QuatTest.Normalized ......................................................................   Passed    0.00 sec
        Start 219: QuatTest.SlerpIdentity
219/537 Test #219: QuatTest.SlerpIdentity ...................................................................   Passed    0.00 sec
        Start 220: QuatTest.SlerpHalfway
220/537 Test #220: QuatTest.SlerpHalfway ....................................................................   Passed    0.00 sec
        Start 221: QuatTest.SlerpShortestPath
221/537 Test #221: QuatTest.SlerpShortestPath ...............................................................   Passed    0.00 sec
        Start 222: InterpolatorTest.InitialState
222/537 Test #222: InterpolatorTest.InitialState ............................................................   Passed    0.00 sec
        Start 223: InterpolatorTest.SaveState
223/537 Test #223: InterpolatorTest.SaveState ...............................................................   Passed    0.00 sec
        Start 224: InterpolatorTest.InterpolateSingleFrame
224/537 Test #224: InterpolatorTest.InterpolateSingleFrame ..................................................   Passed    0.00 sec
        Start 225: InterpolatorTest.InterpolateBetweenFrames
225/537 Test #225: InterpolatorTest.InterpolateBetweenFrames ................................................   Passed    0.00 sec
        Start 226: InterpolatorTest.InterpolateAtFrameBoundary
226/537 Test #226: InterpolatorTest.InterpolateAtFrameBoundary ..............................................   Passed    0.00 sec
        Start 227: InterpolatorTest.InterpolateBeforeFrame
227/537 Test #227: InterpolatorTest.InterpolateBeforeFrame ..................................................   Passed    0.00 sec
        Start 228: InterpolatorTest.MultipleEntities
228/537 Test #228: InterpolatorTest.MultipleEntities ........................................................   Passed    0.00 sec
        Start 229: InterpolatorTest.EntityNotFound
229/537 Test #229: InterpolatorTest.EntityNotFound ..........................................................   Passed    0.00 sec
        Start 230: ProtocolIOTest.PackUnpackSessionStart
230/537 Test #230: ProtocolIOTest.PackUnpackSessionStart ....................................................   Passed    0.00 sec
        Start 231: ProtocolIOTest.PackUnpackSlotAssignment
231/537 Test #231: ProtocolIOTest.PackUnpackSlotAssignment ..................................................   Passed    0.00 sec
        Start 232: ProtocolIOTest.PackUnpackAuthoritativeFrame
232/537 Test #232: ProtocolIOTest.PackUnpackAuthoritativeFrame ..............................................   Passed    0.00 sec
        Start 233: ProtocolIOTest.PackUnpackClientFrameInput
233/537 Test #233: ProtocolIOTest.PackUnpackClientFrameInput ................................................   Passed    0.00 sec
        Start 234: ProtocolIOTest.PackReady
234/537 Test #234: ProtocolIOTest.PackReady .................................................................   Passed    0.00 sec
        Start 235: ProtocolIOTest.PackUnpackStateHash
235/537 Test #235: ProtocolIOTest.PackUnpackStateHash .......................................................   Passed    0.00 sec
        Start 236: ProtocolIOTest.PackUnpackHeartbeat
236/537 Test #236: ProtocolIOTest.PackUnpackHeartbeat .......................................................   Passed    0.00 sec
        Start 237: ProtocolIOTest.PackUnpackVersionNegotiate
237/537 Test #237: ProtocolIOTest.PackUnpackVersionNegotiate ................................................   Passed    0.00 sec
        Start 238: DeltaSlotInputTest.ConstexprCompute
238/537 Test #238: DeltaSlotInputTest.ConstexprCompute ......................................................   Passed    0.00 sec
        Start 239: DeltaSlotInputTest.PackedSizeTable
239/537 Test #239: DeltaSlotInputTest.PackedSizeTable .......................................................   Passed    0.00 sec
        Start 240: DeltaSlotInputTest.BytesSaved
240/537 Test #240: DeltaSlotInputTest.BytesSaved ............................................................   Passed    0.00 sec
        Start 241: DeterministicPRNGTest.BasicGeneration
241/537 Test #241: DeterministicPRNGTest.BasicGeneration ....................................................   Passed    0.00 sec
        Start 242: DeterministicPRNGTest.Determinism
242/537 Test #242: DeterministicPRNGTest.Determinism ........................................................   Passed    0.00 sec
        Start 243: DeterministicPRNGTest.DifferentSeeds
243/537 Test #243: DeterministicPRNGTest.DifferentSeeds .....................................................   Passed    0.00 sec
        Start 244: DeterministicPRNGTest.Uint32Generation
244/537 Test #244: DeterministicPRNGTest.Uint32Generation ...................................................   Passed    0.00 sec
        Start 245: DeterministicPRNGTest.FloatRange
245/537 Test #245: DeterministicPRNGTest.FloatRange .........................................................   Passed    0.00 sec
        Start 246: DeterministicPRNGTest.DoubleRange
246/537 Test #246: DeterministicPRNGTest.DoubleRange ........................................................   Passed    0.00 sec
        Start 247: DeterministicPRNGTest.RangeInt
247/537 Test #247: DeterministicPRNGTest.RangeInt ...........................................................   Passed    0.00 sec
        Start 248: DeterministicPRNGTest.RangeSame
248/537 Test #248: DeterministicPRNGTest.RangeSame ..........................................................   Passed    0.00 sec
        Start 249: DeterministicPRNGTest.RangeFloat
249/537 Test #249: DeterministicPRNGTest.RangeFloat .........................................................   Passed    0.00 sec
        Start 250: DeterministicPRNGTest.Skip
250/537 Test #250: DeterministicPRNGTest.Skip ...............................................................   Passed    0.00 sec
        Start 251: DeterministicPRNGTest.StateSerialization
251/537 Test #251: DeterministicPRNGTest.StateSerialization .................................................   Passed    0.00 sec
        Start 252: DeterministicPRNGTest.Distribution
252/537 Test #252: DeterministicPRNGTest.Distribution .......................................................   Passed    0.00 sec
        Start 253: DeterministicPRNGTest.ZeroSeed
253/537 Test #253: DeterministicPRNGTest.ZeroSeed ...........................................................   Passed    0.00 sec
        Start 254: DeterministicPRNGTest.LargeSeed
254/537 Test #254: DeterministicPRNGTest.LargeSeed ..........................................................   Passed    0.00 sec
        Start 255: DeterministicPRNGTest.CrossPlatformDeterminism
255/537 Test #255: DeterministicPRNGTest.CrossPlatformDeterminism ...........................................   Passed    0.00 sec
        Start 256: PRNGRegression.FullIntegerRangeKeepsSequenceAndBounds
256/537 Test #256: PRNGRegression.FullIntegerRangeKeepsSequenceAndBounds ....................................   Passed    0.00 sec
        Start 257: InterpolatorTest.BasicInterpolation
257/537 Test #257: InterpolatorTest.BasicInterpolation ......................................................   Passed    0.00 sec
        Start 258: InterpolatorTest.BasicExtrapolation
258/537 Test #258: InterpolatorTest.BasicExtrapolation ......................................................   Passed    0.00 sec
        Start 259: InterpolatorTest.ExtrapolationBoundsMaxDistance
259/537 Test #259: InterpolatorTest.ExtrapolationBoundsMaxDistance ..........................................   Passed    0.00 sec
        Start 260: InterpolatorTest.ExtrapolationBoundsMaxSpeed
260/537 Test #260: InterpolatorTest.ExtrapolationBoundsMaxSpeed .............................................   Passed    0.00 sec
        Start 261: InterpolatorTest.ExtrapolationBoundsMaxTime
261/537 Test #261: InterpolatorTest.ExtrapolationBoundsMaxTime ..............................................   Passed    0.00 sec
        Start 262: InterpolatorTest.ExtrapolationNotNeeded
262/537 Test #262: InterpolatorTest.ExtrapolationNotNeeded ..................................................   Passed    0.00 sec
        Start 263: InterpolatorTest.NeedsExtrapolation
263/537 Test #263: InterpolatorTest.NeedsExtrapolation ......................................................   Passed    0.00 sec
        Start 264: InterpolatorTest.ExtrapolationZeroVelocity
264/537 Test #264: InterpolatorTest.ExtrapolationZeroVelocity ...............................................   Passed    0.00 sec
        Start 265: InterpolatorTest.ExtrapolationMultipleEntities
265/537 Test #265: InterpolatorTest.ExtrapolationMultipleEntities ...........................................   Passed    0.00 sec
        Start 266: InterpolatorTest.ExtrapolationSingleFrame
266/537 Test #266: InterpolatorTest.ExtrapolationSingleFrame ................................................   Passed    0.00 sec
        Start 267: InterpolatorTest.ExtrapolationTimestamp
267/537 Test #267: InterpolatorTest.ExtrapolationTimestamp ..................................................   Passed    0.00 sec
        Start 268: StateDeltaCodecTest.BasicRoundtrip
268/537 Test #268: StateDeltaCodecTest.BasicRoundtrip .......................................................   Passed    0.00 sec
        Start 269: StateDeltaCodecTest.IdenticalFrames
269/537 Test #269: StateDeltaCodecTest.IdenticalFrames ......................................................   Passed    0.00 sec
        Start 270: StateDeltaCodecTest.ManyChanges
270/537 Test #270: StateDeltaCodecTest.ManyChanges ..........................................................   Passed    0.00 sec
        Start 271: StateDeltaCodecTest.NoBaseline
271/537 Test #271: StateDeltaCodecTest.NoBaseline ...........................................................   Passed    0.00 sec
        Start 272: StateDeltaCodecTest.DecodeWithNewCodec
272/537 Test #272: StateDeltaCodecTest.DecodeWithNewCodec ...................................................   Passed    0.00 sec
        Start 273: StateDeltaCodecTest.MultipleFrames
273/537 Test #273: StateDeltaCodecTest.MultipleFrames .......................................................   Passed    0.00 sec
        Start 274: StateDeltaCodecTest.CompressionRatioSparse
274/537 Test #274: StateDeltaCodecTest.CompressionRatioSparse ...............................................   Passed    0.00 sec
        Start 275: StateDeltaCodecTest.CompressionRatioDense
275/537 Test #275: StateDeltaCodecTest.CompressionRatioDense ................................................   Passed    0.00 sec
        Start 276: StateDeltaCodecTest.Reset
276/537 Test #276: StateDeltaCodecTest.Reset ................................................................   Passed    0.00 sec
        Start 277: StateDeltaCodecTest.RawBytesInterface
277/537 Test #277: StateDeltaCodecTest.RawBytesInterface ....................................................   Passed    0.00 sec
        Start 278: StateDeltaCodecTest.EmptyState
278/537 Test #278: StateDeltaCodecTest.EmptyState ...........................................................   Passed    0.00 sec
        Start 279: StateDeltaCodecTest.RLECompression
279/537 Test #279: StateDeltaCodecTest.RLECompression .......................................................   Passed    0.00 sec
        Start 280: StateDeltaCodecTest.RLEMixedPattern
280/537 Test #280: StateDeltaCodecTest.RLEMixedPattern ......................................................   Passed    0.00 sec
        Start 281: StateDeltaCodecTest.SizeMismatch
281/537 Test #281: StateDeltaCodecTest.SizeMismatch .........................................................   Passed    0.00 sec
        Start 282: PredictionAccuracyTrackerTest.BasicTracking
282/537 Test #282: PredictionAccuracyTrackerTest.BasicTracking ..............................................   Passed    0.00 sec
        Start 283: PredictionAccuracyTrackerTest.NoPrediction
283/537 Test #283: PredictionAccuracyTrackerTest.NoPrediction ...............................................   Passed    0.00 sec
        Start 284: PredictionAccuracyTrackerTest.RecentAccuracy
284/537 Test #284: PredictionAccuracyTrackerTest.RecentAccuracy .............................................   Passed    0.00 sec
        Start 285: PredictionAccuracyTrackerTest.AccuracyTrend
285/537 Test #285: PredictionAccuracyTrackerTest.AccuracyTrend ..............................................   Passed    0.00 sec
        Start 286: PredictionAccuracyTrackerTest.DegradingTrend
286/537 Test #286: PredictionAccuracyTrackerTest.DegradingTrend .............................................   Passed    0.00 sec
        Start 287: PredictionAccuracyTrackerTest.PendingPredictions
287/537 Test #287: PredictionAccuracyTrackerTest.PendingPredictions .........................................   Passed    0.00 sec
        Start 288: PredictionAccuracyTrackerTest.RecentMismatches
288/537 Test #288: PredictionAccuracyTrackerTest.RecentMismatches ...........................................   Passed    0.00 sec
        Start 289: PredictionAccuracyTrackerTest.Cleanup
289/537 Test #289: PredictionAccuracyTrackerTest.Cleanup ....................................................   Passed    0.00 sec
        Start 290: PredictionAccuracyTrackerTest.Reset
290/537 Test #290: PredictionAccuracyTrackerTest.Reset ......................................................   Passed    0.00 sec
        Start 291: PredictionAccuracyTrackerTest.PerfectAccuracy
291/537 Test #291: PredictionAccuracyTrackerTest.PerfectAccuracy ............................................   Passed    0.00 sec
        Start 292: PredictionAccuracyTrackerTest.ZeroAccuracy
292/537 Test #292: PredictionAccuracyTrackerTest.ZeroAccuracy ...............................................   Passed    0.00 sec
        Start 293: AdaptivePredictionCapTest.DefaultValues
293/537 Test #293: AdaptivePredictionCapTest.DefaultValues ..................................................   Passed    0.00 sec
        Start 294: AdaptivePredictionCapTest.RTTScaling
294/537 Test #294: AdaptivePredictionCapTest.RTTScaling .....................................................   Passed    0.00 sec
        Start 295: AdaptivePredictionCapTest.PacketLossAdjustment
295/537 Test #295: AdaptivePredictionCapTest.PacketLossAdjustment ...........................................   Passed    0.00 sec
        Start 296: AdaptivePredictionCapTest.AccuracyAdjustment
296/537 Test #296: AdaptivePredictionCapTest.AccuracyAdjustment .............................................   Passed    0.00 sec
        Start 297: AdaptivePredictionCapTest.FrameStabilityAdjustment
297/537 Test #297: AdaptivePredictionCapTest.FrameStabilityAdjustment .......................................   Passed    0.00 sec
        Start 298: AdaptivePredictionCapTest.Clamping
298/537 Test #298: AdaptivePredictionCapTest.Clamping .......................................................   Passed    0.00 sec
        Start 299: AdaptivePredictionCapTest.CapSummary
299/537 Test #299: AdaptivePredictionCapTest.CapSummary .....................................................   Passed    0.00 sec
        Start 300: AdaptivePredictionCapTest.RecommendedBounds
300/537 Test #300: AdaptivePredictionCapTest.RecommendedBounds ..............................................   Passed    0.00 sec
        Start 301: AdaptivePredictionCapTest.Reset
301/537 Test #301: AdaptivePredictionCapTest.Reset ..........................................................   Passed    0.00 sec
        Start 302: AdaptivePredictionCapTest.CombinedConditions
302/537 Test #302: AdaptivePredictionCapTest.CombinedConditions .............................................   Passed    0.00 sec
        Start 303: ReplaySystemTest.BasicRecording
303/537 Test #303: ReplaySystemTest.BasicRecording ..........................................................   Passed    0.00 sec
        Start 304: ReplaySystemTest.SerializationRoundtrip
304/537 Test #304: ReplaySystemTest.SerializationRoundtrip ..................................................   Passed    0.00 sec
        Start 305: ReplaySystemTest.Playback
305/537 Test #305: ReplaySystemTest.Playback ................................................................   Passed    0.00 sec
        Start 306: ReplaySystemTest.Seeking
306/537 Test #306: ReplaySystemTest.Seeking .................................................................   Passed    0.00 sec
        Start 307: ReplaySystemTest.FrameAtIndex
307/537 Test #307: ReplaySystemTest.FrameAtIndex ............................................................   Passed    0.00 sec
        Start 308: ReplaySystemTest.PauseResume
308/537 Test #308: ReplaySystemTest.PauseResume .............................................................   Passed    0.00 sec
        Start 309: ReplaySystemTest.Reset
309/537 Test #309: ReplaySystemTest.Reset ...................................................................   Passed    0.00 sec
        Start 310: ReplaySystemTest.EmptyReplay
310/537 Test #310: ReplaySystemTest.EmptyReplay .............................................................   Passed    0.00 sec
        Start 311: ReplaySystemTest.Metadata
311/537 Test #311: ReplaySystemTest.Metadata ................................................................   Passed    0.00 sec
        Start 312: AdaptiveJitterBufferTest.DefaultValues
312/537 Test #312: AdaptiveJitterBufferTest.DefaultValues ...................................................   Passed    0.00 sec
        Start 313: AdaptiveJitterBufferTest.JitterScaling
313/537 Test #313: AdaptiveJitterBufferTest.JitterScaling ...................................................   Passed    0.00 sec
        Start 314: AdaptiveJitterBufferTest.RTTAdjustment
314/537 Test #314: AdaptiveJitterBufferTest.RTTAdjustment ...................................................   Passed    0.00 sec
        Start 315: AdaptiveJitterBufferTest.FrameArrival
315/537 Test #315: AdaptiveJitterBufferTest.FrameArrival ....................................................   Passed    0.00 sec
        Start 316: AdaptiveJitterBufferTest.GapDetection
316/537 Test #316: AdaptiveJitterBufferTest.GapDetection ....................................................   Passed    0.00 sec
        Start 317: AdaptiveJitterBufferTest.FrameDrop
317/537 Test #317: AdaptiveJitterBufferTest.FrameDrop .......................................................   Passed    0.00 sec
        Start 318: AdaptiveJitterBufferTest.BufferStatus
318/537 Test #318: AdaptiveJitterBufferTest.BufferStatus ....................................................   Passed    0.00 sec
        Start 319: AdaptiveJitterBufferTest.Reset
319/537 Test #319: AdaptiveJitterBufferTest.Reset ...........................................................   Passed    0.00 sec
        Start 320: AdaptiveJitterBufferTest.Smoothing
320/537 Test #320: AdaptiveJitterBufferTest.Smoothing .......................................................   Passed    0.00 sec
        Start 321: AdaptiveJitterBufferTest.Clamping
321/537 Test #321: AdaptiveJitterBufferTest.Clamping ........................................................   Passed    0.00 sec
        Start 322: InterpolationExtrapolationTest.InterpolationWorks
322/537 Test #322: InterpolationExtrapolationTest.InterpolationWorks ........................................   Passed    0.00 sec
        Start 323: InterpolationExtrapolationTest.ExtrapolationWorks
323/537 Test #323: InterpolationExtrapolationTest.ExtrapolationWorks ........................................   Passed    0.00 sec
        Start 324: InterpolationExtrapolationTest.MultipleEntities
324/537 Test #324: InterpolationExtrapolationTest.MultipleEntities ..........................................   Passed    0.00 sec
        Start 325: InterpolationExtrapolationTest.BoundsRespected
325/537 Test #325: InterpolationExtrapolationTest.BoundsRespected ...........................................   Passed    0.00 sec
        Start 326: DeterministicPRNGIntegration.CrossPlatformConsistency
326/537 Test #326: DeterministicPRNGIntegration.CrossPlatformConsistency ....................................   Passed    0.00 sec
        Start 327: DeterministicPRNGIntegration.DifferentSeedsDifferentOutput
327/537 Test #327: DeterministicPRNGIntegration.DifferentSeedsDifferentOutput ...............................   Passed    0.00 sec
        Start 328: DeterministicPRNGIntegration.DeterministicFromSeed
328/537 Test #328: DeterministicPRNGIntegration.DeterministicFromSeed .......................................   Passed    0.00 sec
        Start 329: StateDeltaCodecIntegration.MultiFrameRoundtrip
329/537 Test #329: StateDeltaCodecIntegration.MultiFrameRoundtrip ...........................................   Passed    0.00 sec
        Start 330: StateDeltaCodecIntegration.CompressionEfficiency
330/537 Test #330: StateDeltaCodecIntegration.CompressionEfficiency .........................................   Passed    0.00 sec
        Start 331: PredictionAccuracyIntegration.AccuracyTracking
331/537 Test #331: PredictionAccuracyIntegration.AccuracyTracking ...........................................   Passed    0.00 sec
        Start 332: PredictionAccuracyIntegration.TrendDetection
332/537 Test #332: PredictionAccuracyIntegration.TrendDetection .............................................   Passed    0.00 sec
        Start 333: AdaptivePredictionCapIntegration.RTTBasedScaling
333/537 Test #333: AdaptivePredictionCapIntegration.RTTBasedScaling .........................................   Passed    0.00 sec
        Start 334: AdaptivePredictionCapIntegration.PacketLossReducesPrediction
334/537 Test #334: AdaptivePredictionCapIntegration.PacketLossReducesPrediction .............................   Passed    0.00 sec
        Start 335: AdaptivePredictionCapIntegration.AccuracyReducesPrediction
335/537 Test #335: AdaptivePredictionCapIntegration.AccuracyReducesPrediction ...............................   Passed    0.00 sec
        Start 336: ReplaySystemIntegration.FullReplayCycle
336/537 Test #336: ReplaySystemIntegration.FullReplayCycle ..................................................   Passed    0.00 sec
        Start 337: ReplaySystemIntegration.SeekWorks
337/537 Test #337: ReplaySystemIntegration.SeekWorks ........................................................   Passed    0.00 sec
        Start 338: AdaptiveJitterBufferIntegration.JitterIncreasesBuffer
338/537 Test #338: AdaptiveJitterBufferIntegration.JitterIncreasesBuffer ....................................   Passed    0.00 sec
        Start 339: AdaptiveJitterBufferIntegration.RTTIncreasesBuffer
339/537 Test #339: AdaptiveJitterBufferIntegration.RTTIncreasesBuffer .......................................   Passed    0.00 sec
        Start 340: AdaptiveJitterBufferIntegration.FrameDropDecision
340/537 Test #340: AdaptiveJitterBufferIntegration.FrameDropDecision ........................................   Passed    0.00 sec
        Start 341: CombinedIntegration.FullPipeline
341/537 Test #341: CombinedIntegration.FullPipeline .........................................................   Passed    0.00 sec
        Start 342: LatencyCompensatorTest.BasicRTT
342/537 Test #342: LatencyCompensatorTest.BasicRTT ..........................................................   Passed    0.00 sec
        Start 343: LatencyCompensatorTest.MultipleSamples
343/537 Test #343: LatencyCompensatorTest.MultipleSamples ...................................................   Passed    0.00 sec
        Start 344: LatencyCompensatorTest.JitterCalculation
344/537 Test #344: LatencyCompensatorTest.JitterCalculation .................................................   Passed    0.00 sec
        Start 345: LatencyCompensatorTest.AdjustedOffset
345/537 Test #345: LatencyCompensatorTest.AdjustedOffset ....................................................   Passed    0.00 sec
        Start 346: LatencyCompensatorTest.MinMaxRTT
346/537 Test #346: LatencyCompensatorTest.MinMaxRTT .........................................................   Passed    0.00 sec
        Start 347: LatencyCompensatorTest.ActiveStatus
347/537 Test #347: LatencyCompensatorTest.ActiveStatus ......................................................   Passed    0.00 sec
        Start 348: LatencyCompensatorTest.Reset
348/537 Test #348: LatencyCompensatorTest.Reset .............................................................   Passed    0.00 sec
        Start 349: LatencyCompensatorTest.CompensationStatus
349/537 Test #349: LatencyCompensatorTest.CompensationStatus ................................................   Passed    0.00 sec
        Start 350: LatencyCompensatorTest.ServerTimestamp
350/537 Test #350: LatencyCompensatorTest.ServerTimestamp ...................................................   Passed    0.00 sec
        Start 351: LatencyCompensatorTest.NegativeRTT
351/537 Test #351: LatencyCompensatorTest.NegativeRTT .......................................................   Passed    0.00 sec
        Start 352: LatencyCompensatorTest.WeightedAverage
352/537 Test #352: LatencyCompensatorTest.WeightedAverage ...................................................   Passed    0.00 sec
        Start 353: StateSnapshotCodecTest.BasicRoundtrip
353/537 Test #353: StateSnapshotCodecTest.BasicRoundtrip ....................................................   Passed    0.00 sec
        Start 354: StateSnapshotCodecTest.ForcedFullSnapshot
354/537 Test #354: StateSnapshotCodecTest.ForcedFullSnapshot ................................................   Passed    0.00 sec
        Start 355: StateSnapshotCodecTest.DeltaCompression
355/537 Test #355: StateSnapshotCodecTest.DeltaCompression ..................................................   Passed    0.00 sec
        Start 356: StateSnapshotCodecTest.MultiFrame
356/537 Test #356: StateSnapshotCodecTest.MultiFrame ........................................................   Passed    0.00 sec
        Start 357: StateSnapshotCodecTest.CompressionEfficiency
357/537 Test #357: StateSnapshotCodecTest.CompressionEfficiency .............................................   Passed    0.00 sec
        Start 358: StateSnapshotCodecTest.Reset
358/537 Test #358: StateSnapshotCodecTest.Reset .............................................................   Passed    0.00 sec
        Start 359: StateSnapshotCodecTest.EmptyState
359/537 Test #359: StateSnapshotCodecTest.EmptyState ........................................................   Passed    0.00 sec
        Start 360: StateSnapshotCodecTest.RawBytesInterface
360/537 Test #360: StateSnapshotCodecTest.RawBytesInterface .................................................   Passed    0.00 sec
        Start 361: StateSnapshotCodecTest.UnknownMarker
361/537 Test #361: StateSnapshotCodecTest.UnknownMarker .....................................................   Passed    0.00 sec
        Start 362: StateSnapshotCodecTest.SizeMismatch
362/537 Test #362: StateSnapshotCodecTest.SizeMismatch ......................................................   Passed    0.00 sec
        Start 363: SpectatorTest.Construction
363/537 Test #363: SpectatorTest.Construction ...............................................................   Passed    0.00 sec
        Start 364: SpectatorTest.ReceivesFrames
364/537 Test #364: SpectatorTest.ReceivesFrames .............................................................   Passed    0.20 sec
        Start 365: SpectatorTest.NoInputSent
365/537 Test #365: SpectatorTest.NoInputSent ................................................................   Passed    0.41 sec
        Start 366: SpectatorTest.MultipleSpectators
366/537 Test #366: SpectatorTest.MultipleSpectators .........................................................   Passed    0.00 sec
        Start 367: SpectatorTest.FrameCallback
367/537 Test #367: SpectatorTest.FrameCallback ..............................................................   Passed    0.21 sec
        Start 368: SpectatorTest.StateHashCounted
368/537 Test #368: SpectatorTest.StateHashCounted ...........................................................   Passed    0.21 sec
        Start 369: ReplayIntegrationTest.RecordSerializeLoadRoundtrip
369/537 Test #369: ReplayIntegrationTest.RecordSerializeLoadRoundtrip .......................................   Passed    0.00 sec
        Start 370: ReplayIntegrationTest.PlaybackControls
370/537 Test #370: ReplayIntegrationTest.PlaybackControls ...................................................   Passed    0.00 sec
        Start 371: ReplayIntegrationTest.FileSaveLoad
371/537 Test #371: ReplayIntegrationTest.FileSaveLoad .......................................................   Passed    0.00 sec
        Start 372: ReplayIntegrationTest.EmptyReplay
372/537 Test #372: ReplayIntegrationTest.EmptyReplay ........................................................   Passed    0.00 sec
        Start 373: NetworkDiagnosticsTest.InitialState
373/537 Test #373: NetworkDiagnosticsTest.InitialState ......................................................   Passed    0.00 sec
        Start 374: NetworkDiagnosticsTest.ExcellentQuality
374/537 Test #374: NetworkDiagnosticsTest.ExcellentQuality ..................................................   Passed    0.00 sec
        Start 375: NetworkDiagnosticsTest.GoodQuality
375/537 Test #375: NetworkDiagnosticsTest.GoodQuality .......................................................   Passed    0.00 sec
        Start 376: NetworkDiagnosticsTest.FairQuality
376/537 Test #376: NetworkDiagnosticsTest.FairQuality .......................................................   Passed    0.00 sec
        Start 377: NetworkDiagnosticsTest.PoorQuality
377/537 Test #377: NetworkDiagnosticsTest.PoorQuality .......................................................   Passed    0.00 sec
        Start 378: NetworkDiagnosticsTest.CriticalQuality
378/537 Test #378: NetworkDiagnosticsTest.CriticalQuality ...................................................   Passed    0.00 sec
        Start 379: NetworkDiagnosticsTest.CriticalByPacketLoss
379/537 Test #379: NetworkDiagnosticsTest.CriticalByPacketLoss ..............................................   Passed    0.00 sec
        Start 380: NetworkDiagnosticsTest.SmoothedRTT
380/537 Test #380: NetworkDiagnosticsTest.SmoothedRTT .......................................................   Passed    0.00 sec
        Start 381: NetworkDiagnosticsTest.FormatOverlay
381/537 Test #381: NetworkDiagnosticsTest.FormatOverlay .....................................................   Passed    0.00 sec
        Start 382: NetworkDiagnosticsTest.QualityString
382/537 Test #382: NetworkDiagnosticsTest.QualityString .....................................................   Passed    0.00 sec
        Start 383: NetworkDiagnosticsTest.PacketLossEstimate
383/537 Test #383: NetworkDiagnosticsTest.PacketLossEstimate ................................................   Passed    0.00 sec
        Start 384: LobbyProtocolTest.PackUnpackUint32
384/537 Test #384: LobbyProtocolTest.PackUnpackUint32 .......................................................   Passed    0.00 sec
        Start 385: LobbyProtocolTest.PackUnpackUint16
385/537 Test #385: LobbyProtocolTest.PackUnpackUint16 .......................................................   Passed    0.00 sec
        Start 386: LobbyProtocolTest.PackUnpackString
386/537 Test #386: LobbyProtocolTest.PackUnpackString .......................................................   Passed    0.00 sec
        Start 387: LobbyProtocolTest.PackUnpackEmptyString
387/537 Test #387: LobbyProtocolTest.PackUnpackEmptyString ..................................................   Passed    0.00 sec
        Start 388: LobbyProtocolTest.PackUnpackRoomMetadata
388/537 Test #388: LobbyProtocolTest.PackUnpackRoomMetadata .................................................   Passed    0.00 sec
        Start 389: LobbyProtocolTest.PackUnpackRoomConfig
389/537 Test #389: LobbyProtocolTest.PackUnpackRoomConfig ...................................................   Passed    0.00 sec
        Start 390: LobbyProtocolTest.PackRoomMetadata_BufferTooSmall
390/537 Test #390: LobbyProtocolTest.PackRoomMetadata_BufferTooSmall ........................................   Passed    0.00 sec
        Start 391: LobbyProtocolTest.UnpackRoomMetadata_BufferTooSmall
391/537 Test #391: LobbyProtocolTest.UnpackRoomMetadata_BufferTooSmall ......................................   Passed    0.00 sec
        Start 392: LobbyProtocolTest.PackString_BufferTooSmall
392/537 Test #392: LobbyProtocolTest.PackString_BufferTooSmall ..............................................   Passed    0.00 sec
        Start 393: LobbyProtocolTest.RoomStatusValues
393/537 Test #393: LobbyProtocolTest.RoomStatusValues .......................................................   Passed    0.00 sec
        Start 394: LobbyProtocolTest.LobbyMessageTypeValues
394/537 Test #394: LobbyProtocolTest.LobbyMessageTypeValues .................................................   Passed    0.00 sec
        Start 395: LobbyProtocolTest.InvalidConfigRepresentationAndStringsPreserveOutput
395/537 Test #395: LobbyProtocolTest.InvalidConfigRepresentationAndStringsPreserveOutput ....................   Passed    0.00 sec
        Start 396: LobbyProtocolTest.InvalidMetadataFieldsPreserveOutput
396/537 Test #396: LobbyProtocolTest.InvalidMetadataFieldsPreserveOutput ....................................   Passed    0.00 sec
        Start 397: RoomManagerTest.CreateRoom
397/537 Test #397: RoomManagerTest.CreateRoom ...............................................................   Passed    0.00 sec
        Start 398: RoomManagerTest.JoinRoom
398/537 Test #398: RoomManagerTest.JoinRoom .................................................................   Passed    0.00 sec
        Start 399: RoomManagerTest.JoinRoom_Full
399/537 Test #399: RoomManagerTest.JoinRoom_Full ............................................................   Passed    0.00 sec
        Start 400: RoomManagerTest.JoinRoom_AlreadyIn
400/537 Test #400: RoomManagerTest.JoinRoom_AlreadyIn .......................................................   Passed    0.00 sec
        Start 401: RoomManagerTest.JoinRoom_NotFound
401/537 Test #401: RoomManagerTest.JoinRoom_NotFound ........................................................   Passed    0.00 sec
        Start 402: RoomManagerTest.LeaveRoom
402/537 Test #402: RoomManagerTest.LeaveRoom ................................................................   Passed    0.00 sec
        Start 403: RoomManagerTest.LeaveRoom_HostLeaves
403/537 Test #403: RoomManagerTest.LeaveRoom_HostLeaves .....................................................   Passed    0.00 sec
        Start 404: RoomManagerTest.LeaveRoom_LastPlayerLeaves
404/537 Test #404: RoomManagerTest.LeaveRoom_LastPlayerLeaves ...............................................   Passed    0.00 sec
        Start 405: RoomManagerTest.SetReady
405/537 Test #405: RoomManagerTest.SetReady .................................................................   Passed    0.00 sec
        Start 406: RoomManagerTest.StartGame_AllReady
406/537 Test #406: RoomManagerTest.StartGame_AllReady .......................................................   Passed    0.00 sec
        Start 407: RoomManagerTest.StartGame_NotHost
407/537 Test #407: RoomManagerTest.StartGame_NotHost ........................................................   Passed    0.00 sec
        Start 408: RoomManagerTest.StartGame_NotAllReady
408/537 Test #408: RoomManagerTest.StartGame_NotAllReady ....................................................   Passed    0.00 sec
        Start 409: RoomManagerTest.StartGame_NeedTwoPlayers
409/537 Test #409: RoomManagerTest.StartGame_NeedTwoPlayers .................................................   Passed    0.00 sec
        Start 410: RoomManagerTest.ListRooms
410/537 Test #410: RoomManagerTest.ListRooms ................................................................   Passed    0.00 sec
        Start 411: RoomManagerTest.FindRoomByPlayer
411/537 Test #411: RoomManagerTest.FindRoomByPlayer .........................................................   Passed    0.00 sec
        Start 412: RoomManagerTest.JoinStartedRoom
412/537 Test #412: RoomManagerTest.JoinStartedRoom ..........................................................   Passed    0.00 sec
        Start 413: RoomManagerTest.Cleanup
413/537 Test #413: RoomManagerTest.Cleanup ..................................................................   Passed    0.00 sec
        Start 414: RoomManagerRegression.ValidatesCapacityAndStartAddress
414/537 Test #414: RoomManagerRegression.ValidatesCapacityAndStartAddress ...................................   Passed    0.00 sec
        Start 415: LobbyE2ETest.CreateJoinChatAndStartProductionRoom
415/537 Test #415: LobbyE2ETest.CreateJoinChatAndStartProductionRoom ........................................   Passed    0.05 sec
        Start 416: LobbyE2ETest.RejectsDuplicateNamesAndForeignChat
416/537 Test #416: LobbyE2ETest.RejectsDuplicateNamesAndForeignChat .........................................   Passed    0.01 sec
        Start 417: LobbyE2ETest.FragmentedChatAndEofAtClient
417/537 Test #417: LobbyE2ETest.FragmentedChatAndEofAtClient ................................................   Passed    0.02 sec
        Start 418: MilestoneEcs.MutationHistoryDoesNotChangeIterationOrder
418/537 Test #418: MilestoneEcs.MutationHistoryDoesNotChangeIterationOrder ..................................   Passed    0.00 sec
        Start 419: MilestoneEcs.QueriesStayOrderedAfterDestruction
419/537 Test #419: MilestoneEcs.QueriesStayOrderedAfterDestruction ..........................................   Passed    0.00 sec
        Start 420: MilestoneEcs.SystemOrderIsStableAndDependenciesExecuteFirst
420/537 Test #420: MilestoneEcs.SystemOrderIsStableAndDependenciesExecuteFirst ..............................   Passed    0.00 sec
        Start 421: MilestoneEcs.MissingDependencyDoesNotRunPartialPipeline
421/537 Test #421: MilestoneEcs.MissingDependencyDoesNotRunPartialPipeline ..................................   Passed    0.00 sec
        Start 422: MilestoneCodec.EveryByteIncludingRleMarkerRoundtrips
422/537 Test #422: MilestoneCodec.EveryByteIncludingRleMarkerRoundtrips .....................................   Passed    0.00 sec
        Start 423: MilestoneCodec.RejectsMalformedRunsAndTrailingBytes
423/537 Test #423: MilestoneCodec.RejectsMalformedRunsAndTrailingBytes ......................................   Passed    0.00 sec
        Start 424: MilestoneCodec.ResizedSnapshotsAndStatsRoundtrip
424/537 Test #424: MilestoneCodec.ResizedSnapshotsAndStatsRoundtrip .........................................   Passed    0.00 sec
        Start 425: MilestoneCodec.RejectedSnapshotDoesNotChangeBaseline
425/537 Test #425: MilestoneCodec.RejectedSnapshotDoesNotChangeBaseline .....................................   Passed    0.00 sec
        Start 426: FrameSimulationTest.WholeFramePreservesIndependentInputsAndFrameZero
426/537 Test #426: FrameSimulationTest.WholeFramePreservesIndependentInputsAndFrameZero .....................   Passed    0.00 sec
        Start 427: FrameSimulationTest.AuthorityUnblocksPredictionAtCap
427/537 Test #427: FrameSimulationTest.AuthorityUnblocksPredictionAtCap .....................................   Passed    0.00 sec
        Start 428: FrameSimulationTest.SuccessiveCorrectionsRefreshLaterSnapshots
428/537 Test #428: FrameSimulationTest.SuccessiveCorrectionsRefreshLaterSnapshots ...........................   Passed    0.00 sec
        Start 429: FrameSimulationTest.OutOfOrderDuplicatesAndThousandFrameRun
429/537 Test #429: FrameSimulationTest.OutOfOrderDuplicatesAndThousandFrameRun ..............................   Passed    0.00 sec
        Start 430: FrameSimulationTest.HashMatchesPythonSha256LittleEndianPrefix
430/537 Test #430: FrameSimulationTest.HashMatchesPythonSha256LittleEndianPrefix ............................   Passed    0.00 sec
        Start 431: FrameSimulationTest.MissingAuthorityStopsEvenWithExpandedPredictionWindow
431/537 Test #431: FrameSimulationTest.MissingAuthorityStopsEvenWithExpandedPredictionWindow ................   Passed    0.00 sec
        Start 432: SnapshotBudgetTest.RejectsBadCountsAndBudgetsBeforeAllocation
432/537 Test #432: SnapshotBudgetTest.RejectsBadCountsAndBudgetsBeforeAllocation ............................   Passed    0.00 sec
        Start 433: SnapshotBudgetTest.RejectsCapacityAndFailedCallbacksWithoutChangingHistory
433/537 Test #433: SnapshotBudgetTest.RejectsCapacityAndFailedCallbacksWithoutChangingHistory ...............   Passed    0.00 sec
        Start 434: SnapshotBudgetTest.EnforcesBothCountAndBytesAndReleasesOnClear
434/537 Test #434: SnapshotBudgetTest.EnforcesBothCountAndBytesAndReleasesOnClear ...........................   Passed    0.00 sec
        Start 435: SnapshotBudgetTest.DuplicateReplacementKeepsItsIndexWhenOtherFramesAreEvicted
435/537 Test #435: SnapshotBudgetTest.DuplicateReplacementKeepsItsIndexWhenOtherFramesAreEvicted ............   Passed    0.00 sec
        Start 436: SnapshotBudgetTest.CopiesAreIndependentAndMovedFromHistoriesRemainUsable
436/537 Test #436: SnapshotBudgetTest.CopiesAreIndependentAndMovedFromHistoriesRemainUsable .................   Passed    0.00 sec
        Start 437: SnapshotBudgetTest.InvalidCorrectionCannotRestoreOrStep
437/537 Test #437: SnapshotBudgetTest.InvalidCorrectionCannotRestoreOrStep ..................................   Passed    0.00 sec
        Start 438: FrameMemoryBudgetTest.RejectsOversizedCapacityBeforeSteppingAndCanResume
438/537 Test #438: FrameMemoryBudgetTest.RejectsOversizedCapacityBeforeSteppingAndCanResume .................   Passed    0.00 sec
        Start 439: FrameMemoryBudgetTest.AggregateBudgetFillsThenAuthorityFreesPredictionSpace
439/537 Test #439: FrameMemoryBudgetTest.AggregateBudgetFillsThenAuthorityFreesPredictionSpace ..............   Passed    0.00 sec
        Start 440: FrameMemoryBudgetTest.RollbackGrowthRecoversTheCorrectedAuthorityAndDropsSpeculation
440/537 Test #440: FrameMemoryBudgetTest.RollbackGrowthRecoversTheCorrectedAuthorityAndDropsSpeculation .....   Passed    0.00 sec
        Start 441: FrameMemoryBudgetTest.FailedSaveDuringResimulationLeavesRetryableAuthority
441/537 Test #441: FrameMemoryBudgetTest.FailedSaveDuringResimulationLeavesRetryableAuthority ...............   Passed    0.00 sec
        Start 442: FrameMemoryBudgetTest.FailedPredictionDoesNotCommitAFrameOrHistoryNode
442/537 Test #442: FrameMemoryBudgetTest.FailedPredictionDoesNotCommitAFrameOrHistoryNode ...................   Passed    0.00 sec
        Start 443: FrameMemoryBudgetTest.AuthorityOwnsOnlyItsBoundedPayloadAndRecoversAfterDrain
443/537 Test #443: FrameMemoryBudgetTest.AuthorityOwnsOnlyItsBoundedPayloadAndRecoversAfterDrain ............   Passed    0.00 sec
        Start 444: ReplayMemoryBudgetTest.FrameCapPreservesSerializablePrefixAndRestartResetsMetadata
444/537 Test #444: ReplayMemoryBudgetTest.FrameCapPreservesSerializablePrefixAndRestartResetsMetadata .......   Passed    0.00 sec
        Start 445: ReplayMemoryBudgetTest.ByteCapRejectsWithoutLosingTheLastAcceptedFrame
445/537 Test #445: ReplayMemoryBudgetTest.ByteCapRejectsWithoutLosingTheLastAcceptedFrame ...................   Passed    0.00 sec
        Start 446: ReplayMemoryBudgetTest.LiveSerializationIsConsistentAndUsesExplicitLittleEndian
446/537 Test #446: ReplayMemoryBudgetTest.LiveSerializationIsConsistentAndUsesExplicitLittleEndian ..........   Passed    0.00 sec
        Start 447: ReplayMemoryBudgetTest.MalformedLoadsPreservePreviousPositionAndPlayback
447/537 Test #447: ReplayMemoryBudgetTest.MalformedLoadsPreservePreviousPositionAndPlayback .................   Passed    0.00 sec
        Start 448: ReplayMemoryBudgetTest.BadInputsStopRecordingWithoutAppending
448/537 Test #448: ReplayMemoryBudgetTest.BadInputsStopRecordingWithoutAppending ............................   Passed    0.00 sec
        Start 449: ReplayMemoryBudgetTest.CopiesMovesAndCapacityRecoveryPreserveIndependentData
449/537 Test #449: ReplayMemoryBudgetTest.CopiesMovesAndCapacityRecoveryPreserveIndependentData .............   Passed    0.00 sec
        Start 450: ReplayMemoryBudgetTest.FullDefaultBudgetSupportsAFullMatchAndThenStops
450/537 Test #450: ReplayMemoryBudgetTest.FullDefaultBudgetSupportsAFullMatchAndThenStops ...................   Passed    0.60 sec
        Start 451: ReceiveMemoryBudget.FillRejectPreservesBytesThenConsumeAndRecover
451/537 Test #451: ReceiveMemoryBudget.FillRejectPreservesBytesThenConsumeAndRecover ........................   Passed    0.00 sec
        Start 452: ReceiveMemoryBudget.BadLengthsAndExcessCallerCapacityAreRejected
452/537 Test #452: ReceiveMemoryBudget.BadLengthsAndExcessCallerCapacityAreRejected .........................   Passed    0.00 sec
        Start 453: ReplayFileTest.ChunksAreBoundedAndExactlyMatchExistingWireFormat
453/537 Test #453: ReplayFileTest.ChunksAreBoundedAndExactlyMatchExistingWireFormat .........................   Passed    0.00 sec
        Start 454: ReplayFileTest.ShortWritesAndInterruptedWritesPreserveEveryByte
454/537 Test #454: ReplayFileTest.ShortWritesAndInterruptedWritesPreserveEveryByte ..........................   Passed    0.02 sec
        Start 455: ReplayFileTest.EveryPreCommitIoFailurePreservesOldFileAndAllowsRetry
455/537 Test #455: ReplayFileTest.EveryPreCommitIoFailurePreservesOldFileAndAllowsRetry .....................   Passed    0.04 sec
        Start 456: ReplayFileTest.CommittedDirectorySyncFailureIsNotReportedAsOldData
456/537 Test #456: ReplayFileTest.CommittedDirectorySyncFailureIsNotReportedAsOldData .......................   Passed    0.01 sec
        Start 457: ReplayFileTest.CleanupFailureIsObservableAndDoesNotRemoveSomeoneElsesFile
457/537 Test #457: ReplayFileTest.CleanupFailureIsObservableAndDoesNotRemoveSomeoneElsesFile ................   Passed    0.00 sec
        Start 458: ReplayFileTest.ExceptionsReleaseTemporaryFileAndDescriptors
458/537 Test #458: ReplayFileTest.ExceptionsReleaseTemporaryFileAndDescriptors ..............................   Passed    0.02 sec
        Start 459: ReplayFileTest.InvalidPathsAndEmptyRecordingsDoNotCreateFiles
459/537 Test #459: ReplayFileTest.InvalidPathsAndEmptyRecordingsDoNotCreateFiles ............................   Passed    0.01 sec
        Start 460: ReplayFileTest.MaximumReplayReopensInAnotherProcessAndKeepsEveryFrame
460/537 Test #460: ReplayFileTest.MaximumReplayReopensInAnotherProcessAndKeepsEveryFrame ....................   Passed    0.41 sec
        Start 461: ReplayFileTest.RealFilesystemLimitRejectsWriteAndPreservesOldReplay
461/537 Test #461: ReplayFileTest.RealFilesystemLimitRejectsWriteAndPreservesOldReplay ......................   Passed    0.01 sec
        Start 462: DatagramTest.ConstructorValidatesBudgetBeforeUse
462/537 Test #462: DatagramTest.ConstructorValidatesBudgetBeforeUse .........................................   Passed    0.02 sec
        Start 463: DatagramTest.PacketCapRejectsBeforeSequenceAndRecoversAfterAck
463/537 Test #463: DatagramTest.PacketCapRejectsBeforeSequenceAndRecoversAfterAck ...........................   Passed    0.05 sec
        Start 464: DatagramTest.ByteCapIsIndependentOfPacketCountAndSurvivesRepeatedDrain
464/537 Test #464: DatagramTest.ByteCapIsIndependentOfPacketCountAndSurvivesRepeatedDrain ...................   Passed    0.47 sec
        Start 465: DatagramTest.InvalidLengthsNeverAllocateOrConsumeSequence
465/537 Test #465: DatagramTest.InvalidLengthsNeverAllocateOrConsumeSequence ................................   Passed    0.02 sec
        Start 466: DatagramTest.RetryExhaustionIsTerminalAndReleasesAllPackets
466/537 Test #466: DatagramTest.RetryExhaustionIsTerminalAndReleasesAllPackets ..............................   Passed    0.05 sec
        Start 467: DatagramTest.AckAfterRetransmitDoesNotDistortRttAndFreesCapacity
467/537 Test #467: DatagramTest.AckAfterRetransmitDoesNotDistortRttAndFreesCapacity .........................   Passed    0.04 sec
        Start 468: DatagramTest.SendAndRetransmitSocketFailuresReleasePendingStorage
468/537 Test #468: DatagramTest.SendAndRetransmitSocketFailuresReleasePendingStorage ........................   Passed    0.08 sec
        Start 469: DatagramTest.MalformedDataAndUnknownAcksDoNotChangePendingOrDeliver
469/537 Test #469: DatagramTest.MalformedDataAndUnknownAcksDoNotChangePendingOrDeliver ......................   Passed    0.04 sec
        Start 470: DatagramTest.RealReceiverAcknowledgesAndCallbackCanSendAndClose
470/537 Test #470: DatagramTest.RealReceiverAcknowledgesAndCallbackCanSendAndClose ..........................   Passed    0.04 sec
        Start 471: DatagramTest.AckSendFailureDoesNotDeliverAndClosePreservesSharedSocket
471/537 Test #471: DatagramTest.AckSendFailureDoesNotDeliverAndClosePreservesSharedSocket ...................   Passed    0.04 sec
        Start 472: DatagramTest.ConcurrentSendsCannotExceedBudget
472/537 Test #472: DatagramTest.ConcurrentSendsCannotExceedBudget ...........................................   Passed    0.08 sec
        Start 473: RTTBudget.ExtremeDurationsAndDeviationRemainBoundedInMilliseconds
473/537 Test #473: RTTBudget.ExtremeDurationsAndDeviationRemainBoundedInMilliseconds ........................   Passed    0.00 sec
        Start 474: BoundedTCP.ValidatesBudgetsAndInvalidMessagesBeforeCopy
474/537 Test #474: BoundedTCP.ValidatesBudgetsAndInvalidMessagesBeforeCopy ..................................   Passed    0.01 sec
        Start 475: BoundedTCP.CountLimitCopiesCallerBytesThenDrainsInOrderAndRecovers
475/537 Test #475: BoundedTCP.CountLimitCopiesCallerBytesThenDrainsInOrderAndRecovers .......................   Passed    0.02 sec
        Start 476: BoundedTCP.ByteLimitAppliesBeforeExecutorRunsAndAfterRepeatedDrain
476/537 Test #476: BoundedTCP.ByteLimitAppliesBeforeExecutorRunsAndAfterRepeatedDrain .......................   Passed    0.05 sec
        Start 477: BoundedTCP.CloseBeforeDispatchDropsQueuedDataWithoutSending
477/537 Test #477: BoundedTCP.CloseBeforeDispatchDropsQueuedDataWithoutSending ..............................   Passed    0.00 sec
        Start 478: BoundedTCP.CancelKeepsInFlightStorageUntilItsCallbackCompletes
478/537 Test #478: BoundedTCP.CancelKeepsInFlightStorageUntilItsCallbackCompletes ...........................   Passed    0.04 sec
        Start 479: BoundedTCP.SlowReaderCannotBlockAnotherConnectionAndHasWriteDeadline
479/537 Test #479: BoundedTCP.SlowReaderCannotBlockAnotherConnectionAndHasWriteDeadline .....................   Passed    0.22 sec
        Start 480: BoundedTCP.PeerResetReleasesAcceptedMessages
480/537 Test #480: BoundedTCP.PeerResetReleasesAcceptedMessages .............................................   Passed    0.00 sec
        Start 481: BoundedTCP.ReadIsBoundedAndCallbackCanSendWithoutReenteringMutex
481/537 Test #481: BoundedTCP.ReadIsBoundedAndCallbackCanSendWithoutReenteringMutex .........................   Passed    0.02 sec
        Start 482: BoundedTCP.DestructionCancelsWriteAndReleasesOwnedSocketAfterCompletion
482/537 Test #482: BoundedTCP.DestructionCancelsWriteAndReleasesOwnedSocketAfterCompletion ..................   Passed    0.03 sec
        Start 483: BoundedTCP.ConcurrentProducersCannotQueueUnboundedExecutorWork
483/537 Test #483: BoundedTCP.ConcurrentProducersCannotQueueUnboundedExecutorWork ...........................   Passed    0.01 sec
        Start 484: LobbyCapacity.ConstructorRejectsBadLimits
484/537 Test #484: LobbyCapacity.ConstructorRejectsBadLimits ................................................   Passed    0.02 sec
        Start 485: LobbyCapacity.RejectsExcessConnectionThenAcceptsAfterActualDisconnect
485/537 Test #485: LobbyCapacity.RejectsExcessConnectionThenAcceptsAfterActualDisconnect ....................   Passed    0.03 sec
        Start 486: LobbyCapacity.UnidentifiedReservationExpiresButNamedConnectionSurvives
486/537 Test #486: LobbyCapacity.UnidentifiedReservationExpiresButNamedConnectionSurvives ...................   Passed    0.21 sec
        Start 487: LobbyCapacity.OversizedLengthHeadersAreRejectedWithoutTheirPayloads
487/537 Test #487: LobbyCapacity.OversizedLengthHeadersAreRejectedWithoutTheirPayloads ......................   Passed    0.01 sec
        Start 488: LobbyCapacity.InvalidConfigBoolAndUnterminatedStringAreRejectedBeforeRoomCreation
488/537 Test #488: LobbyCapacity.InvalidConfigBoolAndUnterminatedStringAreRejectedBeforeRoomCreation ........   Passed    0.01 sec
        Start 489: LobbyCapacity.OutboundMessageCapDisconnectsFlooderAndHealthyPeerStillWorks
489/537 Test #489: LobbyCapacity.OutboundMessageCapDisconnectsFlooderAndHealthyPeerStillWorks ...............   Passed    0.02 sec
        Start 490: LobbyCapacity.OutboundByteCapIsIndependentOfMessageCapAndRecovers
490/537 Test #490: LobbyCapacity.OutboundByteCapIsIndependentOfMessageCapAndRecovers ........................   Passed    0.02 sec
        Start 491: LobbyCapacity.LargestChatWithFragmentationAndFollowingMessageRemainsValid
491/537 Test #491: LobbyCapacity.LargestChatWithFragmentationAndFollowingMessageRemainsValid ................   Passed    0.02 sec
        Start 492: LobbyCapacity.DestroyServerWithActiveReadsAndQueuedOutputDrainsCallbacks
492/537 Test #492: LobbyCapacity.DestroyServerWithActiveReadsAndQueuedOutputDrainsCallbacks .................   Passed    0.03 sec
        Start 493: LobbyCapacity.StoppedIoCanDestroyServerAndPendingHandlersWithoutResurrection
493/537 Test #493: LobbyCapacity.StoppedIoCanDestroyServerAndPendingHandlersWithoutResurrection .............   Passed    0.01 sec
        Start 494: LobbyClientCapacity.CountLimitIsReservedBeforeIoAndOverflowDisconnectsExplicitly
494/537 Test #494: LobbyClientCapacity.CountLimitIsReservedBeforeIoAndOverflowDisconnectsExplicitly .........   Passed    0.02 sec
        Start 495: LobbyClientCapacity.ByteLimitIsIndependentOfMessageCount
495/537 Test #495: LobbyClientCapacity.ByteLimitIsIndependentOfMessageCount .................................   Passed    0.02 sec
        Start 496: LobbyClientCapacity.FullQueueDrainsInOrderAndCanBeReusedOneHundredTimes
496/537 Test #496: LobbyClientCapacity.FullQueueDrainsInOrderAndCanBeReusedOneHundredTimes ..................   Passed    0.13 sec
        Start 497: LobbyClientCapacity.OversizedHeadersAndUnknownTypesFailBeforePayloadArrival
497/537 Test #497: LobbyClientCapacity.OversizedHeadersAndUnknownTypesFailBeforePayloadArrival ..............   Passed    0.11 sec
        Start 498: LobbyClientCapacity.MaximumRoomListFragmentedThenCoalescedMessageIsPreserved
498/537 Test #498: LobbyClientCapacity.MaximumRoomListFragmentedThenCoalescedMessageIsPreserved .............   Passed    0.02 sec
        Start 499: LobbyClientCapacity.ByteBoundedChatHistoryAccountsMixedStringCapacitiesAndRecovers
499/537 Test #499: LobbyClientCapacity.ByteBoundedChatHistoryAccountsMixedStringCapacitiesAndRecovers .......   Passed    0.70 sec
        Start 500: LobbyClientCapacity.ChatCountLimitRetainsLatestMessagesBelowByteLimit
500/537 Test #500: LobbyClientCapacity.ChatCountLimitRetainsLatestMessagesBelowByteLimit ....................   Passed    1.24 sec
        Start 501: LobbyClientCapacity.CallbackCanDisconnectReplaceItselfAndKeepPacketAlive
501/537 Test #501: LobbyClientCapacity.CallbackCanDisconnectReplaceItselfAndKeepPacketAlive .................   Passed    0.01 sec
        Start 502: LobbyClientCapacity.InvalidRoomMetadataDoesNotReplacePreviouslyValidList
502/537 Test #502: LobbyClientCapacity.InvalidRoomMetadataDoesNotReplacePreviouslyValidList .................   Passed    0.02 sec
        Start 503: LobbyClientCapacity.DestructionDiscardsNeverDispatchedReadsAndWritesSafely
503/537 Test #503: LobbyClientCapacity.DestructionDiscardsNeverDispatchedReadsAndWritesSafely ...............   Passed    0.02 sec
        Start 504: TCPFrameServer.InvalidSlotsAndMutatedBudgetsFailBeforeClientAllocation
504/537 Test #504: TCPFrameServer.InvalidSlotsAndMutatedBudgetsFailBeforeClientAllocation ...................   Passed    0.08 sec
        Start 505: TCPFrameServer.FullConnectionsRejectAndRecoverBeforeMatchStarts
505/537 Test #505: TCPFrameServer.FullConnectionsRejectAndRecoverBeforeMatchStarts ..........................   Passed    0.03 sec
        Start 506: TCPFrameServer.UnreadyConnectionsExpireAndReleaseReservation
506/537 Test #506: TCPFrameServer.UnreadyConnectionsExpireAndReleaseReservation .............................   Passed    0.14 sec
        Start 507: TCPFrameServer.InvalidHeadersAndForeignSlotDisconnectWithoutGrowingBuffer
507/537 Test #507: TCPFrameServer.InvalidHeadersAndForeignSlotDisconnectWithoutGrowingBuffer ................   Passed    0.08 sec
        Start 508: TCPFrameServer.FragmentedInputAndHeartbeatPreserveFrameAndSlotOrder
508/537 Test #508: TCPFrameServer.FragmentedInputAndHeartbeatPreserveFrameAndSlotOrder ......................   Passed    0.11 sec
        Start 509: TCPFrameServer.SlowReaderIsClosedWhileHealthyPeerReceivesConsecutiveFullFrames
509/537 Test #509: TCPFrameServer.SlowReaderIsClosedWhileHealthyPeerReceivesConsecutiveFullFrames ...........   Passed    0.46 sec
        Start 510: TCPFrameServer.StopWakesWaitingFrameLoopAndDrainsPendingSocketCallbacks
510/537 Test #510: TCPFrameServer.StopWakesWaitingFrameLoopAndDrainsPendingSocketCallbacks ..................   Passed    0.01 sec
        Start 511: TCPFrameServer.WrapperDestructionWithLiveIoKeepsCallbacksSafe
511/537 Test #511: TCPFrameServer.WrapperDestructionWithLiveIoKeepsCallbacksSafe ............................   Passed    0.01 sec
        Start 512: TCPClientCapacity.InvalidConfigurationIsRejectedBeforeConnecting
512/537 Test #512: TCPClientCapacity.InvalidConfigurationIsRejectedBeforeConnecting .........................   Passed    0.00 sec
        Start 513: TCPClientCapacity.PartialHandshakeHasAnAbsoluteDeadline
513/537 Test #513: TCPClientCapacity.PartialHandshakeHasAnAbsoluteDeadline ..................................   Passed    0.06 sec
        Start 514: TCPClientCapacity.InvalidSessionAndSlotHeadersFailEarly
514/537 Test #514: TCPClientCapacity.InvalidSessionAndSlotHeadersFailEarly ..................................   Passed    0.11 sec
        Start 515: TCPClientCapacity.AuthorityCapacityReleasesOnPopAndPreservesWholeFrames
515/537 Test #515: TCPClientCapacity.AuthorityCapacityReleasesOnPopAndPreservesWholeFrames ..................   Passed    0.07 sec
        Start 516: TCPClientCapacity.AuthorityAndHashOverflowStopAndReleasePayloads
516/537 Test #516: TCPClientCapacity.AuthorityAndHashOverflowStopAndReleasePayloads .........................   Passed    0.03 sec
        Start 517: TCPClientCapacity.MalformedInputsAndConflictingHashesAreTerminal
517/537 Test #517: TCPClientCapacity.MalformedInputsAndConflictingHashesAreTerminal .........................   Passed    0.09 sec
        Start 518: TCPClientCapacity.ControlsConsumeEntirePacketsAndLeaveAuthorityAligned
518/537 Test #518: TCPClientCapacity.ControlsConsumeEntirePacketsAndLeaveAuthorityAligned ...................   Passed    0.06 sec
        Start 519: TCPClientCapacity.OutgoingLimitIncludesUndispatchedPacketsAndCloseDrains
519/537 Test #519: TCPClientCapacity.OutgoingLimitIncludesUndispatchedPacketsAndCloseDrains .................   Passed    0.01 sec
        Start 520: TCPClientCapacity.IdlePeerTerminatesAndForeignSlotsCannotBeSent
520/537 Test #520: TCPClientCapacity.IdlePeerTerminatesAndForeignSlotsCannotBeSent ..........................   Passed    0.07 sec
        Start 521: TCPClientCapacity.ResumeRestoresOneBoundedSnapshotAndKeepsCoalescedFrames
521/537 Test #521: TCPClientCapacity.ResumeRestoresOneBoundedSnapshotAndKeepsCoalescedFrames ................   Passed    0.02 sec
        Start 522: TCPClientCapacity.MaximumAssignmentAndInputUseAllTwentyTwoSlots
522/537 Test #522: TCPClientCapacity.MaximumAssignmentAndInputUseAllTwentyTwoSlots ..........................   Passed    0.05 sec
        Start 523: TCPClientCapacity.OversizedSnapshotFailsAndASecondAttemptRetainsSessionIdentity
523/537 Test #523: TCPClientCapacity.OversizedSnapshotFailsAndASecondAttemptRetainsSessionIdentity ..........   Passed    0.10 sec
        Start 524: TCPClientCapacity.DestructionDiscardsPendingReadAndUndispatchedWrites
524/537 Test #524: TCPClientCapacity.DestructionDiscardsPendingReadAndUndispatchedWrites ....................   Passed    0.40 sec
        Start 525: TCPFrameClient.FrameZeroAndIndependentInputsUnblockPredictionAtItsCap
525/537 Test #525: TCPFrameClient.FrameZeroAndIndependentInputsUnblockPredictionAtItsCap ....................   Passed    0.03 sec
        Start 526: TCPFrameClient.HashMismatchStopsAllFurtherEngineSteps
526/537 Test #526: TCPFrameClient.HashMismatchStopsAllFurtherEngineSteps ....................................   Passed    0.02 sec
        Start 527: TCPFrameClient.ResumeUsesSnapshotFrameOriginWithoutReinitializingEngine
527/537 Test #527: TCPFrameClient.ResumeUsesSnapshotFrameOriginWithoutReinitializingEngine ..................   Passed    0.07 sec
        Start 528: ReconnectingClient.RetryConfigurationAndMissingCredentialFailBeforeIO
528/537 Test #528: ReconnectingClient.RetryConfigurationAndMissingCredentialFailBeforeIO ....................   Passed    0.00 sec
        Start 529: ReconnectingClient.ConnectionRefusalSaturatesDelayAndExhaustsFiniteRetryBudget
529/537 Test #529: ReconnectingClient.ConnectionRefusalSaturatesDelayAndExhaustsFiniteRetryBudget ...........   Passed    0.03 sec
        Start 530: ReconnectingClient.EOFTriggersAutomaticSnapshotResumeAndConfirmedHashProgress
530/537 Test #530: ReconnectingClient.EOFTriggersAutomaticSnapshotResumeAndConfirmedHashProgress ............   Passed    0.06 sec
        Start 531: ReconnectingClient.ProtocolAndHashFailuresDoNotRetryOrKeepStepping
531/537 Test #531: ReconnectingClient.ProtocolAndHashFailuresDoNotRetryOrKeepStepping .......................   Passed    0.03 sec
        Start 532: ReconnectingClient.CloseInsideDisconnectCallbackCancelsAutomaticRecovery
532/537 Test #532: ReconnectingClient.CloseInsideDisconnectCallbackCancelsAutomaticRecovery .................   Passed    0.02 sec
        Start 533: ReconnectingClient.CloseOrThrowInsideRetryCallbackCannotStartANewConnection
533/537 Test #533: ReconnectingClient.CloseOrThrowInsideRetryCallbackCannotStartANewConnection ..............   Passed    0.05 sec
        Start 534: ReconnectingClient.CloseDuringEnginePreparationCannotReportConnectionSuccess
534/537 Test #534: ReconnectingClient.CloseDuringEnginePreparationCannotReportConnectionSuccess .............   Passed    0.01 sec
        Start 535: ReconnectingClient.FailedInitialEnginePreparationIsTerminal
535/537 Test #535: ReconnectingClient.FailedInitialEnginePreparationIsTerminal ..............................   Passed    0.02 sec
        Start 536: ReconnectingClient.PartialResumeTimeoutRetriesTheSameSessionAndRestoresOnSecondAttempt
536/537 Test #536: ReconnectingClient.PartialResumeTimeoutRetriesTheSameSessionAndRestoresOnSecondAttempt ...   Passed    0.17 sec
        Start 537: ReconnectingClient.InvalidEngineSnapshotDoesNotSendReadyOrRetry
537/537 Test #537: ReconnectingClient.InvalidEngineSnapshotDoesNotSendReadyOrRetry ..........................   Passed    0.06 sec

100% tests passed out of 537

Total Test time (real) =  10.67 sec
Running: /root/.cache/football-quality-20260910/venv/bin/python3 -c 
import hashlib, json
from pathlib import Path
import gfootball_engine
import gfootball_engine._gameplayfootball as native
paths = dict(loader=Path(gfootball_engine.__file__),
             binding=Path(native.__file__),
             engine=Path(gfootball_engine.__file__).parent/'libfootball_engine.so')
print(json.dumps({key:dict(path=str(path),sha256=hashlib.sha256(path.read_bytes()).hexdigest())
                  for key,path in paths.items()}))

Running: /root/.cache/football-quality-20260910/venv/bin/python3 -m pytest gfootball/frame_sync -q --ignore=gfootball/frame_sync/legacy_network_test.py --junitxml=/root/work_space/football/.project/optimization/evidence/framework-pytest.xml
........................................................................ [  9%]
........................................................................ [ 18%]
........................................................... [ 26%]
............................................................................ [ 36%]
........................................................................ [ 46%]
...................................................................................................... [ 59%]
.................................................... [ 66%]
.................................................................................................... [ 79%]
............................................... [ 86%]
.................................................................. [ 94%]
........................................                                 [100%]
758 passed, 290 subtests passed in 175.60s (0:02:55)
Running: /root/.cache/football-quality-20260910/venv/bin/python3 engine/tests/run_headless_regression.py /tmp/football-optimization-native/bin/headless_match --frames 1000
{"passed": true, "assertions": 1298, "skipped": 0, "cpp_tests": 537, "python_tests": 758, "debug_compilation_units": 134, "native_determinism": [{"seed": 42, "frames": 1000, "slots": [2, 2], "independent_processes": 2, "snapshot_replay": true, "hash": "606593fad9c78ea9"}, {"seed": 43, "frames": 1000, "slots": [2, 2], "independent_processes": 2, "snapshot_replay": true, "hash": "a8c11d6b25d70198"}], "python_executable": "/root/.cache/football-quality-20260910/venv/bin/python3", "python_native_runtime": {"loader": {"path": "/root/.cache/football-quality-20260910/tmp/football-framework-python-8qbio6_t/gfootball_engine/__init__.py", "sha256": "f8d5a7b3993f8255259ffd2c0bccbfac837cbd14412c9f6f86cd3488809b41bc"}, "binding": {"path": "/root/.cache/football-quality-20260910/tmp/football-framework-python-8qbio6_t/gfootball_engine/_gameplayfootball.so", "sha256": "ee9dc0b33e5eb1fdca4cc6555cd87e10108270ffeb2a3ee0eb147624da320e1b"}, "engine": {"path": "/root/.cache/football-quality-20260910/tmp/football-framework-python-8qbio6_t/gfootball_engine/libfootball_engine.so", "sha256": "73add94adf2a35d0e7fc3bc01bef7bd9bd8c9427de7d4102b8eeeee9a75276f0"}}, "network_integration": "separate required milestone ms-23.1"}
