Running: cmake -S engine -B /tmp/football-optimization-native-debug-config -DCMAKE_BUILD_TYPE=Debug -DBUILD_PYTHON_BINDINGS=OFF -DFOOTBALL_RUNTIME_OUTPUT_DIRECTORY=/tmp/football-optimization-native-debug-config/bin
CMake Warning (policy) at CMakeLists.txt:173 (FIND_PACKAGE):
  Policy CMP0167 is not set: The FindBoost module is removed.  Run "cmake
  --help-policy CMP0167" for policy details.  Use the cmake_policy command to
  set the policy and suppress this warning.
This warning is for project developers.  Use -Wno-author or -Wno-policy to
suppress it.

-- Configuring done (0.4s)
-- Generating done (0.1s)
-- Build files have been written to: /tmp/football-optimization-native-debug-config
Running: cmake -S engine/tests -B /tmp/football-review-20260909-tests -DCMAKE_BUILD_TYPE=Debug -DENABLE_PCH=OFF
-- Using installed GoogleTest 1.18.0 at /usr/lib/cmake/GTest
-- Build type: Debug
-- Unity build: ON
-- PCH enabled: OFF
-- Build targets: 55
-- Configuring done (0.0s)
-- Generating done (0.1s)
-- Build files have been written to: /tmp/football-review-20260909-tests
Running: cmake --build /tmp/football-review-20260909-tests -j 1
[  2%] Built target frame_sync_test
[  4%] Built target ecs_test
[  5%] Built target ecs_query_contract_test
[  7%] Built target fixed_point_test
[  9%] Built target fixed_point_determinism_test
[ 11%] Built target client_state_test
[ 13%] Built target ecs_physics_sync_test
[ 15%] Built target ecs_benchmark_test
[ 17%] Built target engine_integration_test
[ 19%] Built target phase5_test
[ 21%] Built target performance_benchmark_test
[ 23%] Built target frame_sync_performance_test
[ 25%] Built target ux_optimizer_test
[ 27%] Built target frame_sync_coverage_test
[ 29%] Built target prng_test
[ 31%] Built target interpolator_test
[ 33%] Built target state_delta_codec_test
[ 35%] Built target prediction_accuracy_tracker_test
[ 37%] Built target adaptive_prediction_cap_test
[ 39%] Built target replay_system_test
[ 40%] Built target adaptive_jitter_buffer_test
[ 42%] Built target phase16_integration_test
[ 43%] Built target latency_compensator_test
[ 45%] Built target state_snapshot_codec_test
[ 47%] Built target spectator_test
[ 49%] Built target replay_integration_test
[ 50%] Built target network_diagnostics_test
[ 51%] Building CXX object CMakeFiles/lobby_protocol_test.dir/Unity/unity_0_cxx.cxx.o
[ 52%] Linking CXX executable lobby_protocol_test
[ 52%] Built target lobby_protocol_test
[ 53%] Building CXX object CMakeFiles/room_manager_test.dir/Unity/unity_0_cxx.cxx.o
[ 53%] Linking CXX executable room_manager_test
[ 53%] Built target room_manager_test
[ 54%] Building CXX object CMakeFiles/lobby_e2e_test.dir/Unity/unity_0_cxx.cxx.o
[ 55%] Linking CXX executable lobby_e2e_test
[ 55%] Built target lobby_e2e_test
[ 56%] Built target milestone_regression_test
[ 58%] Built target frame_simulation_test
[ 60%] Built target memory_budget_test
[ 62%] Built target replay_file_test
[ 64%] Built target replay_directory_test
[ 65%] Built target reliable_udp_budget_test
[ 67%] Built target bounded_tcp_writer_test
[ 68%] Building CXX object CMakeFiles/lobby_capacity_test.dir/Unity/unity_0_cxx.cxx.o
[ 69%] Linking CXX executable lobby_capacity_test
[ 69%] Built target lobby_capacity_test
[ 70%] Building CXX object CMakeFiles/lobby_client_capacity_test.dir/Unity/unity_0_cxx.cxx.o
[ 71%] Linking CXX executable lobby_client_capacity_test
[ 71%] Built target lobby_client_capacity_test
[ 73%] Built target tcp_frame_server_test
[ 75%] Built target tcp_client_capacity_test
[ 76%] Built target football_test_native_recovery
[ 77%] Built target native_udp_bootstrap_test
[ 79%] Built target native_udp_window_test
[ 81%] Built target native_udp_stream_test
[ 83%] Built target native_udp_listener_test
[ 85%] Built target native_udp_dialer_test
[ 87%] Built target native_udp_terminal_drain_test
[ 89%] Built target native_slot_groups_test
[ 91%] Built target native_slot_group_wire_test
[ 93%] Built target native_slot_group_server_test
[ 95%] Built target native_authority_recording_test
[ 97%] Built target native_input_rtt_test
[ 98%] Built target rl_observation_static_contract
[100%] Built target engine_rl_observation_contract
Running: ctest --test-dir /tmp/football-review-20260909-tests --output-on-failure --output-junit /root/work_space/football/.project/optimization/evidence/framework-ctest.xml
Test project /tmp/football-review-20260909-tests
        Start   1: SlotInputTest.DefaultConstruction
  1/776 Test   #1: SlotInputTest.DefaultConstruction ............................................................................   Passed    0.00 sec
        Start   2: SlotInputTest.Equality
  2/776 Test   #2: SlotInputTest.Equality .......................................................................................   Passed    0.00 sec
        Start   3: SlotInputTest.BinaryLayoutSize
  3/776 Test   #3: SlotInputTest.BinaryLayoutSize ...............................................................................   Passed    0.00 sec
        Start   4: SlotInputTest.MemcpyRoundTrip
  4/776 Test   #4: SlotInputTest.MemcpyRoundTrip ................................................................................   Passed    0.00 sec
        Start   5: MessageTypeTest.UniqueValues
  5/776 Test   #5: MessageTypeTest.UniqueValues .................................................................................   Passed    0.00 sec
        Start   6: ProtocolConstantsTest.HeartbeatPacketSize
  6/776 Test   #6: ProtocolConstantsTest.HeartbeatPacketSize ....................................................................   Passed    0.00 sec
        Start   7: ProtocolConstantsTest.TimeoutConstants
  7/776 Test   #7: ProtocolConstantsTest.TimeoutConstants .......................................................................   Passed    0.00 sec
        Start   8: AuthoritativeFrameTest.HeaderSize
  8/776 Test   #8: AuthoritativeFrameTest.HeaderSize ............................................................................   Passed    0.00 sec
        Start   9: ClientFrameInputTest.HeaderSize
  9/776 Test   #9: ClientFrameInputTest.HeaderSize ..............................................................................   Passed    0.00 sec
        Start  10: ClientFrameInputTest.SlotEntrySize
 10/776 Test  #10: ClientFrameInputTest.SlotEntrySize ...........................................................................   Passed    0.00 sec
        Start  11: SessionStartTest.ParamsSize
 11/776 Test  #11: SessionStartTest.ParamsSize ..................................................................................   Passed    0.00 sec
        Start  12: LayoutTest.SlotInputNoPadding
 12/776 Test  #12: LayoutTest.SlotInputNoPadding ................................................................................   Passed    0.00 sec
        Start  13: TypesTest.FrameIdIsUint32
 13/776 Test  #13: TypesTest.FrameIdIsUint32 ....................................................................................   Passed    0.00 sec
        Start  14: TypesTest.StateHashIsUint64
 14/776 Test  #14: TypesTest.StateHashIsUint64 ..................................................................................   Passed    0.00 sec
        Start  15: PredictionRollbackTest.PredictThenRollback
 15/776 Test  #15: PredictionRollbackTest.PredictThenRollback ...................................................................   Passed    0.00 sec
        Start  16: PredictionRollbackTest.PredictWithNoRollback
 16/776 Test  #16: PredictionRollbackTest.PredictWithNoRollback .................................................................   Passed    0.00 sec
        Start  17: PredictionRollbackTest.EvictionPreventsStaleRollback
 17/776 Test  #17: PredictionRollbackTest.EvictionPreventsStaleRollback .........................................................   Passed    0.00 sec
        Start  18: PredictionRollbackTest.StateHashVerification
 18/776 Test  #18: PredictionRollbackTest.StateHashVerification .................................................................   Passed    0.00 sec
        Start  19: EntityTest.NullEntityIsZero
 19/776 Test  #19: EntityTest.NullEntityIsZero ..................................................................................   Passed    0.00 sec
        Start  20: EntityTest.EntityTypeIsUint64
 20/776 Test  #20: EntityTest.EntityTypeIsUint64 ................................................................................   Passed    0.00 sec
        Start  21: WorldTest.CreateEntity
 21/776 Test  #21: WorldTest.CreateEntity .......................................................................................   Passed    0.00 sec
        Start  22: WorldTest.CreateMultipleEntities
 22/776 Test  #22: WorldTest.CreateMultipleEntities .............................................................................   Passed    0.00 sec
        Start  23: WorldTest.EntityIdsAreMonotonic
 23/776 Test  #23: WorldTest.EntityIdsAreMonotonic ..............................................................................   Passed    0.00 sec
        Start  24: WorldTest.AddAndGetComponent
 24/776 Test  #24: WorldTest.AddAndGetComponent .................................................................................   Passed    0.00 sec
        Start  25: WorldTest.GetComponentReturnsNullForMissing
 25/776 Test  #25: WorldTest.GetComponentReturnsNullForMissing ..................................................................   Passed    0.00 sec
        Start  26: WorldTest.HasComponent
 26/776 Test  #26: WorldTest.HasComponent .......................................................................................   Passed    0.00 sec
        Start  27: WorldTest.RemoveComponent
 27/776 Test  #27: WorldTest.RemoveComponent ....................................................................................   Passed    0.00 sec
        Start  28: WorldTest.OverwriteComponent
 28/776 Test  #28: WorldTest.OverwriteComponent .................................................................................   Passed    0.00 sec
        Start  29: WorldTest.MultipleComponentsOnSameEntity
 29/776 Test  #29: WorldTest.MultipleComponentsOnSameEntity .....................................................................   Passed    0.00 sec
        Start  30: WorldTest.ForEachSingleComponent
 30/776 Test  #30: WorldTest.ForEachSingleComponent .............................................................................   Passed    0.00 sec
        Start  31: WorldTest.ForEachTwoComponents
 31/776 Test  #31: WorldTest.ForEachTwoComponents ...............................................................................   Passed    0.00 sec
        Start  32: WorldTest.ForEachModifiesData
 32/776 Test  #32: WorldTest.ForEachModifiesData ................................................................................   Passed    0.00 sec
        Start  33: WorldTest.DestroyEntityRemovesAllComponents
 33/776 Test  #33: WorldTest.DestroyEntityRemovesAllComponents ..................................................................   Passed    0.00 sec
        Start  34: WorldTest.ClearRemovesAll
 34/776 Test  #34: WorldTest.ClearRemovesAll ....................................................................................   Passed    0.00 sec
        Start  35: WorldTest.ForEachDeterministicOrder
 35/776 Test  #35: WorldTest.ForEachDeterministicOrder ..........................................................................   Passed    0.00 sec
        Start  36: WorldTest.MoveConstruction
 36/776 Test  #36: WorldTest.MoveConstruction ...................................................................................   Passed    0.00 sec
        Start  37: TeamStateComponentTest.DefaultConstruction
 37/776 Test  #37: TeamStateComponentTest.DefaultConstruction ...................................................................   Passed    0.00 sec
        Start  38: TeamStateComponentTest.EcsIntegration
 38/776 Test  #38: TeamStateComponentTest.EcsIntegration ........................................................................   Passed    0.00 sec
        Start  39: TeamStateComponentTest.MultipleTeams
 39/776 Test  #39: TeamStateComponentTest.MultipleTeams .........................................................................   Passed    0.00 sec
        Start  40: TeamStateComponentTest.ForEachTeamState
 40/776 Test  #40: TeamStateComponentTest.ForEachTeamState ......................................................................   Passed    0.00 sec
        Start  41: RefereeStateComponentTest.DefaultConstruction
 41/776 Test  #41: RefereeStateComponentTest.DefaultConstruction ................................................................   Passed    0.00 sec
        Start  42: RefereeStateComponentTest.EcsIntegration
 42/776 Test  #42: RefereeStateComponentTest.EcsIntegration .....................................................................   Passed    0.00 sec
        Start  43: RefereeStateComponentTest.FoulState
 43/776 Test  #43: RefereeStateComponentTest.FoulState ..........................................................................   Passed    0.00 sec
        Start  44: MatchStateComponentTest.DefaultConstruction
 44/776 Test  #44: MatchStateComponentTest.DefaultConstruction ..................................................................   Passed    0.00 sec
        Start  45: MatchStateComponentTest.EcsIntegration
 45/776 Test  #45: MatchStateComponentTest.EcsIntegration .......................................................................   Passed    0.00 sec
        Start  46: MatchStateComponentTest.GoalState
 46/776 Test  #46: MatchStateComponentTest.GoalState ............................................................................   Passed    0.00 sec
        Start  47: SerializationTest.TeamStateRoundTrip
 47/776 Test  #47: SerializationTest.TeamStateRoundTrip .........................................................................   Passed    0.00 sec
        Start  48: SerializationTest.RefereeStateRoundTrip
 48/776 Test  #48: SerializationTest.RefereeStateRoundTrip ......................................................................   Passed    0.00 sec
        Start  49: SerializationTest.MatchStateRoundTrip
 49/776 Test  #49: SerializationTest.MatchStateRoundTrip ........................................................................   Passed    0.00 sec
        Start  50: SerializationTest.AllComponentsRoundTrip
 50/776 Test  #50: SerializationTest.AllComponentsRoundTrip .....................................................................   Passed    0.00 sec
        Start  51: QueryContract.ConstEmptyWorldReturnsNull
 51/776 Test  #51: QueryContract.ConstEmptyWorldReturnsNull .....................................................................   Passed    0.00 sec
        Start  52: QueryContract.ThreeDistinctComponentsUseStableEntityOrder
 52/776 Test  #52: QueryContract.ThreeDistinctComponentsUseStableEntityOrder ....................................................   Passed    0.00 sec
        Start  53: QueryContract.ResultCanBeReusedAfterPoolDestructionAndRecreation
 53/776 Test  #53: QueryContract.ResultCanBeReusedAfterPoolDestructionAndRecreation .............................................   Passed    0.00 sec
        Start  54: QueryContract.SnapshotQuerySkipsDeletedFutureMatchesAndIgnoresNewMatches
 54/776 Test  #54: QueryContract.SnapshotQuerySkipsDeletedFutureMatchesAndIgnoresNewMatches .....................................   Passed    0.00 sec
        Start  55: QueryContract.MutableWorldTraversalPreservesFirstPoolCandidateSnapshot
 55/776 Test  #55: QueryContract.MutableWorldTraversalPreservesFirstPoolCandidateSnapshot .......................................   Passed    0.00 sec
        Start  56: QueryContract.SmallestPoolCanHaveAnyComponentPosition
 56/776 Test  #56: QueryContract.SmallestPoolCanHaveAnyComponentPosition ........................................................   Passed    0.00 sec
        Start  57: QueryContract.MissingTypesDoNotAllocatePoolsDuringResultConstruction
 57/776 Test  #57: QueryContract.MissingTypesDoNotAllocatePoolsDuringResultConstruction .........................................   Passed    0.00 sec
        Start  58: QueryContract.ThreeComponentTraversalSurvivesRemovalAndPoolGrowth
 58/776 Test  #58: QueryContract.ThreeComponentTraversalSurvivesRemovalAndPoolGrowth ............................................   Passed    0.00 sec
        Start  59: FixedPointTest.DefaultConstruction
 59/776 Test  #59: FixedPointTest.DefaultConstruction ...........................................................................   Passed    0.00 sec
        Start  60: FixedPointTest.IntConstruction
 60/776 Test  #60: FixedPointTest.IntConstruction ...............................................................................   Passed    0.00 sec
        Start  61: FixedPointTest.FloatConstruction
 61/776 Test  #61: FixedPointTest.FloatConstruction .............................................................................   Passed    0.00 sec
        Start  62: FixedPointTest.FromRaw
 62/776 Test  #62: FixedPointTest.FromRaw .......................................................................................   Passed    0.00 sec
        Start  63: FixedPointTest.Constants
 63/776 Test  #63: FixedPointTest.Constants .....................................................................................   Passed    0.00 sec
        Start  64: FixedPointTest.ToRaw
 64/776 Test  #64: FixedPointTest.ToRaw .........................................................................................   Passed    0.00 sec
        Start  65: FixedPointTest.Addition
 65/776 Test  #65: FixedPointTest.Addition ......................................................................................   Passed    0.00 sec
        Start  66: FixedPointTest.Subtraction
 66/776 Test  #66: FixedPointTest.Subtraction ...................................................................................   Passed    0.00 sec
        Start  67: FixedPointTest.Multiplication
 67/776 Test  #67: FixedPointTest.Multiplication ................................................................................   Passed    0.00 sec
        Start  68: FixedPointTest.Division
 68/776 Test  #68: FixedPointTest.Division ......................................................................................   Passed    0.00 sec
        Start  69: FixedPointTest.CompoundAssignment
 69/776 Test  #69: FixedPointTest.CompoundAssignment ............................................................................   Passed    0.00 sec
        Start  70: FixedPointTest.FractionalArithmetic
 70/776 Test  #70: FixedPointTest.FractionalArithmetic ..........................................................................   Passed    0.00 sec
        Start  71: FixedPointTest.DivisionPrecision
 71/776 Test  #71: FixedPointTest.DivisionPrecision .............................................................................   Passed    0.00 sec
        Start  72: FixedPointTest.Comparison
 72/776 Test  #72: FixedPointTest.Comparison ....................................................................................   Passed    0.00 sec
        Start  73: FixedPointTest.Negation
 73/776 Test  #73: FixedPointTest.Negation ......................................................................................   Passed    0.00 sec
        Start  74: FixedPointTest.Abs
 74/776 Test  #74: FixedPointTest.Abs ...........................................................................................   Passed    0.00 sec
        Start  75: FixedPointTest.SinZero
 75/776 Test  #75: FixedPointTest.SinZero .......................................................................................   Passed    0.00 sec
        Start  76: FixedPointTest.SinHalfPi
 76/776 Test  #76: FixedPointTest.SinHalfPi .....................................................................................   Passed    0.00 sec
        Start  77: FixedPointTest.CosZero
 77/776 Test  #77: FixedPointTest.CosZero .......................................................................................   Passed    0.00 sec
        Start  78: FixedPointTest.CosPi
 78/776 Test  #78: FixedPointTest.CosPi .........................................................................................   Passed    0.00 sec
        Start  79: FixedPointTest.SinPiOver4
 79/776 Test  #79: FixedPointTest.SinPiOver4 ....................................................................................   Passed    0.00 sec
        Start  80: FixedPointTest.Sqrt4
 80/776 Test  #80: FixedPointTest.Sqrt4 .........................................................................................   Passed    0.00 sec
        Start  81: FixedPointTest.Sqrt9
 81/776 Test  #81: FixedPointTest.Sqrt9 .........................................................................................   Passed    0.00 sec
        Start  82: FixedPointTest.Sqrt2
 82/776 Test  #82: FixedPointTest.Sqrt2 .........................................................................................   Passed    0.00 sec
        Start  83: FixedPointTest.SqrtZero
 83/776 Test  #83: FixedPointTest.SqrtZero ......................................................................................   Passed    0.00 sec
        Start  84: FixedPointTest.SqrtNegative
 84/776 Test  #84: FixedPointTest.SqrtNegative ..................................................................................   Passed    0.00 sec
        Start  85: FixedPointTest.AdditionDeterminism
 85/776 Test  #85: FixedPointTest.AdditionDeterminism ...........................................................................   Passed    0.00 sec
        Start  86: FixedPointTest.MultiplicationDeterminism
 86/776 Test  #86: FixedPointTest.MultiplicationDeterminism .....................................................................   Passed    0.00 sec
        Start  87: FixedPointTest.DivisionDeterminism
 87/776 Test  #87: FixedPointTest.DivisionDeterminism ...........................................................................   Passed    0.00 sec
        Start  88: FixedPointTest.SinDeterminism
 88/776 Test  #88: FixedPointTest.SinDeterminism ................................................................................   Passed    0.00 sec
        Start  89: FixedPointTest.IntegerFraction
 89/776 Test  #89: FixedPointTest.IntegerFraction ...............................................................................   Passed    0.00 sec
        Start  90: FixedPointDeterminism.AdditionBitExact
 90/776 Test  #90: FixedPointDeterminism.AdditionBitExact .......................................................................   Passed    0.00 sec
        Start  91: FixedPointDeterminism.MultiplicationBitExact
 91/776 Test  #91: FixedPointDeterminism.MultiplicationBitExact .................................................................   Passed    0.00 sec
        Start  92: FixedPointDeterminism.DivisionBitExact
 92/776 Test  #92: FixedPointDeterminism.DivisionBitExact .......................................................................   Passed    0.00 sec
        Start  93: FixedPointDeterminism.TrigBitExact
 93/776 Test  #93: FixedPointDeterminism.TrigBitExact ...........................................................................   Passed    0.00 sec
        Start  94: FixedPointDeterminism.SqrtBitExact
 94/776 Test  #94: FixedPointDeterminism.SqrtBitExact ...........................................................................   Passed    0.00 sec
        Start  95: FixedPointDeterminism.Atan2BitExact
 95/776 Test  #95: FixedPointDeterminism.Atan2BitExact ..........................................................................   Passed    0.00 sec
        Start  96: FixedPointDeterminism.PythagoreanIdentity
 96/776 Test  #96: FixedPointDeterminism.PythagoreanIdentity ....................................................................   Passed    0.00 sec
        Start  97: FixedPointDeterminism.SinCosPeriodicity
 97/776 Test  #97: FixedPointDeterminism.SinCosPeriodicity ......................................................................   Passed    0.00 sec
        Start  98: FixedPointDeterminism.SinOddFunction
 98/776 Test  #98: FixedPointDeterminism.SinOddFunction .........................................................................   Passed    0.00 sec
        Start  99: FixedPointDeterminism.CosEvenFunction
 99/776 Test  #99: FixedPointDeterminism.CosEvenFunction ........................................................................   Passed    0.00 sec
        Start 100: FixedPointDeterminism.SqrtMultiplicative
100/776 Test #100: FixedPointDeterminism.SqrtMultiplicative .....................................................................   Passed    0.00 sec
        Start 101: FixedPointDeterminism.ConstexprConstruction
101/776 Test #101: FixedPointDeterminism.ConstexprConstruction ..................................................................   Passed    0.00 sec
        Start 102: FixedPointDeterminism.ConstexprTrig
102/776 Test #102: FixedPointDeterminism.ConstexprTrig ..........................................................................   Passed    0.00 sec
        Start 103: ClientStateTest.SaveAndRetrieve
103/776 Test #103: ClientStateTest.SaveAndRetrieve ..............................................................................   Passed    0.00 sec
        Start 104: ClientStateTest.MultipleSnapshots
104/776 Test #104: ClientStateTest.MultipleSnapshots ............................................................................   Passed    0.00 sec
        Start 105: ClientStateTest.GetSnapshotNotFound
105/776 Test #105: ClientStateTest.GetSnapshotNotFound ..........................................................................   Passed    0.00 sec
        Start 106: ClientStateTest.Eviction
106/776 Test #106: ClientStateTest.Eviction .....................................................................................   Passed    0.00 sec
        Start 107: ClientStateTest.RollbackRestoresState
107/776 Test #107: ClientStateTest.RollbackRestoresState ........................................................................   Passed    0.00 sec
        Start 108: ClientStateTest.RollbackNotFound
108/776 Test #108: ClientStateTest.RollbackNotFound .............................................................................   Passed    0.00 sec
        Start 109: ClientStateTest.RestoreSnapshotWithoutStep
109/776 Test #109: ClientStateTest.RestoreSnapshotWithoutStep ...................................................................   Passed    0.00 sec
        Start 110: ClientStateTest.StateHashMatch
110/776 Test #110: ClientStateTest.StateHashMatch ...............................................................................   Passed    0.00 sec
        Start 111: ClientStateTest.StateHashMismatch
111/776 Test #111: ClientStateTest.StateHashMismatch ............................................................................   Passed    0.00 sec
        Start 112: ClientStateTest.StateHashUnknown
112/776 Test #112: ClientStateTest.StateHashUnknown .............................................................................   Passed    0.00 sec
        Start 113: ClientStateTest.FullPredictionRollbackCycle
113/776 Test #113: ClientStateTest.FullPredictionRollbackCycle ..................................................................   Passed    0.00 sec
        Start 114: ClientStateTest.ClearResetsEverything
114/776 Test #114: ClientStateTest.ClearResetsEverything ........................................................................   Passed    0.00 sec
        Start 115: ClientStateTest.CatchupWhenBehind
115/776 Test #115: ClientStateTest.CatchupWhenBehind ............................................................................   Passed    0.00 sec
        Start 116: ClientStateTest.CatchupCappedAtMax
116/776 Test #116: ClientStateTest.CatchupCappedAtMax ...........................................................................   Passed    0.00 sec
        Start 117: ClientStateTest.NoCatchupWhenSynced
117/776 Test #117: ClientStateTest.NoCatchupWhenSynced ..........................................................................   Passed    0.00 sec
        Start 118: ClientStateTest.WaitWhenAhead
118/776 Test #118: ClientStateTest.WaitWhenAhead ................................................................................   Passed    0.00 sec
        Start 119: ClientStateTest.FramesBehindCalculation
119/776 Test #119: ClientStateTest.FramesBehindCalculation ......................................................................   Passed    0.00 sec
        Start 120: ClientStateTest.JitterTracking
120/776 Test #120: ClientStateTest.JitterTracking ...............................................................................   Passed    0.00 sec
        Start 121: ClientStateTest.JitterHigh
121/776 Test #121: ClientStateTest.JitterHigh ...................................................................................   Passed    0.00 sec
        Start 122: ClientStateTest.JitterResetsOnClear
122/776 Test #122: ClientStateTest.JitterResetsOnClear ..........................................................................   Passed    0.00 sec
        Start 123: PlayerPhysicsTest.DefaultValues
123/776 Test #123: PlayerPhysicsTest.DefaultValues ..............................................................................   Passed    0.00 sec
        Start 124: PlayerPhysicsTest.AddGetComponent
124/776 Test #124: PlayerPhysicsTest.AddGetComponent ............................................................................   Passed    0.00 sec
        Start 125: PlayerPhysicsTest.OverwriteComponent
125/776 Test #125: PlayerPhysicsTest.OverwriteComponent .........................................................................   Passed    0.00 sec
        Start 126: PlayerPhysicsTest.ForEachFiltersCorrectly
126/776 Test #126: PlayerPhysicsTest.ForEachFiltersCorrectly ....................................................................   Passed    0.00 sec
        Start 127: PlayerPhysicsTest.ForEachDeterministicOrder
127/776 Test #127: PlayerPhysicsTest.ForEachDeterministicOrder ..................................................................   Passed    0.00 sec
        Start 128: PlayerPhysicsTest.MultipleComponentsOnSameEntity
128/776 Test #128: PlayerPhysicsTest.MultipleComponentsOnSameEntity .............................................................   Passed    0.00 sec
        Start 129: PlayerPhysicsTest.ForEachTwoComponents
129/776 Test #129: PlayerPhysicsTest.ForEachTwoComponents .......................................................................   Passed    0.00 sec
        Start 130: PlayerPhysicsTest.RemoveComponent
130/776 Test #130: PlayerPhysicsTest.RemoveComponent ............................................................................   Passed    0.00 sec
        Start 131: PlayerPhysicsTest.DestroyEntityRemovesAll
131/776 Test #131: PlayerPhysicsTest.DestroyEntityRemovesAll ....................................................................   Passed    0.00 sec
        Start 132: PlayerPhysicsTest.ClearRemovesAll
132/776 Test #132: PlayerPhysicsTest.ClearRemovesAll ............................................................................   Passed    0.00 sec
        Start 133: PlayerPhysicsTest.BidirectionalSyncPattern
133/776 Test #133: PlayerPhysicsTest.BidirectionalSyncPattern ...................................................................   Passed    0.00 sec
        Start 134: TacticsComponentTest.DefaultValues
134/776 Test #134: TacticsComponentTest.DefaultValues ...........................................................................   Passed    0.00 sec
        Start 135: TacticsComponentTest.AddGetComponent
135/776 Test #135: TacticsComponentTest.AddGetComponent .........................................................................   Passed    0.00 sec
        Start 136: TacticsComponentTest.RoundTripOopToEcsToOop
136/776 Test #136: TacticsComponentTest.RoundTripOopToEcsToOop ..................................................................   Passed    0.00 sec
        Start 137: BallComponentTest.AddGetComponent
137/776 Test #137: BallComponentTest.AddGetComponent ............................................................................   Passed    0.00 sec
        Start 138: BallComponentTest.RoundTripOopToEcsToOop
138/776 Test #138: BallComponentTest.RoundTripOopToEcsToOop .....................................................................   Passed    0.00 sec
        Start 139: BallComponentTest.OverwriteComponent
139/776 Test #139: BallComponentTest.OverwriteComponent .........................................................................   Passed    0.00 sec
        Start 140: BallComponentTest.ForEachDeterministicOrder
140/776 Test #140: BallComponentTest.ForEachDeterministicOrder ..................................................................   Passed    0.00 sec
        Start 141: WorldSerializerTest.SerializeEmptyWorld
141/776 Test #141: WorldSerializerTest.SerializeEmptyWorld ......................................................................   Passed    0.00 sec
        Start 142: WorldSerializerTest.SerializeDeserializeRoundTrip
142/776 Test #142: WorldSerializerTest.SerializeDeserializeRoundTrip ............................................................   Passed    0.00 sec
        Start 143: WorldSerializerTest.PreserveComponentData
143/776 Test #143: WorldSerializerTest.PreserveComponentData ....................................................................   Passed    0.00 sec
        Start 144: WorldSerializerTest.MultipleComponentTypes
144/776 Test #144: WorldSerializerTest.MultipleComponentTypes ...................................................................   Passed    0.00 sec
        Start 145: WorldSerializerTest.DeterministicEntityOrder
145/776 Test #145: WorldSerializerTest.DeterministicEntityOrder .................................................................   Passed    0.00 sec
        Start 146: SystemGraphTest.EmptyGraph
146/776 Test #146: SystemGraphTest.EmptyGraph ...................................................................................   Passed    0.00 sec
        Start 147: SystemGraphTest.SingleSystem
147/776 Test #147: SystemGraphTest.SingleSystem .................................................................................   Passed    0.00 sec
        Start 148: SystemGraphTest.LinearDependency
148/776 Test #148: SystemGraphTest.LinearDependency .............................................................................   Passed    0.00 sec
        Start 149: SystemGraphTest.DiamondDependency
149/776 Test #149: SystemGraphTest.DiamondDependency ............................................................................   Passed    0.00 sec
        Start 150: SystemGraphTest.CycleDetection
150/776 Test #150: SystemGraphTest.CycleDetection ...............................................................................   Passed    0.00 sec
        Start 151: SystemGraphTest.EarlyAbort
151/776 Test #151: SystemGraphTest.EarlyAbort ...................................................................................   Passed    0.00 sec
        Start 152: SystemGraphTest.ContextPassing
152/776 Test #152: SystemGraphTest.ContextPassing ...............................................................................   Passed    0.00 sec
        Start 153: SystemGraphTest.ClearResetsState
153/776 Test #153: SystemGraphTest.ClearResetsState .............................................................................   Passed    0.00 sec
        Start 154: SystemGraphTest.IndependentSystems
154/776 Test #154: SystemGraphTest.IndependentSystems ...........................................................................   Passed    0.00 sec
        Start 155: ECSBenchmarkTest.PositionUpdate
155/776 Test #155: ECSBenchmarkTest.PositionUpdate ..............................................................................   Passed    0.01 sec
        Start 156: ECSBenchmarkTest.ConditionalQuery
156/776 Test #156: ECSBenchmarkTest.ConditionalQuery ............................................................................   Passed    0.01 sec
        Start 157: ECSBenchmarkTest.DualComponentQuery
157/776 Test #157: ECSBenchmarkTest.DualComponentQuery ..........................................................................   Passed    0.01 sec
        Start 158: ECSBenchmarkTest.RandomAccess
158/776 Test #158: ECSBenchmarkTest.RandomAccess ................................................................................   Passed    0.01 sec
        Start 159: ECSBenchmarkTest.DeterministicTraversalOrder
159/776 Test #159: ECSBenchmarkTest.DeterministicTraversalOrder .................................................................   Passed    0.01 sec
        Start 160: ECSBenchmarkTest.MemoryLocality
160/776 Test #160: ECSBenchmarkTest.MemoryLocality ..............................................................................   Passed    0.01 sec
        Start 161: EngineCallbacksTest.DefaultCallbacksAreEmpty
161/776 Test #161: EngineCallbacksTest.DefaultCallbacksAreEmpty .................................................................   Passed    0.00 sec
        Start 162: EngineCallbacksTest.WiringToMockEngine
162/776 Test #162: EngineCallbacksTest.WiringToMockEngine .......................................................................   Passed    0.00 sec
        Start 163: Fnv1aHashTest.Deterministic
163/776 Test #163: Fnv1aHashTest.Deterministic ..................................................................................   Passed    0.00 sec
        Start 164: Fnv1aHashTest.DifferentInputsDifferentHashes
164/776 Test #164: Fnv1aHashTest.DifferentInputsDifferentHashes .................................................................   Passed    0.00 sec
        Start 165: Fnv1aHashTest.EmptyString
165/776 Test #165: Fnv1aHashTest.EmptyString ....................................................................................   Passed    0.00 sec
        Start 166: MultiplayerConfigTest.DefaultValues
166/776 Test #166: MultiplayerConfigTest.DefaultValues ..........................................................................   Passed    0.00 sec
        Start 167: ClientStateEngineIntegrationTest.PredictAndRollback
167/776 Test #167: ClientStateEngineIntegrationTest.PredictAndRollback ..........................................................   Passed    0.00 sec
        Start 168: ClientStateEngineIntegrationTest.HashVerification
168/776 Test #168: ClientStateEngineIntegrationTest.HashVerification ............................................................   Passed    0.00 sec
        Start 169: EndToEndTest.AuthoritativeFrameRoundTrip
169/776 Test #169: EndToEndTest.AuthoritativeFrameRoundTrip .....................................................................   Passed    0.00 sec
        Start 170: StateHashTest.PackUnpackRoundTrip
170/776 Test #170: StateHashTest.PackUnpackRoundTrip ............................................................................   Passed    0.00 sec
        Start 171: MultiSlotTest.PackUnpackFrameInput
171/776 Test #171: MultiSlotTest.PackUnpackFrameInput ...........................................................................   Passed    0.00 sec
        Start 172: FullLoopTest.ClientServerSyncWithoutRollback
172/776 Test #172: FullLoopTest.ClientServerSyncWithoutRollback .................................................................   Passed    0.00 sec
        Start 173: FullLoopTest.ClientServerSyncWithRollback
173/776 Test #173: FullLoopTest.ClientServerSyncWithRollback ....................................................................   Passed    0.00 sec
        Start 174: FullLoopTest.StateHashVerificationAcrossFrames
174/776 Test #174: FullLoopTest.StateHashVerificationAcrossFrames ...............................................................   Passed    0.00 sec
        Start 175: FullLoopTest.MultiSlotClientServerSync
175/776 Test #175: FullLoopTest.MultiSlotClientServerSync .......................................................................   Passed    0.00 sec
        Start 176: JitterStatsTest.InitialState
176/776 Test #176: JitterStatsTest.InitialState .................................................................................   Passed    0.00 sec
        Start 177: JitterStatsTest.RecordArrival
177/776 Test #177: JitterStatsTest.RecordArrival ................................................................................   Passed    0.00 sec
        Start 178: JitterStatsTest.LossRate
178/776 Test #178: JitterStatsTest.LossRate .....................................................................................   Passed    0.00 sec
        Start 179: JitterStatsTest.RTTTracking
179/776 Test #179: JitterStatsTest.RTTTracking ..................................................................................   Passed    0.00 sec
        Start 180: JitterStatsTest.RecommendedBufferSize
180/776 Test #180: JitterStatsTest.RecommendedBufferSize ........................................................................   Passed    0.00 sec
        Start 181: DeltaSlotInputTest.NoChange
181/776 Test #181: DeltaSlotInputTest.NoChange ..................................................................................   Passed    0.00 sec
        Start 182: DeltaSlotInputTest.AllFieldsChanged
182/776 Test #182: DeltaSlotInputTest.AllFieldsChanged ..........................................................................   Passed    0.00 sec
        Start 183: DeltaSlotInputTest.PartialChange
183/776 Test #183: DeltaSlotInputTest.PartialChange .............................................................................   Passed    0.00 sec
        Start 184: DeltaSlotInputTest.CompressionRatio
184/776 Test #184: DeltaSlotInputTest.CompressionRatio ..........................................................................   Passed    0.00 sec
        Start 185: DeltaEncoderTest.EncodeDecode
185/776 Test #185: DeltaEncoderTest.EncodeDecode ................................................................................   Passed    0.00 sec
        Start 186: DeltaEncoderTest.MultiFrameCompression
186/776 Test #186: DeltaEncoderTest.MultiFrameCompression .......................................................................   Passed    0.00 sec
        Start 187: PerformanceBenchmark.AuthoritativeFrameEncodeDecode
187/776 Test #187: PerformanceBenchmark.AuthoritativeFrameEncodeDecode ..........................................................   Passed    0.00 sec
        Start 188: PerformanceBenchmark.ClientFrameInputEncodeDecode
188/776 Test #188: PerformanceBenchmark.ClientFrameInputEncodeDecode ............................................................   Passed    0.00 sec
        Start 189: PerformanceBenchmark.DeltaCompressionThroughput
189/776 Test #189: PerformanceBenchmark.DeltaCompressionThroughput ..............................................................   Passed    0.05 sec
        Start 190: PerformanceBenchmark.ClientStateSnapshotThroughput
190/776 Test #190: PerformanceBenchmark.ClientStateSnapshotThroughput ...........................................................   Passed    0.03 sec
        Start 191: PerformanceBenchmark.ClientStateRollbackPerformance
191/776 Test #191: PerformanceBenchmark.ClientStateRollbackPerformance ..........................................................   Passed    0.01 sec
        Start 192: PerformanceBenchmark.Fnv1aHashThroughput
192/776 Test #192: PerformanceBenchmark.Fnv1aHashThroughput .....................................................................   Passed    0.89 sec
        Start 193: PerformanceBenchmark.JitterStatsUpdateThroughput
193/776 Test #193: PerformanceBenchmark.JitterStatsUpdateThroughput .............................................................   Passed    0.09 sec
        Start 194: PerformanceBenchmark.SlotInputMemcpyThroughput
194/776 Test #194: PerformanceBenchmark.SlotInputMemcpyThroughput ...............................................................   Passed    0.01 sec
        Start 195: PerformanceBenchmark.StateHashPackUnpackThroughput
195/776 Test #195: PerformanceBenchmark.StateHashPackUnpackThroughput ...........................................................   Passed    0.00 sec
        Start 196: UXOptimizerTest.InitialState
196/776 Test #196: UXOptimizerTest.InitialState .................................................................................   Passed    0.00 sec
        Start 197: UXOptimizerTest.RecordInputLatency
197/776 Test #197: UXOptimizerTest.RecordInputLatency ...........................................................................   Passed    0.00 sec
        Start 198: UXOptimizerTest.RecordFrameTime
198/776 Test #198: UXOptimizerTest.RecordFrameTime ..............................................................................   Passed    0.00 sec
        Start 199: UXOptimizerTest.NetworkQuality
199/776 Test #199: UXOptimizerTest.NetworkQuality ...............................................................................   Passed    0.00 sec
        Start 200: UXOptimizerTest.PredictionAccuracy
200/776 Test #200: UXOptimizerTest.PredictionAccuracy ...........................................................................   Passed    0.00 sec
        Start 201: UXOptimizerTest.RollbackCount
201/776 Test #201: UXOptimizerTest.RollbackCount ................................................................................   Passed    0.00 sec
        Start 202: UXOptimizerTest.Reset
202/776 Test #202: UXOptimizerTest.Reset ........................................................................................   Passed    0.00 sec
        Start 203: UXOptimizerTest.QualityRecommendation
203/776 Test #203: UXOptimizerTest.QualityRecommendation ........................................................................   Passed    0.00 sec
        Start 204: InputLatencyTrackerTest.BasicTracking
204/776 Test #204: InputLatencyTrackerTest.BasicTracking ........................................................................   Passed    0.00 sec
        Start 205: InputLatencyTrackerTest.P95Latency
205/776 Test #205: InputLatencyTrackerTest.P95Latency ...........................................................................   Passed    0.00 sec
        Start 206: InputLatencyTrackerTest.Cleanup
206/776 Test #206: InputLatencyTrackerTest.Cleanup ..............................................................................   Passed    0.00 sec
        Start 207: Vec3Test.DefaultConstruction
207/776 Test #207: Vec3Test.DefaultConstruction .................................................................................   Passed    0.00 sec
        Start 208: Vec3Test.ParameterizedConstruction
208/776 Test #208: Vec3Test.ParameterizedConstruction ...........................................................................   Passed    0.00 sec
        Start 209: Vec3Test.Addition
209/776 Test #209: Vec3Test.Addition ............................................................................................   Passed    0.00 sec
        Start 210: Vec3Test.Subtraction
210/776 Test #210: Vec3Test.Subtraction .........................................................................................   Passed    0.00 sec
        Start 211: Vec3Test.ScalarMultiply
211/776 Test #211: Vec3Test.ScalarMultiply ......................................................................................   Passed    0.00 sec
        Start 212: Vec3Test.Length
212/776 Test #212: Vec3Test.Length ..............................................................................................   Passed    0.00 sec
        Start 213: Vec3Test.LengthSquared
213/776 Test #213: Vec3Test.LengthSquared .......................................................................................   Passed    0.00 sec
        Start 214: Vec3Test.Normalized
214/776 Test #214: Vec3Test.Normalized ..........................................................................................   Passed    0.00 sec
        Start 215: Vec3Test.NormalizedZeroVector
215/776 Test #215: Vec3Test.NormalizedZeroVector ................................................................................   Passed    0.00 sec
        Start 216: QuatTest.DefaultConstruction
216/776 Test #216: QuatTest.DefaultConstruction .................................................................................   Passed    0.00 sec
        Start 217: QuatTest.ParameterizedConstruction
217/776 Test #217: QuatTest.ParameterizedConstruction ...........................................................................   Passed    0.00 sec
        Start 218: QuatTest.Normalized
218/776 Test #218: QuatTest.Normalized ..........................................................................................   Passed    0.00 sec
        Start 219: QuatTest.SlerpIdentity
219/776 Test #219: QuatTest.SlerpIdentity .......................................................................................   Passed    0.00 sec
        Start 220: QuatTest.SlerpHalfway
220/776 Test #220: QuatTest.SlerpHalfway ........................................................................................   Passed    0.00 sec
        Start 221: QuatTest.SlerpShortestPath
221/776 Test #221: QuatTest.SlerpShortestPath ...................................................................................   Passed    0.00 sec
        Start 222: InterpolatorTest.InitialState
222/776 Test #222: InterpolatorTest.InitialState ................................................................................   Passed    0.00 sec
        Start 223: InterpolatorTest.SaveState
223/776 Test #223: InterpolatorTest.SaveState ...................................................................................   Passed    0.00 sec
        Start 224: InterpolatorTest.InterpolateSingleFrame
224/776 Test #224: InterpolatorTest.InterpolateSingleFrame ......................................................................   Passed    0.00 sec
        Start 225: InterpolatorTest.InterpolateBetweenFrames
225/776 Test #225: InterpolatorTest.InterpolateBetweenFrames ....................................................................   Passed    0.00 sec
        Start 226: InterpolatorTest.InterpolateAtFrameBoundary
226/776 Test #226: InterpolatorTest.InterpolateAtFrameBoundary ..................................................................   Passed    0.00 sec
        Start 227: InterpolatorTest.InterpolateBeforeFrame
227/776 Test #227: InterpolatorTest.InterpolateBeforeFrame ......................................................................   Passed    0.00 sec
        Start 228: InterpolatorTest.MultipleEntities
228/776 Test #228: InterpolatorTest.MultipleEntities ............................................................................   Passed    0.00 sec
        Start 229: InterpolatorTest.EntityNotFound
229/776 Test #229: InterpolatorTest.EntityNotFound ..............................................................................   Passed    0.00 sec
        Start 230: ProtocolIOTest.PackUnpackSessionStart
230/776 Test #230: ProtocolIOTest.PackUnpackSessionStart ........................................................................   Passed    0.00 sec
        Start 231: ProtocolIOTest.PackUnpackSlotAssignment
231/776 Test #231: ProtocolIOTest.PackUnpackSlotAssignment ......................................................................   Passed    0.00 sec
        Start 232: ProtocolIOTest.PackUnpackAuthoritativeFrame
232/776 Test #232: ProtocolIOTest.PackUnpackAuthoritativeFrame ..................................................................   Passed    0.00 sec
        Start 233: ProtocolIOTest.PackUnpackClientFrameInput
233/776 Test #233: ProtocolIOTest.PackUnpackClientFrameInput ....................................................................   Passed    0.00 sec
        Start 234: ProtocolIOTest.PackReady
234/776 Test #234: ProtocolIOTest.PackReady .....................................................................................   Passed    0.00 sec
        Start 235: ProtocolIOTest.PackUnpackStateHash
235/776 Test #235: ProtocolIOTest.PackUnpackStateHash ...........................................................................   Passed    0.00 sec
        Start 236: ProtocolIOTest.PackUnpackHeartbeat
236/776 Test #236: ProtocolIOTest.PackUnpackHeartbeat ...........................................................................   Passed    0.00 sec
        Start 237: ProtocolIOTest.PackUnpackVersionNegotiate
237/776 Test #237: ProtocolIOTest.PackUnpackVersionNegotiate ....................................................................   Passed    0.00 sec
        Start 238: DeltaSlotInputTest.ConstexprCompute
238/776 Test #238: DeltaSlotInputTest.ConstexprCompute ..........................................................................   Passed    0.00 sec
        Start 239: DeltaSlotInputTest.PackedSizeTable
239/776 Test #239: DeltaSlotInputTest.PackedSizeTable ...........................................................................   Passed    0.00 sec
        Start 240: DeltaSlotInputTest.BytesSaved
240/776 Test #240: DeltaSlotInputTest.BytesSaved ................................................................................   Passed    0.00 sec
        Start 241: DeterministicPRNGTest.BasicGeneration
241/776 Test #241: DeterministicPRNGTest.BasicGeneration ........................................................................   Passed    0.00 sec
        Start 242: DeterministicPRNGTest.Determinism
242/776 Test #242: DeterministicPRNGTest.Determinism ............................................................................   Passed    0.00 sec
        Start 243: DeterministicPRNGTest.DifferentSeeds
243/776 Test #243: DeterministicPRNGTest.DifferentSeeds .........................................................................   Passed    0.00 sec
        Start 244: DeterministicPRNGTest.Uint32Generation
244/776 Test #244: DeterministicPRNGTest.Uint32Generation .......................................................................   Passed    0.00 sec
        Start 245: DeterministicPRNGTest.FloatRange
245/776 Test #245: DeterministicPRNGTest.FloatRange .............................................................................   Passed    0.00 sec
        Start 246: DeterministicPRNGTest.DoubleRange
246/776 Test #246: DeterministicPRNGTest.DoubleRange ............................................................................   Passed    0.00 sec
        Start 247: DeterministicPRNGTest.RangeInt
247/776 Test #247: DeterministicPRNGTest.RangeInt ...............................................................................   Passed    0.00 sec
        Start 248: DeterministicPRNGTest.RangeSame
248/776 Test #248: DeterministicPRNGTest.RangeSame ..............................................................................   Passed    0.00 sec
        Start 249: DeterministicPRNGTest.RangeFloat
249/776 Test #249: DeterministicPRNGTest.RangeFloat .............................................................................   Passed    0.00 sec
        Start 250: DeterministicPRNGTest.Skip
250/776 Test #250: DeterministicPRNGTest.Skip ...................................................................................   Passed    0.00 sec
        Start 251: DeterministicPRNGTest.StateSerialization
251/776 Test #251: DeterministicPRNGTest.StateSerialization .....................................................................   Passed    0.00 sec
        Start 252: DeterministicPRNGTest.Distribution
252/776 Test #252: DeterministicPRNGTest.Distribution ...........................................................................   Passed    0.00 sec
        Start 253: DeterministicPRNGTest.ZeroSeed
253/776 Test #253: DeterministicPRNGTest.ZeroSeed ...............................................................................   Passed    0.00 sec
        Start 254: DeterministicPRNGTest.LargeSeed
254/776 Test #254: DeterministicPRNGTest.LargeSeed ..............................................................................   Passed    0.00 sec
        Start 255: DeterministicPRNGTest.CrossPlatformDeterminism
255/776 Test #255: DeterministicPRNGTest.CrossPlatformDeterminism ...............................................................   Passed    0.00 sec
        Start 256: PRNGRegression.FullIntegerRangeKeepsSequenceAndBounds
256/776 Test #256: PRNGRegression.FullIntegerRangeKeepsSequenceAndBounds ........................................................   Passed    0.00 sec
        Start 257: InterpolatorTest.BasicInterpolation
257/776 Test #257: InterpolatorTest.BasicInterpolation ..........................................................................   Passed    0.00 sec
        Start 258: InterpolatorTest.BasicExtrapolation
258/776 Test #258: InterpolatorTest.BasicExtrapolation ..........................................................................   Passed    0.00 sec
        Start 259: InterpolatorTest.ExtrapolationBoundsMaxDistance
259/776 Test #259: InterpolatorTest.ExtrapolationBoundsMaxDistance ..............................................................   Passed    0.00 sec
        Start 260: InterpolatorTest.ExtrapolationBoundsMaxSpeed
260/776 Test #260: InterpolatorTest.ExtrapolationBoundsMaxSpeed .................................................................   Passed    0.00 sec
        Start 261: InterpolatorTest.ExtrapolationBoundsMaxTime
261/776 Test #261: InterpolatorTest.ExtrapolationBoundsMaxTime ..................................................................   Passed    0.00 sec
        Start 262: InterpolatorTest.ExtrapolationNotNeeded
262/776 Test #262: InterpolatorTest.ExtrapolationNotNeeded ......................................................................   Passed    0.00 sec
        Start 263: InterpolatorTest.NeedsExtrapolation
263/776 Test #263: InterpolatorTest.NeedsExtrapolation ..........................................................................   Passed    0.00 sec
        Start 264: InterpolatorTest.ExtrapolationZeroVelocity
264/776 Test #264: InterpolatorTest.ExtrapolationZeroVelocity ...................................................................   Passed    0.00 sec
        Start 265: InterpolatorTest.ExtrapolationMultipleEntities
265/776 Test #265: InterpolatorTest.ExtrapolationMultipleEntities ...............................................................   Passed    0.00 sec
        Start 266: InterpolatorTest.ExtrapolationSingleFrame
266/776 Test #266: InterpolatorTest.ExtrapolationSingleFrame ....................................................................   Passed    0.00 sec
        Start 267: InterpolatorTest.ExtrapolationTimestamp
267/776 Test #267: InterpolatorTest.ExtrapolationTimestamp ......................................................................   Passed    0.00 sec
        Start 268: StateDeltaCodecTest.BasicRoundtrip
268/776 Test #268: StateDeltaCodecTest.BasicRoundtrip ...........................................................................   Passed    0.00 sec
        Start 269: StateDeltaCodecTest.IdenticalFrames
269/776 Test #269: StateDeltaCodecTest.IdenticalFrames ..........................................................................   Passed    0.00 sec
        Start 270: StateDeltaCodecTest.ManyChanges
270/776 Test #270: StateDeltaCodecTest.ManyChanges ..............................................................................   Passed    0.00 sec
        Start 271: StateDeltaCodecTest.NoBaseline
271/776 Test #271: StateDeltaCodecTest.NoBaseline ...............................................................................   Passed    0.00 sec
        Start 272: StateDeltaCodecTest.DecodeWithNewCodec
272/776 Test #272: StateDeltaCodecTest.DecodeWithNewCodec .......................................................................   Passed    0.00 sec
        Start 273: StateDeltaCodecTest.MultipleFrames
273/776 Test #273: StateDeltaCodecTest.MultipleFrames ...........................................................................   Passed    0.00 sec
        Start 274: StateDeltaCodecTest.CompressionRatioSparse
274/776 Test #274: StateDeltaCodecTest.CompressionRatioSparse ...................................................................   Passed    0.00 sec
        Start 275: StateDeltaCodecTest.CompressionRatioDense
275/776 Test #275: StateDeltaCodecTest.CompressionRatioDense ....................................................................   Passed    0.00 sec
        Start 276: StateDeltaCodecTest.Reset
276/776 Test #276: StateDeltaCodecTest.Reset ....................................................................................   Passed    0.00 sec
        Start 277: StateDeltaCodecTest.RawBytesInterface
277/776 Test #277: StateDeltaCodecTest.RawBytesInterface ........................................................................   Passed    0.00 sec
        Start 278: StateDeltaCodecTest.EmptyState
278/776 Test #278: StateDeltaCodecTest.EmptyState ...............................................................................   Passed    0.00 sec
        Start 279: StateDeltaCodecTest.RLECompression
279/776 Test #279: StateDeltaCodecTest.RLECompression ...........................................................................   Passed    0.00 sec
        Start 280: StateDeltaCodecTest.RLEMixedPattern
280/776 Test #280: StateDeltaCodecTest.RLEMixedPattern ..........................................................................   Passed    0.00 sec
        Start 281: StateDeltaCodecTest.SizeMismatch
281/776 Test #281: StateDeltaCodecTest.SizeMismatch .............................................................................   Passed    0.00 sec
        Start 282: PredictionAccuracyTrackerTest.BasicTracking
282/776 Test #282: PredictionAccuracyTrackerTest.BasicTracking ..................................................................   Passed    0.00 sec
        Start 283: PredictionAccuracyTrackerTest.NoPrediction
283/776 Test #283: PredictionAccuracyTrackerTest.NoPrediction ...................................................................   Passed    0.00 sec
        Start 284: PredictionAccuracyTrackerTest.RecentAccuracy
284/776 Test #284: PredictionAccuracyTrackerTest.RecentAccuracy .................................................................   Passed    0.00 sec
        Start 285: PredictionAccuracyTrackerTest.AccuracyTrend
285/776 Test #285: PredictionAccuracyTrackerTest.AccuracyTrend ..................................................................   Passed    0.00 sec
        Start 286: PredictionAccuracyTrackerTest.DegradingTrend
286/776 Test #286: PredictionAccuracyTrackerTest.DegradingTrend .................................................................   Passed    0.00 sec
        Start 287: PredictionAccuracyTrackerTest.PendingPredictions
287/776 Test #287: PredictionAccuracyTrackerTest.PendingPredictions .............................................................   Passed    0.00 sec
        Start 288: PredictionAccuracyTrackerTest.RecentMismatches
288/776 Test #288: PredictionAccuracyTrackerTest.RecentMismatches ...............................................................   Passed    0.00 sec
        Start 289: PredictionAccuracyTrackerTest.Cleanup
289/776 Test #289: PredictionAccuracyTrackerTest.Cleanup ........................................................................   Passed    0.00 sec
        Start 290: PredictionAccuracyTrackerTest.Reset
290/776 Test #290: PredictionAccuracyTrackerTest.Reset ..........................................................................   Passed    0.00 sec
        Start 291: PredictionAccuracyTrackerTest.PerfectAccuracy
291/776 Test #291: PredictionAccuracyTrackerTest.PerfectAccuracy ................................................................   Passed    0.00 sec
        Start 292: PredictionAccuracyTrackerTest.ZeroAccuracy
292/776 Test #292: PredictionAccuracyTrackerTest.ZeroAccuracy ...................................................................   Passed    0.00 sec
        Start 293: AdaptivePredictionCapTest.DefaultValues
293/776 Test #293: AdaptivePredictionCapTest.DefaultValues ......................................................................   Passed    0.00 sec
        Start 294: AdaptivePredictionCapTest.RTTScaling
294/776 Test #294: AdaptivePredictionCapTest.RTTScaling .........................................................................   Passed    0.00 sec
        Start 295: AdaptivePredictionCapTest.PacketLossAdjustment
295/776 Test #295: AdaptivePredictionCapTest.PacketLossAdjustment ...............................................................   Passed    0.00 sec
        Start 296: AdaptivePredictionCapTest.AccuracyAdjustment
296/776 Test #296: AdaptivePredictionCapTest.AccuracyAdjustment .................................................................   Passed    0.00 sec
        Start 297: AdaptivePredictionCapTest.FrameStabilityAdjustment
297/776 Test #297: AdaptivePredictionCapTest.FrameStabilityAdjustment ...........................................................   Passed    0.00 sec
        Start 298: AdaptivePredictionCapTest.Clamping
298/776 Test #298: AdaptivePredictionCapTest.Clamping ...........................................................................   Passed    0.00 sec
        Start 299: AdaptivePredictionCapTest.CapSummary
299/776 Test #299: AdaptivePredictionCapTest.CapSummary .........................................................................   Passed    0.00 sec
        Start 300: AdaptivePredictionCapTest.RecommendedBounds
300/776 Test #300: AdaptivePredictionCapTest.RecommendedBounds ..................................................................   Passed    0.00 sec
        Start 301: AdaptivePredictionCapTest.Reset
301/776 Test #301: AdaptivePredictionCapTest.Reset ..............................................................................   Passed    0.00 sec
        Start 302: AdaptivePredictionCapTest.CombinedConditions
302/776 Test #302: AdaptivePredictionCapTest.CombinedConditions .................................................................   Passed    0.00 sec
        Start 303: ReplaySystemTest.BasicRecording
303/776 Test #303: ReplaySystemTest.BasicRecording ..............................................................................   Passed    0.00 sec
        Start 304: ReplaySystemTest.SerializationRoundtrip
304/776 Test #304: ReplaySystemTest.SerializationRoundtrip ......................................................................   Passed    0.00 sec
        Start 305: ReplaySystemTest.Playback
305/776 Test #305: ReplaySystemTest.Playback ....................................................................................   Passed    0.00 sec
        Start 306: ReplaySystemTest.Seeking
306/776 Test #306: ReplaySystemTest.Seeking .....................................................................................   Passed    0.00 sec
        Start 307: ReplaySystemTest.FrameAtIndex
307/776 Test #307: ReplaySystemTest.FrameAtIndex ................................................................................   Passed    0.00 sec
        Start 308: ReplaySystemTest.PauseResume
308/776 Test #308: ReplaySystemTest.PauseResume .................................................................................   Passed    0.00 sec
        Start 309: ReplaySystemTest.Reset
309/776 Test #309: ReplaySystemTest.Reset .......................................................................................   Passed    0.00 sec
        Start 310: ReplaySystemTest.EmptyReplay
310/776 Test #310: ReplaySystemTest.EmptyReplay .................................................................................   Passed    0.00 sec
        Start 311: ReplaySystemTest.Metadata
311/776 Test #311: ReplaySystemTest.Metadata ....................................................................................   Passed    0.00 sec
        Start 312: AdaptiveJitterBufferTest.DefaultValues
312/776 Test #312: AdaptiveJitterBufferTest.DefaultValues .......................................................................   Passed    0.00 sec
        Start 313: AdaptiveJitterBufferTest.JitterScaling
313/776 Test #313: AdaptiveJitterBufferTest.JitterScaling .......................................................................   Passed    0.00 sec
        Start 314: AdaptiveJitterBufferTest.RTTAdjustment
314/776 Test #314: AdaptiveJitterBufferTest.RTTAdjustment .......................................................................   Passed    0.00 sec
        Start 315: AdaptiveJitterBufferTest.FrameArrival
315/776 Test #315: AdaptiveJitterBufferTest.FrameArrival ........................................................................   Passed    0.00 sec
        Start 316: AdaptiveJitterBufferTest.GapDetection
316/776 Test #316: AdaptiveJitterBufferTest.GapDetection ........................................................................   Passed    0.00 sec
        Start 317: AdaptiveJitterBufferTest.FrameDrop
317/776 Test #317: AdaptiveJitterBufferTest.FrameDrop ...........................................................................   Passed    0.00 sec
        Start 318: AdaptiveJitterBufferTest.BufferStatus
318/776 Test #318: AdaptiveJitterBufferTest.BufferStatus ........................................................................   Passed    0.00 sec
        Start 319: AdaptiveJitterBufferTest.Reset
319/776 Test #319: AdaptiveJitterBufferTest.Reset ...............................................................................   Passed    0.00 sec
        Start 320: AdaptiveJitterBufferTest.Smoothing
320/776 Test #320: AdaptiveJitterBufferTest.Smoothing ...........................................................................   Passed    0.00 sec
        Start 321: AdaptiveJitterBufferTest.Clamping
321/776 Test #321: AdaptiveJitterBufferTest.Clamping ............................................................................   Passed    0.00 sec
        Start 322: InterpolationExtrapolationTest.InterpolationWorks
322/776 Test #322: InterpolationExtrapolationTest.InterpolationWorks ............................................................   Passed    0.00 sec
        Start 323: InterpolationExtrapolationTest.ExtrapolationWorks
323/776 Test #323: InterpolationExtrapolationTest.ExtrapolationWorks ............................................................   Passed    0.00 sec
        Start 324: InterpolationExtrapolationTest.MultipleEntities
324/776 Test #324: InterpolationExtrapolationTest.MultipleEntities ..............................................................   Passed    0.00 sec
        Start 325: InterpolationExtrapolationTest.BoundsRespected
325/776 Test #325: InterpolationExtrapolationTest.BoundsRespected ...............................................................   Passed    0.00 sec
        Start 326: DeterministicPRNGIntegration.CrossPlatformConsistency
326/776 Test #326: DeterministicPRNGIntegration.CrossPlatformConsistency ........................................................   Passed    0.00 sec
        Start 327: DeterministicPRNGIntegration.DifferentSeedsDifferentOutput
327/776 Test #327: DeterministicPRNGIntegration.DifferentSeedsDifferentOutput ...................................................   Passed    0.00 sec
        Start 328: DeterministicPRNGIntegration.DeterministicFromSeed
328/776 Test #328: DeterministicPRNGIntegration.DeterministicFromSeed ...........................................................   Passed    0.00 sec
        Start 329: StateDeltaCodecIntegration.MultiFrameRoundtrip
329/776 Test #329: StateDeltaCodecIntegration.MultiFrameRoundtrip ...............................................................   Passed    0.00 sec
        Start 330: StateDeltaCodecIntegration.CompressionEfficiency
330/776 Test #330: StateDeltaCodecIntegration.CompressionEfficiency .............................................................   Passed    0.00 sec
        Start 331: PredictionAccuracyIntegration.AccuracyTracking
331/776 Test #331: PredictionAccuracyIntegration.AccuracyTracking ...............................................................   Passed    0.00 sec
        Start 332: PredictionAccuracyIntegration.TrendDetection
332/776 Test #332: PredictionAccuracyIntegration.TrendDetection .................................................................   Passed    0.00 sec
        Start 333: AdaptivePredictionCapIntegration.RTTBasedScaling
333/776 Test #333: AdaptivePredictionCapIntegration.RTTBasedScaling .............................................................   Passed    0.00 sec
        Start 334: AdaptivePredictionCapIntegration.PacketLossReducesPrediction
334/776 Test #334: AdaptivePredictionCapIntegration.PacketLossReducesPrediction .................................................   Passed    0.00 sec
        Start 335: AdaptivePredictionCapIntegration.AccuracyReducesPrediction
335/776 Test #335: AdaptivePredictionCapIntegration.AccuracyReducesPrediction ...................................................   Passed    0.00 sec
        Start 336: ReplaySystemIntegration.FullReplayCycle
336/776 Test #336: ReplaySystemIntegration.FullReplayCycle ......................................................................   Passed    0.00 sec
        Start 337: ReplaySystemIntegration.SeekWorks
337/776 Test #337: ReplaySystemIntegration.SeekWorks ............................................................................   Passed    0.00 sec
        Start 338: AdaptiveJitterBufferIntegration.JitterIncreasesBuffer
338/776 Test #338: AdaptiveJitterBufferIntegration.JitterIncreasesBuffer ........................................................   Passed    0.00 sec
        Start 339: AdaptiveJitterBufferIntegration.RTTIncreasesBuffer
339/776 Test #339: AdaptiveJitterBufferIntegration.RTTIncreasesBuffer ...........................................................   Passed    0.00 sec
        Start 340: AdaptiveJitterBufferIntegration.FrameDropDecision
340/776 Test #340: AdaptiveJitterBufferIntegration.FrameDropDecision ............................................................   Passed    0.00 sec
        Start 341: CombinedIntegration.FullPipeline
341/776 Test #341: CombinedIntegration.FullPipeline .............................................................................   Passed    0.00 sec
        Start 342: LatencyCompensatorTest.BasicRTT
342/776 Test #342: LatencyCompensatorTest.BasicRTT ..............................................................................   Passed    0.00 sec
        Start 343: LatencyCompensatorTest.MultipleSamples
343/776 Test #343: LatencyCompensatorTest.MultipleSamples .......................................................................   Passed    0.00 sec
        Start 344: LatencyCompensatorTest.JitterCalculation
344/776 Test #344: LatencyCompensatorTest.JitterCalculation .....................................................................   Passed    0.00 sec
        Start 345: LatencyCompensatorTest.AdjustedOffset
345/776 Test #345: LatencyCompensatorTest.AdjustedOffset ........................................................................   Passed    0.00 sec
        Start 346: LatencyCompensatorTest.MinMaxRTT
346/776 Test #346: LatencyCompensatorTest.MinMaxRTT .............................................................................   Passed    0.00 sec
        Start 347: LatencyCompensatorTest.ActiveStatus
347/776 Test #347: LatencyCompensatorTest.ActiveStatus ..........................................................................   Passed    0.00 sec
        Start 348: LatencyCompensatorTest.Reset
348/776 Test #348: LatencyCompensatorTest.Reset .................................................................................   Passed    0.00 sec
        Start 349: LatencyCompensatorTest.CompensationStatus
349/776 Test #349: LatencyCompensatorTest.CompensationStatus ....................................................................   Passed    0.00 sec
        Start 350: LatencyCompensatorTest.ServerTimestamp
350/776 Test #350: LatencyCompensatorTest.ServerTimestamp .......................................................................   Passed    0.00 sec
        Start 351: LatencyCompensatorTest.NegativeRTT
351/776 Test #351: LatencyCompensatorTest.NegativeRTT ...........................................................................   Passed    0.00 sec
        Start 352: LatencyCompensatorTest.WeightedAverage
352/776 Test #352: LatencyCompensatorTest.WeightedAverage .......................................................................   Passed    0.00 sec
        Start 353: StateSnapshotCodecTest.BasicRoundtrip
353/776 Test #353: StateSnapshotCodecTest.BasicRoundtrip ........................................................................   Passed    0.00 sec
        Start 354: StateSnapshotCodecTest.ForcedFullSnapshot
354/776 Test #354: StateSnapshotCodecTest.ForcedFullSnapshot ....................................................................   Passed    0.00 sec
        Start 355: StateSnapshotCodecTest.DeltaCompression
355/776 Test #355: StateSnapshotCodecTest.DeltaCompression ......................................................................   Passed    0.00 sec
        Start 356: StateSnapshotCodecTest.MultiFrame
356/776 Test #356: StateSnapshotCodecTest.MultiFrame ............................................................................   Passed    0.00 sec
        Start 357: StateSnapshotCodecTest.CompressionEfficiency
357/776 Test #357: StateSnapshotCodecTest.CompressionEfficiency .................................................................   Passed    0.00 sec
        Start 358: StateSnapshotCodecTest.Reset
358/776 Test #358: StateSnapshotCodecTest.Reset .................................................................................   Passed    0.00 sec
        Start 359: StateSnapshotCodecTest.EmptyState
359/776 Test #359: StateSnapshotCodecTest.EmptyState ............................................................................   Passed    0.00 sec
        Start 360: StateSnapshotCodecTest.RawBytesInterface
360/776 Test #360: StateSnapshotCodecTest.RawBytesInterface .....................................................................   Passed    0.00 sec
        Start 361: StateSnapshotCodecTest.UnknownMarker
361/776 Test #361: StateSnapshotCodecTest.UnknownMarker .........................................................................   Passed    0.00 sec
        Start 362: StateSnapshotCodecTest.SizeMismatch
362/776 Test #362: StateSnapshotCodecTest.SizeMismatch ..........................................................................   Passed    0.00 sec
        Start 363: SpectatorTest.Construction
363/776 Test #363: SpectatorTest.Construction ...................................................................................   Passed    0.00 sec
        Start 364: SpectatorTest.ReceivesFrames
364/776 Test #364: SpectatorTest.ReceivesFrames .................................................................................   Passed    0.21 sec
        Start 365: SpectatorTest.NoInputSent
365/776 Test #365: SpectatorTest.NoInputSent ....................................................................................   Passed    0.41 sec
        Start 366: SpectatorTest.MultipleSpectators
366/776 Test #366: SpectatorTest.MultipleSpectators .............................................................................   Passed    0.00 sec
        Start 367: SpectatorTest.FrameCallback
367/776 Test #367: SpectatorTest.FrameCallback ..................................................................................   Passed    0.20 sec
        Start 368: SpectatorTest.StateHashCounted
368/776 Test #368: SpectatorTest.StateHashCounted ...............................................................................   Passed    0.21 sec
        Start 369: ReplayIntegrationTest.RecordSerializeLoadRoundtrip
369/776 Test #369: ReplayIntegrationTest.RecordSerializeLoadRoundtrip ...........................................................   Passed    0.00 sec
        Start 370: ReplayIntegrationTest.PlaybackControls
370/776 Test #370: ReplayIntegrationTest.PlaybackControls .......................................................................   Passed    0.00 sec
        Start 371: ReplayIntegrationTest.FileSaveLoad
371/776 Test #371: ReplayIntegrationTest.FileSaveLoad ...........................................................................   Passed    0.00 sec
        Start 372: ReplayIntegrationTest.EmptyReplay
372/776 Test #372: ReplayIntegrationTest.EmptyReplay ............................................................................   Passed    0.00 sec
        Start 373: NetworkDiagnosticsTest.InitialState
373/776 Test #373: NetworkDiagnosticsTest.InitialState ..........................................................................   Passed    0.00 sec
        Start 374: NetworkDiagnosticsTest.ExcellentQuality
374/776 Test #374: NetworkDiagnosticsTest.ExcellentQuality ......................................................................   Passed    0.00 sec
        Start 375: NetworkDiagnosticsTest.GoodQuality
375/776 Test #375: NetworkDiagnosticsTest.GoodQuality ...........................................................................   Passed    0.00 sec
        Start 376: NetworkDiagnosticsTest.FairQuality
376/776 Test #376: NetworkDiagnosticsTest.FairQuality ...........................................................................   Passed    0.00 sec
        Start 377: NetworkDiagnosticsTest.PoorQuality
377/776 Test #377: NetworkDiagnosticsTest.PoorQuality ...........................................................................   Passed    0.00 sec
        Start 378: NetworkDiagnosticsTest.CriticalQuality
378/776 Test #378: NetworkDiagnosticsTest.CriticalQuality .......................................................................   Passed    0.00 sec
        Start 379: NetworkDiagnosticsTest.CriticalByPacketLoss
379/776 Test #379: NetworkDiagnosticsTest.CriticalByPacketLoss ..................................................................   Passed    0.00 sec
        Start 380: NetworkDiagnosticsTest.SmoothedRTT
380/776 Test #380: NetworkDiagnosticsTest.SmoothedRTT ...........................................................................   Passed    0.00 sec
        Start 381: NetworkDiagnosticsTest.FormatOverlay
381/776 Test #381: NetworkDiagnosticsTest.FormatOverlay .........................................................................   Passed    0.00 sec
        Start 382: NetworkDiagnosticsTest.QualityString
382/776 Test #382: NetworkDiagnosticsTest.QualityString .........................................................................   Passed    0.00 sec
        Start 383: NetworkDiagnosticsTest.PacketLossEstimate
383/776 Test #383: NetworkDiagnosticsTest.PacketLossEstimate ....................................................................   Passed    0.00 sec
        Start 384: LobbyProtocolTest.PackUnpackUint32
384/776 Test #384: LobbyProtocolTest.PackUnpackUint32 ...........................................................................   Passed    0.00 sec
        Start 385: LobbyProtocolTest.PackUnpackUint16
385/776 Test #385: LobbyProtocolTest.PackUnpackUint16 ...........................................................................   Passed    0.00 sec
        Start 386: LobbyProtocolTest.PackUnpackString
386/776 Test #386: LobbyProtocolTest.PackUnpackString ...........................................................................   Passed    0.00 sec
        Start 387: LobbyProtocolTest.PackUnpackEmptyString
387/776 Test #387: LobbyProtocolTest.PackUnpackEmptyString ......................................................................   Passed    0.00 sec
        Start 388: LobbyProtocolTest.ExplicitFixedRoomWireLayoutAndZeroReservedBytes
388/776 Test #388: LobbyProtocolTest.ExplicitFixedRoomWireLayoutAndZeroReservedBytes ............................................   Passed    0.00 sec
        Start 389: LobbyProtocolTest.PackStringRejectsLengthOverflow
389/776 Test #389: LobbyProtocolTest.PackStringRejectsLengthOverflow ............................................................   Passed    0.00 sec
        Start 390: LobbyProtocolTest.PackUnpackRoomMetadata
390/776 Test #390: LobbyProtocolTest.PackUnpackRoomMetadata .....................................................................   Passed    0.00 sec
        Start 391: LobbyProtocolTest.PackUnpackRoomConfig
391/776 Test #391: LobbyProtocolTest.PackUnpackRoomConfig .......................................................................   Passed    0.00 sec
        Start 392: LobbyProtocolTest.PackRoomMetadata_BufferTooSmall
392/776 Test #392: LobbyProtocolTest.PackRoomMetadata_BufferTooSmall ............................................................   Passed    0.00 sec
        Start 393: LobbyProtocolTest.UnpackRoomMetadata_BufferTooSmall
393/776 Test #393: LobbyProtocolTest.UnpackRoomMetadata_BufferTooSmall ..........................................................   Passed    0.00 sec
        Start 394: LobbyProtocolTest.PackString_BufferTooSmall
394/776 Test #394: LobbyProtocolTest.PackString_BufferTooSmall ..................................................................   Passed    0.00 sec
        Start 395: LobbyProtocolTest.RoomStatusValues
395/776 Test #395: LobbyProtocolTest.RoomStatusValues ...........................................................................   Passed    0.00 sec
        Start 396: LobbyProtocolTest.LobbyMessageTypeValues
396/776 Test #396: LobbyProtocolTest.LobbyMessageTypeValues .....................................................................   Passed    0.00 sec
        Start 397: LobbyProtocolTest.InvalidConfigRepresentationAndStringsPreserveOutput
397/776 Test #397: LobbyProtocolTest.InvalidConfigRepresentationAndStringsPreserveOutput ........................................   Passed    0.00 sec
        Start 398: LobbyProtocolTest.InvalidMetadataFieldsPreserveOutput
398/776 Test #398: LobbyProtocolTest.InvalidMetadataFieldsPreserveOutput ........................................................   Passed    0.00 sec
        Start 399: RoomManagerTest.CreateRoom
399/776 Test #399: RoomManagerTest.CreateRoom ...................................................................................   Passed    0.00 sec
        Start 400: RoomManagerTest.JoinRoom
400/776 Test #400: RoomManagerTest.JoinRoom .....................................................................................   Passed    0.00 sec
        Start 401: RoomManagerTest.JoinRoom_Full
401/776 Test #401: RoomManagerTest.JoinRoom_Full ................................................................................   Passed    0.00 sec
        Start 402: RoomManagerTest.JoinRoom_AlreadyIn
402/776 Test #402: RoomManagerTest.JoinRoom_AlreadyIn ...........................................................................   Passed    0.00 sec
        Start 403: RoomManagerTest.JoinRoom_NotFound
403/776 Test #403: RoomManagerTest.JoinRoom_NotFound ............................................................................   Passed    0.00 sec
        Start 404: RoomManagerTest.LeaveRoom
404/776 Test #404: RoomManagerTest.LeaveRoom ....................................................................................   Passed    0.00 sec
        Start 405: RoomManagerTest.LeaveRoom_HostLeaves
405/776 Test #405: RoomManagerTest.LeaveRoom_HostLeaves .........................................................................   Passed    0.00 sec
        Start 406: RoomManagerTest.LeaveRoom_LastPlayerLeaves
406/776 Test #406: RoomManagerTest.LeaveRoom_LastPlayerLeaves ...................................................................   Passed    0.00 sec
        Start 407: RoomManagerTest.SetReady
407/776 Test #407: RoomManagerTest.SetReady .....................................................................................   Passed    0.00 sec
        Start 408: RoomManagerTest.StartGame_AllReady
408/776 Test #408: RoomManagerTest.StartGame_AllReady ...........................................................................   Passed    0.00 sec
        Start 409: RoomManagerTest.StartGame_NotHost
409/776 Test #409: RoomManagerTest.StartGame_NotHost ............................................................................   Passed    0.00 sec
        Start 410: RoomManagerTest.StartGame_NotAllReady
410/776 Test #410: RoomManagerTest.StartGame_NotAllReady ........................................................................   Passed    0.00 sec
        Start 411: RoomManagerTest.StartGame_NeedTwoPlayers
411/776 Test #411: RoomManagerTest.StartGame_NeedTwoPlayers .....................................................................   Passed    0.00 sec
        Start 412: RoomManagerTest.ListRooms
412/776 Test #412: RoomManagerTest.ListRooms ....................................................................................   Passed    0.00 sec
        Start 413: RoomManagerTest.FindRoomByPlayer
413/776 Test #413: RoomManagerTest.FindRoomByPlayer .............................................................................   Passed    0.00 sec
        Start 414: RoomManagerTest.JoinStartedRoom
414/776 Test #414: RoomManagerTest.JoinStartedRoom ..............................................................................   Passed    0.00 sec
        Start 415: RoomManagerTest.Cleanup
415/776 Test #415: RoomManagerTest.Cleanup ......................................................................................   Passed    0.00 sec
        Start 416: RoomManagerRegression.ValidatesCapacityAndStartAddress
416/776 Test #416: RoomManagerRegression.ValidatesCapacityAndStartAddress .......................................................   Passed    0.00 sec
        Start 417: LobbyE2ETest.CreateJoinChatAndStartProductionRoom
417/776 Test #417: LobbyE2ETest.CreateJoinChatAndStartProductionRoom ............................................................   Passed    0.06 sec
        Start 418: LobbyE2ETest.FinishedRoomIsRetiredAndSamePeersCanEnterAnotherMatch
418/776 Test #418: LobbyE2ETest.FinishedRoomIsRetiredAndSamePeersCanEnterAnotherMatch ...........................................   Passed    0.15 sec
        Start 419: LobbyE2ETest.RejectsDuplicateNamesAndForeignChat
419/776 Test #419: LobbyE2ETest.RejectsDuplicateNamesAndForeignChat .............................................................   Passed    0.01 sec
        Start 420: LobbyE2ETest.FragmentedChatAndEofAtClient
420/776 Test #420: LobbyE2ETest.FragmentedChatAndEofAtClient ....................................................................   Passed    0.02 sec
        Start 421: MilestoneEcs.MutationHistoryDoesNotChangeIterationOrder
421/776 Test #421: MilestoneEcs.MutationHistoryDoesNotChangeIterationOrder ......................................................   Passed    0.00 sec
        Start 422: MilestoneEcs.QueriesStayOrderedAfterDestruction
422/776 Test #422: MilestoneEcs.QueriesStayOrderedAfterDestruction ..............................................................   Passed    0.00 sec
        Start 423: MilestoneEcs.SystemOrderIsStableAndDependenciesExecuteFirst
423/776 Test #423: MilestoneEcs.SystemOrderIsStableAndDependenciesExecuteFirst ..................................................   Passed    0.00 sec
        Start 424: MilestoneEcs.MissingDependencyDoesNotRunPartialPipeline
424/776 Test #424: MilestoneEcs.MissingDependencyDoesNotRunPartialPipeline ......................................................   Passed    0.00 sec
        Start 425: MilestoneCodec.EveryByteIncludingRleMarkerRoundtrips
425/776 Test #425: MilestoneCodec.EveryByteIncludingRleMarkerRoundtrips .........................................................   Passed    0.00 sec
        Start 426: MilestoneCodec.RejectsMalformedRunsAndTrailingBytes
426/776 Test #426: MilestoneCodec.RejectsMalformedRunsAndTrailingBytes ..........................................................   Passed    0.00 sec
        Start 427: MilestoneCodec.ResizedSnapshotsAndStatsRoundtrip
427/776 Test #427: MilestoneCodec.ResizedSnapshotsAndStatsRoundtrip .............................................................   Passed    0.00 sec
        Start 428: MilestoneCodec.RejectedSnapshotDoesNotChangeBaseline
428/776 Test #428: MilestoneCodec.RejectedSnapshotDoesNotChangeBaseline .........................................................   Passed    0.00 sec
        Start 429: FrameSimulationTest.WholeFramePreservesIndependentInputsAndFrameZero
429/776 Test #429: FrameSimulationTest.WholeFramePreservesIndependentInputsAndFrameZero .........................................   Passed    0.00 sec
        Start 430: FrameSimulationTest.AuthorityUnblocksPredictionAtCap
430/776 Test #430: FrameSimulationTest.AuthorityUnblocksPredictionAtCap .........................................................   Passed    0.00 sec
        Start 431: FrameSimulationTest.SuccessiveCorrectionsRefreshLaterSnapshots
431/776 Test #431: FrameSimulationTest.SuccessiveCorrectionsRefreshLaterSnapshots ...............................................   Passed    0.00 sec
        Start 432: FrameSimulationTest.OutOfOrderDuplicatesAndThousandFrameRun
432/776 Test #432: FrameSimulationTest.OutOfOrderDuplicatesAndThousandFrameRun ..................................................   Passed    0.00 sec
        Start 433: FrameSimulationTest.HashMatchesPythonSha256LittleEndianPrefix
433/776 Test #433: FrameSimulationTest.HashMatchesPythonSha256LittleEndianPrefix ................................................   Passed    0.00 sec
        Start 434: FrameSimulationTest.MissingAuthorityStopsEvenWithExpandedPredictionWindow
434/776 Test #434: FrameSimulationTest.MissingAuthorityStopsEvenWithExpandedPredictionWindow ....................................   Passed    0.00 sec
        Start 435: SnapshotBudgetTest.RejectsBadCountsAndBudgetsBeforeAllocation
435/776 Test #435: SnapshotBudgetTest.RejectsBadCountsAndBudgetsBeforeAllocation ................................................   Passed    0.00 sec
        Start 436: SnapshotBudgetTest.RejectsCapacityAndFailedCallbacksWithoutChangingHistory
436/776 Test #436: SnapshotBudgetTest.RejectsCapacityAndFailedCallbacksWithoutChangingHistory ...................................   Passed    0.00 sec
        Start 437: SnapshotBudgetTest.EnforcesBothCountAndBytesAndReleasesOnClear
437/776 Test #437: SnapshotBudgetTest.EnforcesBothCountAndBytesAndReleasesOnClear ...............................................   Passed    0.00 sec
        Start 438: SnapshotBudgetTest.DuplicateReplacementKeepsItsIndexWhenOtherFramesAreEvicted
438/776 Test #438: SnapshotBudgetTest.DuplicateReplacementKeepsItsIndexWhenOtherFramesAreEvicted ................................   Passed    0.00 sec
        Start 439: SnapshotBudgetTest.CopiesAreIndependentAndMovedFromHistoriesRemainUsable
439/776 Test #439: SnapshotBudgetTest.CopiesAreIndependentAndMovedFromHistoriesRemainUsable .....................................   Passed    0.00 sec
        Start 440: SnapshotBudgetTest.InvalidCorrectionCannotRestoreOrStep
440/776 Test #440: SnapshotBudgetTest.InvalidCorrectionCannotRestoreOrStep ......................................................   Passed    0.00 sec
        Start 441: FrameMemoryBudgetTest.RejectsOversizedCapacityBeforeSteppingAndCanResume
441/776 Test #441: FrameMemoryBudgetTest.RejectsOversizedCapacityBeforeSteppingAndCanResume .....................................   Passed    0.00 sec
        Start 442: FrameMemoryBudgetTest.AggregateBudgetFillsThenAuthorityFreesPredictionSpace
442/776 Test #442: FrameMemoryBudgetTest.AggregateBudgetFillsThenAuthorityFreesPredictionSpace ..................................   Passed    0.00 sec
        Start 443: FrameMemoryBudgetTest.RollbackGrowthRecoversTheCorrectedAuthorityAndDropsSpeculation
443/776 Test #443: FrameMemoryBudgetTest.RollbackGrowthRecoversTheCorrectedAuthorityAndDropsSpeculation .........................   Passed    0.00 sec
        Start 444: FrameMemoryBudgetTest.FailedSaveDuringResimulationLeavesRetryableAuthority
444/776 Test #444: FrameMemoryBudgetTest.FailedSaveDuringResimulationLeavesRetryableAuthority ...................................   Passed    0.00 sec
        Start 445: FrameMemoryBudgetTest.FailedPredictionDoesNotCommitAFrameOrHistoryNode
445/776 Test #445: FrameMemoryBudgetTest.FailedPredictionDoesNotCommitAFrameOrHistoryNode .......................................   Passed    0.00 sec
        Start 446: FrameMemoryBudgetTest.AuthorityOwnsOnlyItsBoundedPayloadAndRecoversAfterDrain
446/776 Test #446: FrameMemoryBudgetTest.AuthorityOwnsOnlyItsBoundedPayloadAndRecoversAfterDrain ................................   Passed    0.00 sec
        Start 447: ReplayMemoryBudgetTest.FrameCapPreservesSerializablePrefixAndRestartResetsMetadata
447/776 Test #447: ReplayMemoryBudgetTest.FrameCapPreservesSerializablePrefixAndRestartResetsMetadata ...........................   Passed    0.00 sec
        Start 448: ReplayMemoryBudgetTest.ByteCapRejectsWithoutLosingTheLastAcceptedFrame
448/776 Test #448: ReplayMemoryBudgetTest.ByteCapRejectsWithoutLosingTheLastAcceptedFrame .......................................   Passed    0.00 sec
        Start 449: ReplayMemoryBudgetTest.LiveSerializationIsConsistentAndUsesExplicitLittleEndian
449/776 Test #449: ReplayMemoryBudgetTest.LiveSerializationIsConsistentAndUsesExplicitLittleEndian ..............................   Passed    0.00 sec
        Start 450: ReplayMemoryBudgetTest.MalformedLoadsPreservePreviousPositionAndPlayback
450/776 Test #450: ReplayMemoryBudgetTest.MalformedLoadsPreservePreviousPositionAndPlayback .....................................   Passed    0.00 sec
        Start 451: ReplayMemoryBudgetTest.BadInputsStopRecordingWithoutAppending
451/776 Test #451: ReplayMemoryBudgetTest.BadInputsStopRecordingWithoutAppending ................................................   Passed    0.00 sec
        Start 452: ReplayMemoryBudgetTest.CopiesMovesAndCapacityRecoveryPreserveIndependentData
452/776 Test #452: ReplayMemoryBudgetTest.CopiesMovesAndCapacityRecoveryPreserveIndependentData .................................   Passed    0.00 sec
        Start 453: ReplayMemoryBudgetTest.FullDefaultBudgetSupportsAFullMatchAndThenStops
453/776 Test #453: ReplayMemoryBudgetTest.FullDefaultBudgetSupportsAFullMatchAndThenStops .......................................   Passed    0.60 sec
        Start 454: ReceiveMemoryBudget.FillRejectPreservesBytesThenConsumeAndRecover
454/776 Test #454: ReceiveMemoryBudget.FillRejectPreservesBytesThenConsumeAndRecover ............................................   Passed    0.00 sec
        Start 455: ReceiveMemoryBudget.BadLengthsAndExcessCallerCapacityAreRejected
455/776 Test #455: ReceiveMemoryBudget.BadLengthsAndExcessCallerCapacityAreRejected .............................................   Passed    0.00 sec
        Start 456: ReplayFileTest.ChunksAreBoundedAndExactlyMatchExistingWireFormat
456/776 Test #456: ReplayFileTest.ChunksAreBoundedAndExactlyMatchExistingWireFormat .............................................   Passed    0.00 sec
        Start 457: ReplayFileTest.ShortWritesAndInterruptedWritesPreserveEveryByte
457/776 Test #457: ReplayFileTest.ShortWritesAndInterruptedWritesPreserveEveryByte ..............................................   Passed    0.00 sec
        Start 458: ReplayFileTest.EveryPreCommitIoFailurePreservesOldFileAndAllowsRetry
458/776 Test #458: ReplayFileTest.EveryPreCommitIoFailurePreservesOldFileAndAllowsRetry .........................................   Passed    0.01 sec
        Start 459: ReplayFileTest.CommittedDirectorySyncFailureIsNotReportedAsOldData
459/776 Test #459: ReplayFileTest.CommittedDirectorySyncFailureIsNotReportedAsOldData ...........................................   Passed    0.01 sec
        Start 460: ReplayFileTest.CleanupFailureIsObservableAndDoesNotRemoveSomeoneElsesFile
460/776 Test #460: ReplayFileTest.CleanupFailureIsObservableAndDoesNotRemoveSomeoneElsesFile ....................................   Passed    0.00 sec
        Start 461: ReplayFileTest.ExceptionsReleaseTemporaryFileAndDescriptors
461/776 Test #461: ReplayFileTest.ExceptionsReleaseTemporaryFileAndDescriptors ..................................................   Passed    0.02 sec
        Start 462: ReplayFileTest.InvalidPathsAndEmptyRecordingsDoNotCreateFiles
462/776 Test #462: ReplayFileTest.InvalidPathsAndEmptyRecordingsDoNotCreateFiles ................................................   Passed    0.00 sec
        Start 463: ReplayFileTest.MaximumReplayReopensInAnotherProcessAndKeepsEveryFrame
463/776 Test #463: ReplayFileTest.MaximumReplayReopensInAnotherProcessAndKeepsEveryFrame ........................................   Passed    0.43 sec
        Start 464: ReplayFileTest.RealFilesystemLimitRejectsWriteAndPreservesOldReplay
464/776 Test #464: ReplayFileTest.RealFilesystemLimitRejectsWriteAndPreservesOldReplay ..........................................   Passed    0.00 sec
        Start 465: ReplayFileTest.ConcurrentReaderAlwaysSeesOneCompletePublishedVersion
465/776 Test #465: ReplayFileTest.ConcurrentReaderAlwaysSeesOneCompletePublishedVersion .........................................   Passed    0.01 sec
        Start 466: ReplayDirectoryTest.RejectsInvalidBudgetsBeforeFilesystemUse
466/776 Test #466: ReplayDirectoryTest.RejectsInvalidBudgetsBeforeFilesystemUse .................................................   Passed    0.00 sec
        Start 467: ReplayDirectoryTest.RequiresCanonicalSeedNameAndNonemptyRecording
467/776 Test #467: ReplayDirectoryTest.RequiresCanonicalSeedNameAndNonemptyRecording ............................................   Passed    0.00 sec
        Start 468: ReplayDirectoryTest.CountFillsRejectsPreservesFilesAndRecoversAfterExplicitRemoval
468/776 Test #468: ReplayDirectoryTest.CountFillsRejectsPreservesFilesAndRecoversAfterExplicitRemoval ...........................   Passed    0.00 sec
        Start 469: ReplayDirectoryTest.ByteQuotaIncludesOldDestinationAndNewScratchDuringReplacement
469/776 Test #469: ReplayDirectoryTest.ByteQuotaIncludesOldDestinationAndNewScratchDuringReplacement ............................   Passed    0.00 sec
        Start 470: ReplayDirectoryTest.SameSeedCanReplaceAtFileCountLimit
470/776 Test #470: ReplayDirectoryTest.SameSeedCanReplaceAtFileCountLimit .......................................................   Passed    0.00 sec
        Start 471: ReplayDirectoryTest.MinimumScanBudgetIncludesPrivateDirectoryAndAllowsReplacement
471/776 Test #471: ReplayDirectoryTest.MinimumScanBudgetIncludesPrivateDirectoryAndAllowsReplacement ............................   Passed    0.00 sec
        Start 472: ReplayDirectoryTest.DefaultFileCountRejectsTheSixtyFifthDistinctSeed
472/776 Test #472: ReplayDirectoryTest.DefaultFileCountRejectsTheSixtyFifthDistinctSeed .........................................   Passed    0.00 sec
        Start 473: ReplayDirectoryTest.UnsafeInterruptedLinksAreRejectedWithoutRemovingThem
473/776 Test #473: ReplayDirectoryTest.UnsafeInterruptedLinksAreRejectedWithoutRemovingThem .....................................   Passed    0.00 sec
        Start 474: ReplayDirectoryTest.PrivateUnknownAndLegacyParentScratchArePreservedAndCounted
474/776 Test #474: ReplayDirectoryTest.PrivateUnknownAndLegacyParentScratchArePreservedAndCounted ...............................   Passed    0.00 sec
        Start 475: ReplayDirectoryTest.RejectsSymlinkedScratchDirectoryAndLinkedPublishedFiles
475/776 Test #475: ReplayDirectoryTest.RejectsSymlinkedScratchDirectoryAndLinkedPublishedFiles ..................................   Passed    0.00 sec
        Start 476: ReplayDirectoryTest.RejectsUnsafeScratchPermissionsAndBoundsUnrelatedDirectoryScan
476/776 Test #476: ReplayDirectoryTest.RejectsUnsafeScratchPermissionsAndBoundsUnrelatedDirectoryScan ...........................   Passed    0.00 sec
        Start 477: ReplayDirectoryTest.KilledWriterReleasesLockAndOnlyOwnedInterruptedFileIsRecovered
477/776 Test #477: ReplayDirectoryTest.KilledWriterReleasesLockAndOnlyOwnedInterruptedFileIsRecovered ...........................   Passed    0.00 sec
        Start 478: ReplayDirectoryTest.ThreeProcessesShareTheSameSingleFileAdmission
478/776 Test #478: ReplayDirectoryTest.ThreeProcessesShareTheSameSingleFileAdmission ............................................   Passed    0.01 sec
        Start 479: ReplayDirectoryTest.AllocationExceptionsReleaseLockDescriptorsAndPendingFiles
479/776 Test #479: ReplayDirectoryTest.AllocationExceptionsReleaseLockDescriptorsAndPendingFiles ................................   Passed    0.00 sec
        Start 480: ReplayDirectoryTest.CommittedSyncFailureRemainsPublishedAndConsumesQuota
480/776 Test #480: ReplayDirectoryTest.CommittedSyncFailureRemainsPublishedAndConsumesQuota .....................................   Passed    0.00 sec
        Start 481: ReplayDirectoryTest.MaximumRecordingUsesTheSameWireBytesAndReplacesWithinPeakBudget
481/776 Test #481: ReplayDirectoryTest.MaximumRecordingUsesTheSameWireBytesAndReplacesWithinPeakBudget ..........................   Passed    1.07 sec
        Start 482: DatagramTest.ConstructorValidatesBudgetBeforeUse
482/776 Test #482: DatagramTest.ConstructorValidatesBudgetBeforeUse .............................................................   Passed    0.02 sec
        Start 483: DatagramTest.PacketCapRejectsBeforeSequenceAndRecoversAfterAck
483/776 Test #483: DatagramTest.PacketCapRejectsBeforeSequenceAndRecoversAfterAck ...............................................   Passed    0.05 sec
        Start 484: DatagramTest.ByteCapIsIndependentOfPacketCountAndSurvivesRepeatedDrain
484/776 Test #484: DatagramTest.ByteCapIsIndependentOfPacketCountAndSurvivesRepeatedDrain .......................................   Passed    0.48 sec
        Start 485: DatagramTest.InvalidLengthsNeverAllocateOrConsumeSequence
485/776 Test #485: DatagramTest.InvalidLengthsNeverAllocateOrConsumeSequence ....................................................   Passed    0.02 sec
        Start 486: DatagramTest.RetryExhaustionIsTerminalAndReleasesAllPackets
486/776 Test #486: DatagramTest.RetryExhaustionIsTerminalAndReleasesAllPackets ..................................................   Passed    0.05 sec
        Start 487: DatagramTest.AckAfterRetransmitDoesNotDistortRttAndFreesCapacity
487/776 Test #487: DatagramTest.AckAfterRetransmitDoesNotDistortRttAndFreesCapacity .............................................   Passed    0.04 sec
        Start 488: DatagramTest.SendAndRetransmitSocketFailuresReleasePendingStorage
488/776 Test #488: DatagramTest.SendAndRetransmitSocketFailuresReleasePendingStorage ............................................   Passed    0.08 sec
        Start 489: DatagramTest.MalformedDataAndUnknownAcksDoNotChangePendingOrDeliver
489/776 Test #489: DatagramTest.MalformedDataAndUnknownAcksDoNotChangePendingOrDeliver ..........................................   Passed    0.04 sec
        Start 490: DatagramTest.RealReceiverAcknowledgesAndCallbackCanSendAndClose
490/776 Test #490: DatagramTest.RealReceiverAcknowledgesAndCallbackCanSendAndClose ..............................................   Passed    0.04 sec
        Start 491: DatagramTest.AckSendFailureDoesNotDeliverAndClosePreservesSharedSocket
491/776 Test #491: DatagramTest.AckSendFailureDoesNotDeliverAndClosePreservesSharedSocket .......................................   Passed    0.04 sec
        Start 492: DatagramTest.ConcurrentSendsCannotExceedBudget
492/776 Test #492: DatagramTest.ConcurrentSendsCannotExceedBudget ...............................................................   Passed    0.08 sec
        Start 493: DatagramTest.ReorderedDatagramsDeliverExactlyOnceAndInSequence
493/776 Test #493: DatagramTest.ReorderedDatagramsDeliverExactlyOnceAndInSequence ...............................................   Passed    0.03 sec
        Start 494: DatagramTest.ConflictingFutureDatagramFailsBeforeApplicationDelivery
494/776 Test #494: DatagramTest.ConflictingFutureDatagramFailsBeforeApplicationDelivery .........................................   Passed    0.04 sec
        Start 495: DatagramTest.ReceiveCapacityCountsInFlightCallbacksAndRetainedFuturePackets
495/776 Test #495: DatagramTest.ReceiveCapacityCountsInFlightCallbacksAndRetainedFuturePackets ..................................   Passed    0.04 sec
        Start 496: DatagramTest.ReentrantReceiveQueuesBehindCurrentCallbackWithoutDeadlock
496/776 Test #496: DatagramTest.ReentrantReceiveQueuesBehindCurrentCallbackWithoutDeadlock ......................................   Passed    0.03 sec
        Start 497: DatagramTest.ThrowingReceiveCallbackReleasesBothDirectionsAndRejectsFurtherWork
497/776 Test #497: DatagramTest.ThrowingReceiveCallbackReleasesBothDirectionsAndRejectsFurtherWork ..............................   Passed    0.04 sec
        Start 498: DatagramTest.ReceiveByteLimitAndSequenceWindowRejectBeforeAck
498/776 Test #498: DatagramTest.ReceiveByteLimitAndSequenceWindowRejectBeforeAck ................................................   Passed    0.04 sec
        Start 499: RTTBudget.ExtremeDurationsAndDeviationRemainBoundedInMilliseconds
499/776 Test #499: RTTBudget.ExtremeDurationsAndDeviationRemainBoundedInMilliseconds ............................................   Passed    0.00 sec
        Start 500: BoundedTCP.ValidatesBudgetsAndInvalidMessagesBeforeCopy
500/776 Test #500: BoundedTCP.ValidatesBudgetsAndInvalidMessagesBeforeCopy ......................................................   Passed    0.02 sec
        Start 501: BoundedTCP.CountLimitCopiesCallerBytesThenDrainsInOrderAndRecovers
501/776 Test #501: BoundedTCP.CountLimitCopiesCallerBytesThenDrainsInOrderAndRecovers ...........................................   Passed    0.02 sec
        Start 502: BoundedTCP.ByteLimitAppliesBeforeExecutorRunsAndAfterRepeatedDrain
502/776 Test #502: BoundedTCP.ByteLimitAppliesBeforeExecutorRunsAndAfterRepeatedDrain ...........................................   Passed    0.03 sec
        Start 503: BoundedTCP.CloseBeforeDispatchDropsQueuedDataWithoutSending
503/776 Test #503: BoundedTCP.CloseBeforeDispatchDropsQueuedDataWithoutSending ..................................................   Passed    0.01 sec
        Start 504: BoundedTCP.CancelKeepsInFlightStorageUntilItsCallbackCompletes
504/776 Test #504: BoundedTCP.CancelKeepsInFlightStorageUntilItsCallbackCompletes ...............................................   Passed    0.04 sec
        Start 505: BoundedTCP.SlowReaderCannotBlockAnotherConnectionAndHasWriteDeadline
505/776 Test #505: BoundedTCP.SlowReaderCannotBlockAnotherConnectionAndHasWriteDeadline .........................................   Passed    0.23 sec
        Start 506: BoundedTCP.PeerResetReleasesAcceptedMessages
506/776 Test #506: BoundedTCP.PeerResetReleasesAcceptedMessages .................................................................   Passed    0.00 sec
        Start 507: BoundedTCP.ReadIsBoundedAndCallbackCanSendWithoutReenteringMutex
507/776 Test #507: BoundedTCP.ReadIsBoundedAndCallbackCanSendWithoutReenteringMutex .............................................   Passed    0.02 sec
        Start 508: BoundedTCP.DestructionCancelsWriteAndReleasesOwnedSocketAfterCompletion
508/776 Test #508: BoundedTCP.DestructionCancelsWriteAndReleasesOwnedSocketAfterCompletion ......................................   Passed    0.03 sec
        Start 509: BoundedTCP.ConcurrentProducersCannotQueueUnboundedExecutorWork
509/776 Test #509: BoundedTCP.ConcurrentProducersCannotQueueUnboundedExecutorWork ...............................................   Passed    0.01 sec
        Start 510: LobbyCapacity.ConstructorRejectsBadLimits
510/776 Test #510: LobbyCapacity.ConstructorRejectsBadLimits ....................................................................   Passed    0.02 sec
        Start 511: LobbyCapacity.RejectsExcessConnectionThenAcceptsAfterActualDisconnect
511/776 Test #511: LobbyCapacity.RejectsExcessConnectionThenAcceptsAfterActualDisconnect ........................................   Passed    0.03 sec
        Start 512: LobbyCapacity.UnidentifiedReservationExpiresButNamedConnectionSurvives
512/776 Test #512: LobbyCapacity.UnidentifiedReservationExpiresButNamedConnectionSurvives .......................................   Passed    0.22 sec
        Start 513: LobbyCapacity.OversizedLengthHeadersAreRejectedWithoutTheirPayloads
513/776 Test #513: LobbyCapacity.OversizedLengthHeadersAreRejectedWithoutTheirPayloads ..........................................   Passed    0.01 sec
        Start 514: LobbyCapacity.InvalidConfigBoolAndUnterminatedStringAreRejectedBeforeRoomCreation
514/776 Test #514: LobbyCapacity.InvalidConfigBoolAndUnterminatedStringAreRejectedBeforeRoomCreation ............................   Passed    0.02 sec
        Start 515: LobbyCapacity.OutboundMessageCapDisconnectsFlooderAndHealthyPeerStillWorks
515/776 Test #515: LobbyCapacity.OutboundMessageCapDisconnectsFlooderAndHealthyPeerStillWorks ...................................   Passed    0.02 sec
        Start 516: LobbyCapacity.OutboundByteCapIsIndependentOfMessageCapAndRecovers
516/776 Test #516: LobbyCapacity.OutboundByteCapIsIndependentOfMessageCapAndRecovers ............................................   Passed    0.02 sec
        Start 517: LobbyCapacity.LargestChatWithFragmentationAndFollowingMessageRemainsValid
517/776 Test #517: LobbyCapacity.LargestChatWithFragmentationAndFollowingMessageRemainsValid ....................................   Passed    0.02 sec
        Start 518: LobbyCapacity.DestroyServerWithActiveReadsAndQueuedOutputDrainsCallbacks
518/776 Test #518: LobbyCapacity.DestroyServerWithActiveReadsAndQueuedOutputDrainsCallbacks .....................................   Passed    0.03 sec
        Start 519: LobbyCapacity.StoppedIoCanDestroyServerAndPendingHandlersWithoutResurrection
519/776 Test #519: LobbyCapacity.StoppedIoCanDestroyServerAndPendingHandlersWithoutResurrection .................................   Passed    0.01 sec
        Start 520: LobbyClientCapacity.CountLimitIsReservedBeforeIoAndOverflowDisconnectsExplicitly
520/776 Test #520: LobbyClientCapacity.CountLimitIsReservedBeforeIoAndOverflowDisconnectsExplicitly .............................   Passed    0.03 sec
        Start 521: LobbyClientCapacity.ByteLimitIsIndependentOfMessageCount
521/776 Test #521: LobbyClientCapacity.ByteLimitIsIndependentOfMessageCount .....................................................   Passed    0.02 sec
        Start 522: LobbyClientCapacity.FullQueueDrainsInOrderAndCanBeReusedOneHundredTimes
522/776 Test #522: LobbyClientCapacity.FullQueueDrainsInOrderAndCanBeReusedOneHundredTimes ......................................   Passed    0.14 sec
        Start 523: LobbyClientCapacity.OversizedHeadersAndUnknownTypesFailBeforePayloadArrival
523/776 Test #523: LobbyClientCapacity.OversizedHeadersAndUnknownTypesFailBeforePayloadArrival ..................................   Passed    0.11 sec
        Start 524: LobbyClientCapacity.MaximumRoomListFragmentedThenCoalescedMessageIsPreserved
524/776 Test #524: LobbyClientCapacity.MaximumRoomListFragmentedThenCoalescedMessageIsPreserved .................................   Passed    0.02 sec
        Start 525: LobbyClientCapacity.ByteBoundedChatHistoryAccountsMixedStringCapacitiesAndRecovers
525/776 Test #525: LobbyClientCapacity.ByteBoundedChatHistoryAccountsMixedStringCapacitiesAndRecovers ...........................   Passed    0.72 sec
        Start 526: LobbyClientCapacity.ChatCountLimitRetainsLatestMessagesBelowByteLimit
526/776 Test #526: LobbyClientCapacity.ChatCountLimitRetainsLatestMessagesBelowByteLimit ........................................   Passed    1.27 sec
        Start 527: LobbyClientCapacity.CallbackCanDisconnectReplaceItselfAndKeepPacketAlive
527/776 Test #527: LobbyClientCapacity.CallbackCanDisconnectReplaceItselfAndKeepPacketAlive .....................................   Passed    0.01 sec
        Start 528: LobbyClientCapacity.InvalidRoomMetadataDoesNotReplacePreviouslyValidList
528/776 Test #528: LobbyClientCapacity.InvalidRoomMetadataDoesNotReplacePreviouslyValidList .....................................   Passed    0.02 sec
        Start 529: LobbyClientCapacity.DestructionDiscardsNeverDispatchedReadsAndWritesSafely
529/776 Test #529: LobbyClientCapacity.DestructionDiscardsNeverDispatchedReadsAndWritesSafely ...................................   Passed    0.02 sec
        Start 530: TCPFrameServer.InvalidSlotsAndMutatedBudgetsFailBeforeClientAllocation
530/776 Test #530: TCPFrameServer.InvalidSlotsAndMutatedBudgetsFailBeforeClientAllocation .......................................   Passed    0.08 sec
        Start 531: TCPFrameServer.FullConnectionsRejectAndRecoverBeforeMatchStarts
531/776 Test #531: TCPFrameServer.FullConnectionsRejectAndRecoverBeforeMatchStarts ..............................................   Passed    0.03 sec
        Start 532: TCPFrameServer.UnreadyConnectionsExpireAndReleaseReservation
532/776 Test #532: TCPFrameServer.UnreadyConnectionsExpireAndReleaseReservation .................................................   Passed    0.14 sec
        Start 533: TCPFrameServer.InvalidHeadersAndForeignSlotDisconnectWithoutGrowingBuffer
533/776 Test #533: TCPFrameServer.InvalidHeadersAndForeignSlotDisconnectWithoutGrowingBuffer ....................................   Passed    0.08 sec
        Start 534: TCPFrameServer.FragmentedInputAndHeartbeatPreserveFrameAndSlotOrder
534/776 Test #534: TCPFrameServer.FragmentedInputAndHeartbeatPreserveFrameAndSlotOrder ..........................................   Passed    0.11 sec
        Start 535: TCPFrameServer.SlowReaderIsClosedWhileHealthyPeerReceivesConsecutiveFullFrames
535/776 Test #535: TCPFrameServer.SlowReaderIsClosedWhileHealthyPeerReceivesConsecutiveFullFrames ...............................   Passed    0.46 sec
        Start 536: TCPFrameServer.StopWakesWaitingFrameLoopAndDrainsPendingSocketCallbacks
536/776 Test #536: TCPFrameServer.StopWakesWaitingFrameLoopAndDrainsPendingSocketCallbacks ......................................   Passed    0.01 sec
        Start 537: TCPFrameServer.WrapperDestructionWithLiveIoKeepsCallbacksSafe
537/776 Test #537: TCPFrameServer.WrapperDestructionWithLiveIoKeepsCallbacksSafe ................................................   Passed    0.01 sec
        Start 538: TCPClientCapacity.InvalidConfigurationIsRejectedBeforeConnecting
538/776 Test #538: TCPClientCapacity.InvalidConfigurationIsRejectedBeforeConnecting .............................................   Passed    0.00 sec
        Start 539: TCPClientCapacity.PartialHandshakeHasAnAbsoluteDeadline
539/776 Test #539: TCPClientCapacity.PartialHandshakeHasAnAbsoluteDeadline ......................................................   Passed    0.06 sec
        Start 540: TCPClientCapacity.InvalidSessionAndSlotHeadersFailEarly
540/776 Test #540: TCPClientCapacity.InvalidSessionAndSlotHeadersFailEarly ......................................................   Passed    0.11 sec
        Start 541: TCPClientCapacity.AuthorityCapacityReleasesOnPopAndPreservesWholeFrames
541/776 Test #541: TCPClientCapacity.AuthorityCapacityReleasesOnPopAndPreservesWholeFrames ......................................   Passed    0.07 sec
        Start 542: TCPClientCapacity.AuthorityAndHashOverflowStopAndReleasePayloads
542/776 Test #542: TCPClientCapacity.AuthorityAndHashOverflowStopAndReleasePayloads .............................................   Passed    0.03 sec
        Start 543: TCPClientCapacity.MalformedInputsAndConflictingHashesAreTerminal
543/776 Test #543: TCPClientCapacity.MalformedInputsAndConflictingHashesAreTerminal .............................................   Passed    0.08 sec
        Start 544: TCPClientCapacity.ControlsConsumeEntirePacketsAndLeaveAuthorityAligned
544/776 Test #544: TCPClientCapacity.ControlsConsumeEntirePacketsAndLeaveAuthorityAligned .......................................   Passed    0.06 sec
        Start 545: TCPClientCapacity.OutgoingLimitIncludesUndispatchedPacketsAndCloseDrains
545/776 Test #545: TCPClientCapacity.OutgoingLimitIncludesUndispatchedPacketsAndCloseDrains .....................................   Passed    0.01 sec
        Start 546: TCPClientCapacity.IdlePeerTerminatesAndForeignSlotsCannotBeSent
546/776 Test #546: TCPClientCapacity.IdlePeerTerminatesAndForeignSlotsCannotBeSent ..............................................   Passed    0.08 sec
        Start 547: TCPClientCapacity.ResumeRestoresOneBoundedSnapshotAndKeepsCoalescedFrames
547/776 Test #547: TCPClientCapacity.ResumeRestoresOneBoundedSnapshotAndKeepsCoalescedFrames ....................................   Passed    0.02 sec
        Start 548: TCPClientCapacity.MaximumAssignmentAndInputUseAllTwentyTwoSlots
548/776 Test #548: TCPClientCapacity.MaximumAssignmentAndInputUseAllTwentyTwoSlots ..............................................   Passed    0.06 sec
        Start 549: TCPClientCapacity.OversizedSnapshotFailsAndASecondAttemptRetainsSessionIdentity
549/776 Test #549: TCPClientCapacity.OversizedSnapshotFailsAndASecondAttemptRetainsSessionIdentity ..............................   Passed    0.10 sec
        Start 550: TCPClientCapacity.DestructionDiscardsPendingReadAndUndispatchedWrites
550/776 Test #550: TCPClientCapacity.DestructionDiscardsPendingReadAndUndispatchedWrites ........................................   Passed    0.40 sec
        Start 551: TCPFrameClient.FrameZeroAndIndependentInputsUnblockPredictionAtItsCap
551/776 Test #551: TCPFrameClient.FrameZeroAndIndependentInputsUnblockPredictionAtItsCap ........................................   Passed    0.02 sec
        Start 552: TCPFrameClient.HashMismatchStopsAllFurtherEngineSteps
552/776 Test #552: TCPFrameClient.HashMismatchStopsAllFurtherEngineSteps ........................................................   Passed    0.02 sec
        Start 553: TCPFrameClient.ResumeUsesSnapshotFrameOriginWithoutReinitializingEngine
553/776 Test #553: TCPFrameClient.ResumeUsesSnapshotFrameOriginWithoutReinitializingEngine ......................................   Passed    0.07 sec
        Start 554: ReconnectingClient.RetryConfigurationAndMissingCredentialFailBeforeIO
554/776 Test #554: ReconnectingClient.RetryConfigurationAndMissingCredentialFailBeforeIO ........................................   Passed    0.00 sec
        Start 555: ReconnectingClient.ConnectionRefusalSaturatesDelayAndExhaustsFiniteRetryBudget
555/776 Test #555: ReconnectingClient.ConnectionRefusalSaturatesDelayAndExhaustsFiniteRetryBudget ...............................   Passed    0.03 sec
        Start 556: ReconnectingClient.EOFTriggersAutomaticSnapshotResumeAndConfirmedHashProgress
556/776 Test #556: ReconnectingClient.EOFTriggersAutomaticSnapshotResumeAndConfirmedHashProgress ................................   Passed    0.06 sec
        Start 557: ReconnectingClient.ProtocolAndHashFailuresDoNotRetryOrKeepStepping
557/776 Test #557: ReconnectingClient.ProtocolAndHashFailuresDoNotRetryOrKeepStepping ...........................................   Passed    0.03 sec
        Start 558: ReconnectingClient.CloseInsideDisconnectCallbackCancelsAutomaticRecovery
558/776 Test #558: ReconnectingClient.CloseInsideDisconnectCallbackCancelsAutomaticRecovery .....................................   Passed    0.02 sec
        Start 559: ReconnectingClient.CloseOrThrowInsideRetryCallbackCannotStartANewConnection
559/776 Test #559: ReconnectingClient.CloseOrThrowInsideRetryCallbackCannotStartANewConnection ..................................   Passed    0.05 sec
        Start 560: ReconnectingClient.CloseDuringEnginePreparationCannotReportConnectionSuccess
560/776 Test #560: ReconnectingClient.CloseDuringEnginePreparationCannotReportConnectionSuccess .................................   Passed    0.01 sec
        Start 561: ReconnectingClient.FailedInitialEnginePreparationIsTerminal
561/776 Test #561: ReconnectingClient.FailedInitialEnginePreparationIsTerminal ..................................................   Passed    0.02 sec
        Start 562: ReconnectingClient.PartialResumeTimeoutRetriesTheSameSessionAndRestoresOnSecondAttempt
562/776 Test #562: ReconnectingClient.PartialResumeTimeoutRetriesTheSameSessionAndRestoresOnSecondAttempt .......................   Passed    0.17 sec
        Start 563: ReconnectingClient.InvalidEngineSnapshotDoesNotSendReadyOrRetry
563/776 Test #563: ReconnectingClient.InvalidEngineSnapshotDoesNotSendReadyOrRetry ..............................................   Passed    0.05 sec
        Start 564: native_udp_bootstrap_test.UDPBootstrap.CanonicalEndpointAndScope
564/776 Test #564: native_udp_bootstrap_test.UDPBootstrap.CanonicalEndpointAndScope .............................................   Passed    0.00 sec
        Start 565: native_udp_bootstrap_test.UDPBootstrap.RejectInvalidEndpointsAndPadding
565/776 Test #565: native_udp_bootstrap_test.UDPBootstrap.RejectInvalidEndpointsAndPadding ......................................   Passed    0.00 sec
        Start 566: native_udp_bootstrap_test.UDPBootstrap.ExactBoundedWireFormat
566/776 Test #566: native_udp_bootstrap_test.UDPBootstrap.ExactBoundedWireFormat ................................................   Passed    0.00 sec
        Start 567: native_udp_bootstrap_test.UDPBootstrap.RejectMalformedWireBeforeState
567/776 Test #567: native_udp_bootstrap_test.UDPBootstrap.RejectMalformedWireBeforeState ........................................   Passed    0.00 sec
        Start 568: native_udp_bootstrap_test.UDPBootstrap.ServerEntropyFailsClosedAndIsBounded
568/776 Test #568: native_udp_bootstrap_test.UDPBootstrap.ServerEntropyFailsClosedAndIsBounded ..................................   Passed    0.00 sec
        Start 569: native_udp_bootstrap_test.UDPBootstrap.ClientEntropyFailsClosedAndIsBounded
569/776 Test #569: native_udp_bootstrap_test.UDPBootstrap.ClientEntropyFailsClosedAndIsBounded ..................................   Passed    0.00 sec
        Start 570: native_udp_bootstrap_test.UDPBootstrap.CookieBindsAllBytesAndReturnRoute
570/776 Test #570: native_udp_bootstrap_test.UDPBootstrap.CookieBindsAllBytesAndReturnRoute .....................................   Passed    0.00 sec
        Start 571: native_udp_bootstrap_test.UDPBootstrap.ServerExpirationAndOverflowAreAbsolute
571/776 Test #571: native_udp_bootstrap_test.UDPBootstrap.ServerExpirationAndOverflowAreAbsolute ................................   Passed    0.00 sec
        Start 572: native_udp_bootstrap_test.UDPBootstrap.RestartAndFreshNonceChangeIdentity
572/776 Test #572: native_udp_bootstrap_test.UDPBootstrap.RestartAndFreshNonceChangeIdentity ....................................   Passed    0.00 sec
        Start 573: native_udp_bootstrap_test.UDPBootstrap.NoRegistrySlotsAllocatedByHelloFlood
573/776 Test #573: native_udp_bootstrap_test.UDPBootstrap.NoRegistrySlotsAllocatedByHelloFlood ..................................   Passed    0.01 sec
        Start 574: native_udp_bootstrap_test.UDPBootstrap.CapacityIsHardBoundIncludingTombstones
574/776 Test #574: native_udp_bootstrap_test.UDPBootstrap.CapacityIsHardBoundIncludingTombstones ................................   Passed    0.00 sec
        Start 575: native_udp_bootstrap_test.UDPBootstrap.DuplicateConfirmReusesExistingChannel
575/776 Test #575: native_udp_bootstrap_test.UDPBootstrap.DuplicateConfirmReusesExistingChannel .................................   Passed    0.00 sec
        Start 576: native_udp_bootstrap_test.UDPBootstrap.RetiredGenerationCannotReopenBeforeCookieExpiry
576/776 Test #576: native_udp_bootstrap_test.UDPBootstrap.RetiredGenerationCannotReopenBeforeCookieExpiry .......................   Passed    0.00 sec
        Start 577: native_udp_bootstrap_test.UDPBootstrap.ActiveConnectionOutlivesBootstrapCookie
577/776 Test #577: native_udp_bootstrap_test.UDPBootstrap.ActiveConnectionOutlivesBootstrapCookie ...............................   Passed    0.00 sec
        Start 578: native_udp_bootstrap_test.UDPBootstrap.RegistryRejectsClockReversalAndWrongRetirement
578/776 Test #578: native_udp_bootstrap_test.UDPBootstrap.RegistryRejectsClockReversalAndWrongRetirement ........................   Passed    0.00 sec
        Start 579: native_udp_bootstrap_test.UDPBootstrap.ClientUsesOwnClockAndDeadline
579/776 Test #579: native_udp_bootstrap_test.UDPBootstrap.ClientUsesOwnClockAndDeadline .........................................   Passed    0.00 sec
        Start 580: native_udp_bootstrap_test.UDPBootstrap.RetransmissionNeverRenewsDeadline
580/776 Test #580: native_udp_bootstrap_test.UDPBootstrap.RetransmissionNeverRenewsDeadline .....................................   Passed    0.01 sec
        Start 581: native_udp_bootstrap_test.UDPBootstrap.FirstChallengeRemainsStableAcrossRetries
581/776 Test #581: native_udp_bootstrap_test.UDPBootstrap.FirstChallengeRemainsStableAcrossRetries ..............................   Passed    0.01 sec
        Start 582: native_udp_bootstrap_test.UDPBootstrap.DuplicateWelcomeCannotResetEstablishedState
582/776 Test #582: native_udp_bootstrap_test.UDPBootstrap.DuplicateWelcomeCannotResetEstablishedState ...........................   Passed    0.01 sec
        Start 583: native_udp_bootstrap_test.UDPBootstrap.WelcomeBeforeChallengeAndConfirmAreIgnored
583/776 Test #583: native_udp_bootstrap_test.UDPBootstrap.WelcomeBeforeChallengeAndConfirmAreIgnored ............................   Passed    0.00 sec
        Start 584: native_udp_bootstrap_test.UDPBootstrap.WrongReplyEndpointCannotEstablishOrChooseCookie
584/776 Test #584: native_udp_bootstrap_test.UDPBootstrap.WrongReplyEndpointCannotEstablishOrChooseCookie .......................   Passed    0.00 sec
        Start 585: native_udp_bootstrap_test.UDPBootstrap.OldAttemptCannotEstablishFreshAttempt
585/776 Test #585: native_udp_bootstrap_test.UDPBootstrap.OldAttemptCannotEstablishFreshAttempt .................................   Passed    0.00 sec
        Start 586: native_udp_bootstrap_test.UDPBootstrap.SelectedCookieMustMatchEveryWelcomeByte
586/776 Test #586: native_udp_bootstrap_test.UDPBootstrap.SelectedCookieMustMatchEveryWelcomeByte ...............................   Passed    0.00 sec
        Start 587: native_udp_bootstrap_test.UDPBootstrap.LateRepliesAndClockReversalNeverExtendAttempt
587/776 Test #587: native_udp_bootstrap_test.UDPBootstrap.LateRepliesAndClockReversalNeverExtendAttempt .........................   Passed    0.00 sec
        Start 588: native_udp_bootstrap_test.UDPBootstrap.ActualEntropyGeneratesDistinctPhysicalAttempts
588/776 Test #588: native_udp_bootstrap_test.UDPBootstrap.ActualEntropyGeneratesDistinctPhysicalAttempts ........................   Passed    0.00 sec
        Start 589: native_udp_bootstrap_test.UDPBootstrap.MatchesIndependentHmacSha256Vector
589/776 Test #589: native_udp_bootstrap_test.UDPBootstrap.MatchesIndependentHmacSha256Vector ....................................   Passed    0.00 sec
        Start 590: native_udp_bootstrap_test.UDPBootstrapSocket.LostMessagesRetryWithoutDuplicatingChannel
590/776 Test #590: native_udp_bootstrap_test.UDPBootstrapSocket.LostMessagesRetryWithoutDuplicatingChannel ......................   Passed    0.15 sec
        Start 591: native_udp_bootstrap_test.UDPBootstrapSocket.FreshNegotiationRejectsPreviousDataAndAck
591/776 Test #591: native_udp_bootstrap_test.UDPBootstrapSocket.FreshNegotiationRejectsPreviousDataAndAck .......................   Passed    0.04 sec
        Start 592: native_udp_window_test.DatagramTest.ConstructorValidatesBudgetBeforeUse
592/776 Test #592: native_udp_window_test.DatagramTest.ConstructorValidatesBudgetBeforeUse ......................................   Passed    0.04 sec
        Start 593: native_udp_window_test.DatagramTest.PacketCapRejectsBeforeSequenceAndRecoversAfterAck
593/776 Test #593: native_udp_window_test.DatagramTest.PacketCapRejectsBeforeSequenceAndRecoversAfterAck ........................   Passed    0.05 sec
        Start 594: native_udp_window_test.DatagramTest.ByteCapIsIndependentOfPacketCountAndSurvivesRepeatedDrain
594/776 Test #594: native_udp_window_test.DatagramTest.ByteCapIsIndependentOfPacketCountAndSurvivesRepeatedDrain ................   Passed    0.48 sec
        Start 595: native_udp_window_test.DatagramTest.InvalidLengthsNeverAllocateOrConsumeSequence
595/776 Test #595: native_udp_window_test.DatagramTest.InvalidLengthsNeverAllocateOrConsumeSequence .............................   Passed    0.02 sec
        Start 596: native_udp_window_test.DatagramTest.RetryExhaustionIsTerminalAndReleasesAllPackets
596/776 Test #596: native_udp_window_test.DatagramTest.RetryExhaustionIsTerminalAndReleasesAllPackets ...........................   Passed    0.05 sec
        Start 597: native_udp_window_test.DatagramTest.AckAfterRetransmitDoesNotDistortRttAndFreesCapacity
597/776 Test #597: native_udp_window_test.DatagramTest.AckAfterRetransmitDoesNotDistortRttAndFreesCapacity ......................   Passed    0.04 sec
        Start 598: native_udp_window_test.DatagramTest.SendAndRetransmitSocketFailuresReleasePendingStorage
598/776 Test #598: native_udp_window_test.DatagramTest.SendAndRetransmitSocketFailuresReleasePendingStorage .....................   Passed    0.08 sec
        Start 599: native_udp_window_test.DatagramTest.MalformedDataAndUnknownAcksDoNotChangePendingOrDeliver
599/776 Test #599: native_udp_window_test.DatagramTest.MalformedDataAndUnknownAcksDoNotChangePendingOrDeliver ...................   Passed    0.04 sec
        Start 600: native_udp_window_test.DatagramTest.RealReceiverAcknowledgesAndCallbackCanSendAndClose
600/776 Test #600: native_udp_window_test.DatagramTest.RealReceiverAcknowledgesAndCallbackCanSendAndClose .......................   Passed    0.04 sec
        Start 601: native_udp_window_test.DatagramTest.AckSendFailureDoesNotDeliverAndClosePreservesSharedSocket
601/776 Test #601: native_udp_window_test.DatagramTest.AckSendFailureDoesNotDeliverAndClosePreservesSharedSocket ................   Passed    0.04 sec
        Start 602: native_udp_window_test.DatagramTest.ConcurrentSendsCannotExceedBudget
602/776 Test #602: native_udp_window_test.DatagramTest.ConcurrentSendsCannotExceedBudget ........................................   Passed    0.08 sec
        Start 603: native_udp_window_test.DatagramTest.ReorderedDatagramsDeliverExactlyOnceAndInSequence
603/776 Test #603: native_udp_window_test.DatagramTest.ReorderedDatagramsDeliverExactlyOnceAndInSequence ........................   Passed    0.03 sec
        Start 604: native_udp_window_test.DatagramTest.ConflictingFutureDatagramFailsBeforeApplicationDelivery
604/776 Test #604: native_udp_window_test.DatagramTest.ConflictingFutureDatagramFailsBeforeApplicationDelivery ..................   Passed    0.04 sec
        Start 605: native_udp_window_test.DatagramTest.ReceiveCapacityCountsInFlightCallbacksAndRetainedFuturePackets
605/776 Test #605: native_udp_window_test.DatagramTest.ReceiveCapacityCountsInFlightCallbacksAndRetainedFuturePackets ...........   Passed    0.04 sec
        Start 606: native_udp_window_test.DatagramTest.ReentrantReceiveQueuesBehindCurrentCallbackWithoutDeadlock
606/776 Test #606: native_udp_window_test.DatagramTest.ReentrantReceiveQueuesBehindCurrentCallbackWithoutDeadlock ...............   Passed    0.04 sec
        Start 607: native_udp_window_test.DatagramTest.ThrowingReceiveCallbackReleasesBothDirectionsAndRejectsFurtherWork
607/776 Test #607: native_udp_window_test.DatagramTest.ThrowingReceiveCallbackReleasesBothDirectionsAndRejectsFurtherWork .......   Passed    0.04 sec
        Start 608: native_udp_window_test.DatagramTest.ReceiveByteLimitAndSequenceWindowRejectBeforeAck
608/776 Test #608: native_udp_window_test.DatagramTest.ReceiveByteLimitAndSequenceWindowRejectBeforeAck .........................   Passed    0.04 sec
        Start 609: native_udp_window_test.RTTBudget.ExtremeDurationsAndDeviationRemainBoundedInMilliseconds
609/776 Test #609: native_udp_window_test.RTTBudget.ExtremeDurationsAndDeviationRemainBoundedInMilliseconds .....................   Passed    0.00 sec
        Start 610: native_udp_window_test.GenerationDatagramTest.LateDataCannotAdvanceNewConnection
610/776 Test #610: native_udp_window_test.GenerationDatagramTest.LateDataCannotAdvanceNewConnection .............................   Passed    0.04 sec
        Start 611: native_udp_window_test.GenerationDatagramTest.LateAckCannotClearNewPending
611/776 Test #611: native_udp_window_test.GenerationDatagramTest.LateAckCannotClearNewPending ...................................   Passed    0.04 sec
        Start 612: native_udp_window_test.GenerationDatagramTest.HeaderCarriesEveryIdentityByteAndExactMaximum
612/776 Test #612: native_udp_window_test.GenerationDatagramTest.HeaderCarriesEveryIdentityByteAndExactMaximum ..................   Passed    0.04 sec
        Start 613: native_udp_window_test.GenerationDatagramTest.OversizedPayloadDoesNotConsumeSequence
613/776 Test #613: native_udp_window_test.GenerationDatagramTest.OversizedPayloadDoesNotConsumeSequence .........................   Passed    0.04 sec
        Start 614: native_udp_window_test.GenerationDatagramTest.AllZeroIdentityRejectedWithoutSocketEffects
614/776 Test #614: native_udp_window_test.GenerationDatagramTest.AllZeroIdentityRejectedWithoutSocketEffects ....................   Passed    0.04 sec
        Start 615: native_udp_window_test.GenerationDatagramTest.EveryWrongIdentityByteIsIgnoredBeforeQueueAndAck
615/776 Test #615: native_udp_window_test.GenerationDatagramTest.EveryWrongIdentityByteIsIgnoredBeforeQueueAndAck ...............   Passed    0.06 sec
        Start 616: native_udp_window_test.GenerationDatagramTest.TruncatedAndExtendedPrefixesHaveNoStateEffects
616/776 Test #616: native_udp_window_test.GenerationDatagramTest.TruncatedAndExtendedPrefixesHaveNoStateEffects .................   Passed    0.03 sec
        Start 617: native_udp_window_test.GenerationDatagramTest.WrongMalformedAndUnknownAcksKeepPendingAndRtt
617/776 Test #617: native_udp_window_test.GenerationDatagramTest.WrongMalformedAndUnknownAcksKeepPendingAndRtt ..................   Passed    0.06 sec
        Start 618: native_udp_window_test.GenerationDatagramTest.LegacyAndScopedModesDoNotMix
618/776 Test #618: native_udp_window_test.GenerationDatagramTest.LegacyAndScopedModesDoNotMix ...................................   Passed    0.03 sec
        Start 619: native_udp_window_test.GenerationDatagramTest.ScopedDataReordersAndDeliversExactlyOnce
619/776 Test #619: native_udp_window_test.GenerationDatagramTest.ScopedDataReordersAndDeliversExactlyOnce .......................   Passed    0.04 sec
        Start 620: native_udp_window_test.GenerationDatagramTest.ScopedSendByteBudgetIncludesIdentityStorage
620/776 Test #620: native_udp_window_test.GenerationDatagramTest.ScopedSendByteBudgetIncludesIdentityStorage ....................   Passed    0.04 sec
        Start 621: native_udp_window_test.GenerationDatagramTest.ScopedReceiveByteBudgetCountsHeaderBeforeAck
621/776 Test #621: native_udp_window_test.GenerationDatagramTest.ScopedReceiveByteBudgetCountsHeaderBeforeAck ...................   Passed    0.04 sec
        Start 622: native_udp_window_test.GenerationDatagramTest.WrongGenerationExtremeSequenceCannotCloseCurrentWindow
622/776 Test #622: native_udp_window_test.GenerationDatagramTest.WrongGenerationExtremeSequenceCannotCloseCurrentWindow .........   Passed    0.04 sec
        Start 623: native_udp_window_test.GenerationDatagramTest.LostAckRetransmitsSameScopedPacketWithoutDuplicateDelivery
623/776 Test #623: native_udp_window_test.GenerationDatagramTest.LostAckRetransmitsSameScopedPacketWithoutDuplicateDelivery .....   Passed    0.04 sec
        Start 624: native_udp_window_test.GenerationDatagramTest.ScopedRetryExhaustionReleasesBothQueues
624/776 Test #624: native_udp_window_test.GenerationDatagramTest.ScopedRetryExhaustionReleasesBothQueues ........................   Passed    0.04 sec
        Start 625: native_udp_window_test.GenerationDatagramTest.CallbackCanReplyAndCloseWithIdentityPreserved
625/776 Test #625: native_udp_window_test.GenerationDatagramTest.CallbackCanReplyAndCloseWithIdentityPreserved ..................   Passed    0.04 sec
        Start 626: native_udp_window_test.GenerationDatagramTest.RepeatedPhysicalGenerationsCannotReusePreviousPackets
626/776 Test #626: native_udp_window_test.GenerationDatagramTest.RepeatedPhysicalGenerationsCannotReusePreviousPackets ..........   Passed    0.75 sec
        Start 627: native_udp_window_test.GenerationDatagramTest.SelectiveAcksCannotAdvancePastLostFirstPacket
627/776 Test #627: native_udp_window_test.GenerationDatagramTest.SelectiveAcksCannotAdvancePastLostFirstPacket ..................   Passed    0.05 sec
        Start 628: native_udp_window_test.GenerationDatagramTest.SelectiveAcksCannotAdvancePastLostMiddlePacket
628/776 Test #628: native_udp_window_test.GenerationDatagramTest.SelectiveAcksCannotAdvancePastLostMiddlePacket .................   Passed    0.06 sec
        Start 629: native_udp_stream_test.StreamPair.LargeComposedTransferPipelinesWithinWireAndMemoryLimits
629/776 Test #629: native_udp_stream_test.StreamPair.LargeComposedTransferPipelinesWithinWireAndMemoryLimits ....................   Passed    1.07 sec
        Start 630: native_udp_stream_test.StreamPair.ScatterGatherPreservesEmptyAndPartialBuffers
630/776 Test #630: native_udp_stream_test.StreamPair.ScatterGatherPreservesEmptyAndPartialBuffers ...............................   Passed    0.03 sec
        Start 631: native_udp_stream_test.StreamPair.RingWrapPreservesUnreadPrefix
631/776 Test #631: native_udp_stream_test.StreamPair.RingWrapPreservesUnreadPrefix ..............................................   Passed    0.04 sec
        Start 632: native_udp_stream_test.StreamPair.SmallWireBudgetStillMakesProgress
632/776 Test #632: native_udp_stream_test.StreamPair.SmallWireBudgetStillMakesProgress ..........................................   Passed    0.04 sec
        Start 633: native_udp_stream_test.StreamPair.FullReliabilityWindowWaitsForAckWithoutDroppingNextBytes
633/776 Test #633: native_udp_stream_test.StreamPair.FullReliabilityWindowWaitsForAckWithoutDroppingNextBytes ...................   Passed    0.04 sec
        Start 634: native_udp_stream_test.StreamPair.OutOfOrderPacketsDeliverOnceInOriginalOrder
634/776 Test #634: native_udp_stream_test.StreamPair.OutOfOrderPacketsDeliverOnceInOriginalOrder ................................   Passed    0.04 sec
        Start 635: native_udp_stream_test.StreamPair.BoundedWriterUsesTheSameSocketCancellationAndBackpressure
635/776 Test #635: native_udp_stream_test.StreamPair.BoundedWriterUsesTheSameSocketCancellationAndBackpressure ..................   Passed    0.05 sec
        Start 636: native_udp_stream_test.StreamPair.FullReorderedWindowFitsDefaultReceiveRingWhileReadCompletionIsPosted
636/776 Test #636: native_udp_stream_test.StreamPair.FullReorderedWindowFitsDefaultReceiveRingWhileReadCompletionIsPosted .......   Passed    0.12 sec
        Start 637: native_udp_stream_test.StreamPair.ActualDataAndAckLossRecoverWithoutDuplicateApplicationBytes
637/776 Test #637: native_udp_stream_test.StreamPair.ActualDataAndAckLossRecoverWithoutDuplicateApplicationBytes ................   Passed    0.03 sec
        Start 638: native_udp_stream_test.StreamPair.SelectiveAckWindowBackpressureResumesAfterMissingFirstPacket
638/776 Test #638: native_udp_stream_test.StreamPair.SelectiveAckWindowBackpressureResumesAfterMissingFirstPacket ...............   Passed    0.04 sec
        Start 639: native_udp_stream_test.StreamPair.CloseBeforeDispatchCompletesEachOperationOnceWithoutSending
639/776 Test #639: native_udp_stream_test.StreamPair.CloseBeforeDispatchCompletesEachOperationOnceWithoutSending ................   Passed    0.04 sec
        Start 640: native_udp_stream_test.StreamPair.OverlappingOperationsRejectOnlyTheSecondRequest
640/776 Test #640: native_udp_stream_test.StreamPair.OverlappingOperationsRejectOnlyTheSecondRequest ............................   Passed    0.03 sec
        Start 641: native_udp_stream_test.StreamPair.DestructionAbortsPendingOperationsAndExpiresWeakControl
641/776 Test #641: native_udp_stream_test.StreamPair.DestructionAbortsPendingOperationsAndExpiresWeakControl ....................   Passed    0.04 sec
        Start 642: native_udp_stream_test.StreamPair.MoveTransfersConnectionAndAssignmentCancelsReplacedState
642/776 Test #642: native_udp_stream_test.StreamPair.MoveTransfersConnectionAndAssignmentCancelsReplacedState ...................   Passed    0.05 sec
        Start 643: native_udp_stream_test.StreamPair.EmptyOperationsAreAsynchronousAndDoNotConsumeWireSequence
643/776 Test #643: native_udp_stream_test.StreamPair.EmptyOperationsAreAsynchronousAndDoNotConsumeWireSequence ..................   Passed    0.04 sec
        Start 644: native_udp_stream_test.StreamPair.AssociatedExecutorAndWorkLifetimeSurvivePendingRead
644/776 Test #644: native_udp_stream_test.StreamPair.AssociatedExecutorAndWorkLifetimeSurvivePendingRead ........................   Passed    0.04 sec
        Start 645: native_udp_stream_test.StreamPair.FutureTokensAndCloseErrorsFollowAsioCompletionContract
645/776 Test #645: native_udp_stream_test.StreamPair.FutureTokensAndCloseErrorsFollowAsioCompletionContract .....................   Passed    0.04 sec
        Start 646: native_udp_stream_test.StreamPair.BoundedWriterDeadlineCancelsBlockedFragmentAndRetainedBytes
646/776 Test #646: native_udp_stream_test.StreamPair.BoundedWriterDeadlineCancelsBlockedFragmentAndRetainedBytes ................   Passed    0.05 sec
        Start 647: native_udp_stream_test.StreamPair.CloseFromAnotherThreadSerializesWithPendingOperations
647/776 Test #647: native_udp_stream_test.StreamPair.CloseFromAnotherThreadSerializesWithPendingOperations ......................   Passed    0.03 sec
        Start 648: native_udp_stream_test.StreamPair.InvalidLimitsAndIdentityFailBeforeAffectingSharedSocket
648/776 Test #648: native_udp_stream_test.StreamPair.InvalidLimitsAndIdentityFailBeforeAffectingSharedSocket ....................   Passed    0.04 sec
        Start 649: native_udp_stream_test.StreamPair.ReceiveOverflowClosesOnlyTheOverloadedStream
649/776 Test #649: native_udp_stream_test.StreamPair.ReceiveOverflowClosesOnlyTheOverloadedStream ...............................   Passed    0.05 sec
        Start 650: native_udp_stream_test.StreamPair.RetransmissionExhaustionFailsBlockedReadAndWriteOnce
650/776 Test #650: native_udp_stream_test.StreamPair.RetransmissionExhaustionFailsBlockedReadAndWriteOnce .......................   Passed    0.04 sec
        Start 651: native_udp_stream_test.StreamPair.ForeignEndpointCannotDeliverValidIdentityOrEmitAck
651/776 Test #651: native_udp_stream_test.StreamPair.ForeignEndpointCannotDeliverValidIdentityOrEmitAck .........................   Passed    0.06 sec
        Start 652: native_udp_stream_test.StreamPair.OldGenerationDataAckAndWeakCallbackCannotChangeFreshStream
652/776 Test #652: native_udp_stream_test.StreamPair.OldGenerationDataAckAndWeakCallbackCannotChangeFreshStream .................   Passed    0.04 sec
        Start 653: native_udp_stream_test.StreamPair.TruncatedDatagramsDoNotMutateStreamOrPendingWrites
653/776 Test #653: native_udp_stream_test.StreamPair.TruncatedDatagramsDoNotMutateStreamOrPendingWrites .........................   Passed    0.04 sec
        Start 654: native_udp_stream_test.StreamPair.ActualSharedSocketFailureReleasesAllPendingOperations
654/776 Test #654: native_udp_stream_test.StreamPair.ActualSharedSocketFailureReleasesAllPendingOperations ......................   Passed    0.04 sec
        Start 655: native_udp_stream_test.StreamPair.DatagramAndRetransmitCallsRequireListenerExecutor
655/776 Test #655: native_udp_stream_test.StreamPair.DatagramAndRetransmitCallsRequireListenerExecutor ..........................   Passed    0.04 sec
        Start 656: native_udp_listener_test.ListenerFixture.InvalidLimitsOrUnavailableEntropyCannotOpenListener
656/776 Test #656: native_udp_listener_test.ListenerFixture.InvalidLimitsOrUnavailableEntropyCannotOpenListener .................   Passed    0.02 sec
        Start 657: native_udp_listener_test.ListenerFixture.HelloFloodHasFixedReplySizeAndAllocatesNoChannel
657/776 Test #657: native_udp_listener_test.ListenerFixture.HelloFloodHasFixedReplySizeAndAllocatesNoChannel ....................   Passed    2.37 sec
        Start 658: native_udp_listener_test.ListenerFixture.MalformedAndUnprovenTrafficCannotAllocateOrPoisonNextHandshake
658/776 Test #658: native_udp_listener_test.ListenerFixture.MalformedAndUnprovenTrafficCannotAllocateOrPoisonNextHandshake ......   Passed    0.18 sec
        Start 659: native_udp_listener_test.ListenerFixture.PendingAcceptCompletesOnlyAfterReturnRouteProof
659/776 Test #659: native_udp_listener_test.ListenerFixture.PendingAcceptCompletesOnlyAfterReturnRouteProof .....................   Passed    0.02 sec
        Start 660: native_udp_listener_test.ListenerFixture.CompletedHandshakeWaitsWithinBoundedAcceptBacklog
660/776 Test #660: native_udp_listener_test.ListenerFixture.CompletedHandshakeWaitsWithinBoundedAcceptBacklog ...................   Passed    0.04 sec
        Start 661: native_udp_listener_test.ListenerFixture.DuplicateConfirmationDoesNotCreateASecondAcceptedStream
661/776 Test #661: native_udp_listener_test.ListenerFixture.DuplicateConfirmationDoesNotCreateASecondAcceptedStream .............   Passed    0.05 sec
        Start 662: native_udp_listener_test.ListenerFixture.RetiredConnectionsRemainCapacityBoundedUntilCookieExpiry
662/776 Test #662: native_udp_listener_test.ListenerFixture.RetiredConnectionsRemainCapacityBoundedUntilCookieExpiry ............   Passed    0.15 sec
        Start 663: native_udp_listener_test.ListenerFixture.UnacceptedTimeoutRetiresConnectionWithoutRevivingOnConfirmReplay
663/776 Test #663: native_udp_listener_test.ListenerFixture.UnacceptedTimeoutRetiresConnectionWithoutRevivingOnConfirmReplay ....   Passed    0.09 sec
        Start 664: native_udp_listener_test.ListenerFixture.LargeActualStreamRoundTripPreservesEveryByte
664/776 Test #664: native_udp_listener_test.ListenerFixture.LargeActualStreamRoundTripPreservesEveryByte ........................   Passed    0.14 sec
        Start 665: native_udp_listener_test.ListenerFixture.EndpointAndGenerationAreBothRequiredBeforeApplicationDelivery
665/776 Test #665: native_udp_listener_test.ListenerFixture.EndpointAndGenerationAreBothRequiredBeforeApplicationDelivery .......   Passed    0.04 sec
        Start 666: native_udp_listener_test.ListenerFixture.ClosingOneStreamPreservesOtherLivePeerAndListener
666/776 Test #666: native_udp_listener_test.ListenerFixture.ClosingOneStreamPreservesOtherLivePeerAndListener ...................   Passed    0.09 sec
        Start 667: native_udp_listener_test.ListenerFixture.ReusedPhysicalEndpointRejectsOldDataAndConfirmation
667/776 Test #667: native_udp_listener_test.ListenerFixture.ReusedPhysicalEndpointRejectsOldDataAndConfirmation .................   Passed    0.07 sec
        Start 668: native_udp_listener_test.ListenerFixture.TimerExhaustionClosesOnlyTimedOutChannelAndFinishesOperations
668/776 Test #668: native_udp_listener_test.ListenerFixture.TimerExhaustionClosesOnlyTimedOutChannelAndFinishesOperations .......   Passed    0.23 sec
        Start 669: native_udp_listener_test.ListenerFixture.AcceptedChannelOutlivesBootstrapCookieDeadline
669/776 Test #669: native_udp_listener_test.ListenerFixture.AcceptedChannelOutlivesBootstrapCookieDeadline ......................   Passed    0.06 sec
        Start 670: native_udp_listener_test.ListenerFixture.LostEstablishedReplyRecoversWithoutAcceptingTwice
670/776 Test #670: native_udp_listener_test.ListenerFixture.LostEstablishedReplyRecoversWithoutAcceptingTwice ...................   Passed    0.03 sec
        Start 671: native_udp_listener_test.ListenerFixture.CloseBeforeAcceptCompletesAsynchronouslyExactlyOnce
671/776 Test #671: native_udp_listener_test.ListenerFixture.CloseBeforeAcceptCompletesAsynchronouslyExactlyOnce .................   Passed    0.00 sec
        Start 672: native_udp_listener_test.ListenerFixture.AcceptUsesAssociatedExecutorAndKeepsItAliveUntilCompletion
672/776 Test #672: native_udp_listener_test.ListenerFixture.AcceptUsesAssociatedExecutorAndKeepsItAliveUntilCompletion ..........   Passed    0.05 sec
        Start 673: native_udp_listener_test.ListenerFixture.OverlappingAcceptRejectsOnlySecondRequest
673/776 Test #673: native_udp_listener_test.ListenerFixture.OverlappingAcceptRejectsOnlySecondRequest ...........................   Passed    0.04 sec
        Start 674: native_udp_listener_test.ListenerFixture.DestructionCancelsAcceptedStreamAndPendingAcceptWithoutOwnerCycle
674/776 Test #674: native_udp_listener_test.ListenerFixture.DestructionCancelsAcceptedStreamAndPendingAcceptWithoutOwnerCycle ...   Passed    0.06 sec
        Start 675: native_udp_listener_test.ListenerFixture.CloseFromAnotherThreadClosesWireOnItsExecutor
675/776 Test #675: native_udp_listener_test.ListenerFixture.CloseFromAnotherThreadClosesWireOnItsExecutor .......................   Passed    0.05 sec
        Start 676: native_udp_dialer_test.DialFixture.NumericAddressEstablishesOneScopedStreamAsynchronously
676/776 Test #676: native_udp_dialer_test.DialFixture.NumericAddressEstablishesOneScopedStreamAsynchronously ....................   Passed    0.04 sec
        Start 677: native_udp_dialer_test.DialFixture.InvalidLimitsAndHostFailWithoutStartingNetworkWork
677/776 Test #677: native_udp_dialer_test.DialFixture.InvalidLimitsAndHostFailWithoutStartingNetworkWork ........................   Passed    0.01 sec
        Start 678: native_udp_dialer_test.DialFixture.HostnameResolutionConnectsUsingABoundedEndpointList
678/776 Test #678: native_udp_dialer_test.DialFixture.HostnameResolutionConnectsUsingABoundedEndpointList .......................   Passed    1.56 sec
        Start 679: native_udp_dialer_test.DialFixture.MultipleResolvedEndpointsFallbackAndIgnoreOldPhysicalCallbacks
679/776 Test #679: native_udp_dialer_test.DialFixture.MultipleResolvedEndpointsFallbackAndIgnoreOldPhysicalCallbacks ............   Passed    0.09 sec
        Start 680: native_udp_dialer_test.DialFixture.HandshakeRetriesCannotExtendTheAbsoluteConnectionDeadline
680/776 Test #680: native_udp_dialer_test.DialFixture.HandshakeRetriesCannotExtendTheAbsoluteConnectionDeadline .................   Passed    0.15 sec
        Start 681: native_udp_dialer_test.DialFixture.OverlappingDialRejectsSecondAndAllowsReuseAfterCancellation
681/776 Test #681: native_udp_dialer_test.DialFixture.OverlappingDialRejectsSecondAndAllowsReuseAfterCancellation ...............   Passed    0.07 sec
        Start 682: native_udp_dialer_test.DialFixture.UnavailableEntropyFailsClosedBeforeSendingHello
682/776 Test #682: native_udp_dialer_test.DialFixture.UnavailableEntropyFailsClosedBeforeSendingHello ...........................   Passed    0.04 sec
        Start 683: native_udp_dialer_test.DialFixture.EveryHandshakeDatagramCanBeLostOnceWithoutDuplicateAcceptance
683/776 Test #683: native_udp_dialer_test.DialFixture.EveryHandshakeDatagramCanBeLostOnceWithoutDuplicateAcceptance .............   Passed    0.50 sec
        Start 684: native_udp_dialer_test.DialFixture.ServerClockEpochIsOpaqueToClientHandshake
684/776 Test #684: native_udp_dialer_test.DialFixture.ServerClockEpochIsOpaqueToClientHandshake .................................   Passed    0.02 sec
        Start 685: native_udp_dialer_test.DialFixture.MutatedResolvedEndpointCountCannotOverflowFixedStorage
685/776 Test #685: native_udp_dialer_test.DialFixture.MutatedResolvedEndpointCountCannotOverflowFixedStorage ....................   Passed    0.02 sec
        Start 686: native_udp_dialer_test.DialFixture.ResolverCancellationCompletesOnceBeforeAnEndpointCanBeInstalled
686/776 Test #686: native_udp_dialer_test.DialFixture.ResolverCancellationCompletesOnceBeforeAnEndpointCanBeInstalled ...........   Passed    0.02 sec
        Start 687: native_udp_dialer_test.DialFixture.LargeBidirectionalTransferRunsWithActualClientAndListenerIOOwners
687/776 Test #687: native_udp_dialer_test.DialFixture.LargeBidirectionalTransferRunsWithActualClientAndListenerIOOwners .........   Passed    0.29 sec
        Start 688: native_udp_dialer_test.DialFixture.ClientDataAndServerAckLossRecoverWithoutDuplicateBytes
688/776 Test #688: native_udp_dialer_test.DialFixture.ClientDataAndServerAckLossRecoverWithoutDuplicateBytes ....................   Passed    0.39 sec
        Start 689: native_udp_dialer_test.DialFixture.ForeignEndpointCannotDeliverCapturedValidServerPacket
689/776 Test #689: native_udp_dialer_test.DialFixture.ForeignEndpointCannotDeliverCapturedValidServerPacket .....................   Passed    0.08 sec
        Start 690: native_udp_dialer_test.DialFixture.GenericWriterDeadlineClosesClientPhysicalSocketAfterBlockedFragment
690/776 Test #690: native_udp_dialer_test.DialFixture.GenericWriterDeadlineClosesClientPhysicalSocketAfterBlockedFragment .......   Passed    0.11 sec
        Start 691: native_udp_dialer_test.DialFixture.EstablishedStreamOutlivesTheOriginalDialDeadline
691/776 Test #691: native_udp_dialer_test.DialFixture.EstablishedStreamOutlivesTheOriginalDialDeadline ..........................   Passed    0.06 sec
        Start 692: native_udp_dialer_test.DialFixture.CancelBeforeDispatchSendsNothingAndCompletesExactlyOnce
692/776 Test #692: native_udp_dialer_test.DialFixture.CancelBeforeDispatchSendsNothingAndCompletesExactlyOnce ...................   Passed    0.00 sec
        Start 693: native_udp_dialer_test.DialFixture.CancelCompletesEstablishedPendingReadAndReleasesTheBoundPort
693/776 Test #693: native_udp_dialer_test.DialFixture.CancelCompletesEstablishedPendingReadAndReleasesTheBoundPort ..............   Passed    0.06 sec
        Start 694: native_udp_dialer_test.DialFixture.DroppingReturnedStreamReleasesDialerIOWithoutExplicitCancel
694/776 Test #694: native_udp_dialer_test.DialFixture.DroppingReturnedStreamReleasesDialerIOWithoutExplicitCancel ...............   Passed    0.06 sec
        Start 695: native_udp_dialer_test.DialFixture.DestructionCancelsAttemptAndAcceptedStreamWithoutCallbackCycles
695/776 Test #695: native_udp_dialer_test.DialFixture.DestructionCancelsAttemptAndAcceptedStreamWithoutCallbackCycles ...........   Passed    0.06 sec
        Start 696: native_udp_dialer_test.DialFixture.AssociatedExecutorPreservesWorkAndOwnsConnectCompletion
696/776 Test #696: native_udp_dialer_test.DialFixture.AssociatedExecutorPreservesWorkAndOwnsConnectCompletion ...................   Passed    0.04 sec
        Start 697: native_udp_dialer_test.DialFixture.FutureTokenReturnsMoveOnlyStreamAndPropagatesCancellation
697/776 Test #697: native_udp_dialer_test.DialFixture.FutureTokenReturnsMoveOnlyStreamAndPropagatesCancellation .................   Passed    0.04 sec
        Start 698: native_udp_dialer_test.DialFixture.ConcurrentRepeatedCancelCompletesPendingReadOnce
698/776 Test #698: native_udp_dialer_test.DialFixture.ConcurrentRepeatedCancelCompletesPendingReadOnce ..........................   Passed    0.04 sec
        Start 699: native_udp_dialer_test.DialFixture.RepeatedPhysicalConnectionsRetireAndReleaseAllClientPorts
699/776 Test #699: native_udp_dialer_test.DialFixture.RepeatedPhysicalConnectionsRetireAndReleaseAllClientPorts .................   Passed    2.06 sec
        Start 700: native_udp_terminal_drain_test.NativeUDPTerminalDrain.CancellationWithoutLoss
700/776 Test #700: native_udp_terminal_drain_test.NativeUDPTerminalDrain.CancellationWithoutLoss ................................   Passed    0.10 sec
        Start 701: native_udp_terminal_drain_test.NativeUDPTerminalDrain.CancellationRetransmitsDroppedReceipt
701/776 Test #701: native_udp_terminal_drain_test.NativeUDPTerminalDrain.CancellationRetransmitsDroppedReceipt ..................   Passed    0.17 sec
        Start 702: native_udp_terminal_drain_test.NativeUDPTerminalDrain.RejectionRetransmitsDroppedReceipt
702/776 Test #702: native_udp_terminal_drain_test.NativeUDPTerminalDrain.RejectionRetransmitsDroppedReceipt .....................   Passed    0.17 sec
        Start 703: native_udp_terminal_drain_test.NativeUDPTerminalDrain.UnresponsivePeerEventuallyReleasesTransport
703/776 Test #703: native_udp_terminal_drain_test.NativeUDPTerminalDrain.UnresponsivePeerEventuallyReleasesTransport ............   Passed    0.41 sec
        Start 704: native_udp_terminal_drain_test.NativeUDPTerminalDrain.StopWithPendingApplicationRead
704/776 Test #704: native_udp_terminal_drain_test.NativeUDPTerminalDrain.StopWithPendingApplicationRead .........................   Passed    0.08 sec
        Start 705: native_udp_terminal_drain_test.NativeUDPTerminalDrain.StopBeforeFirstDispatch
705/776 Test #705: native_udp_terminal_drain_test.NativeUDPTerminalDrain.StopBeforeFirstDispatch ................................   Passed    0.00 sec
        Start 706: native_slot_groups_test.Groups.SingleSeatRetainsTheOriginalLeaseSemantics
706/776 Test #706: native_slot_groups_test.Groups.SingleSeatRetainsTheOriginalLeaseSemantics ....................................   Passed    0.00 sec
        Start 707: native_slot_groups_test.Groups.OneLeaseOwnsAllTwentyTwoSeats
707/776 Test #707: native_slot_groups_test.Groups.OneLeaseOwnsAllTwentyTwoSeats .................................................   Passed    0.00 sec
        Start 708: native_slot_groups_test.Groups.DisjointNonContiguousGroupsRemainIndependent
708/776 Test #708: native_slot_groups_test.Groups.DisjointNonContiguousGroupsRemainIndependent ..................................   Passed    0.00 sec
        Start 709: native_slot_groups_test.Groups.OverlappingAdmissionDoesNotLeakUnclaimedSeats
709/776 Test #709: native_slot_groups_test.Groups.OverlappingAdmissionDoesNotLeakUnclaimedSeats .................................   Passed    0.00 sec
        Start 710: native_slot_groups_test.Groups.InvalidMasksAndBoundsCannotReserveSeats
710/776 Test #710: native_slot_groups_test.Groups.InvalidMasksAndBoundsCannotReserveSeats .......................................   Passed    0.00 sec
        Start 711: native_slot_groups_test.Groups.EntropyFailureKeepsAdmissionAtomic
711/776 Test #711: native_slot_groups_test.Groups.EntropyFailureKeepsAdmissionAtomic ............................................   Passed    0.00 sec
        Start 712: native_slot_groups_test.Groups.PregameReleaseFreesEverySeatAndRejectsStaleOwner
712/776 Test #712: native_slot_groups_test.Groups.PregameReleaseFreesEverySeatAndRejectsStaleOwner ..............................   Passed    0.00 sec
        Start 713: native_slot_groups_test.Groups.RecoveryRotatesOwnershipForTheWholeGroupAtOnce
713/776 Test #713: native_slot_groups_test.Groups.RecoveryRotatesOwnershipForTheWholeGroupAtOnce ................................   Passed    0.00 sec
        Start 714: native_slot_groups_test.Groups.NonPrimarySeatCannotRotateOrReleaseTheGroup
714/776 Test #714: native_slot_groups_test.Groups.NonPrimarySeatCannotRotateOrReleaseTheGroup ...................................   Passed    0.00 sec
        Start 715: native_slot_groups_test.Groups.LostRecoveryResponsePreservesOriginalGraceAndMembership
715/776 Test #715: native_slot_groups_test.Groups.LostRecoveryResponsePreservesOriginalGraceAndMembership .......................   Passed    0.00 sec
        Start 716: native_slot_groups_test.Groups.ReadyCommitIsIdempotentAndRetiresTheOldProof
716/776 Test #716: native_slot_groups_test.Groups.ReadyCommitIsIdempotentAndRetiresTheOldProof ..................................   Passed    0.00 sec
        Start 717: native_slot_groups_test.Groups.ExpiredGroupCannotControlAnyMember
717/776 Test #717: native_slot_groups_test.Groups.ExpiredGroupCannotControlAnyMember ............................................   Passed    0.00 sec
        Start 718: native_slot_groups_test.Groups.SealedAdmissionCannotReassignExpiredGroups
718/776 Test #718: native_slot_groups_test.Groups.SealedAdmissionCannotReassignExpiredGroups ....................................   Passed    0.00 sec
        Start 719: native_slot_groups_test.Groups.RevocationRemovesAllPlayerControlWithoutTouchingOtherGroups
719/776 Test #719: native_slot_groups_test.Groups.RevocationRemovesAllPlayerControlWithoutTouchingOtherGroups ...................   Passed    0.00 sec
        Start 720: native_slot_groups_test.Groups.WrongMatchCannotReplaceTheOwner
720/776 Test #720: native_slot_groups_test.Groups.WrongMatchCannotReplaceTheOwner ...............................................   Passed    0.00 sec
        Start 721: native_slot_groups_test.Groups.ClockReversalDoesNotReleaseOrRotateMembership
721/776 Test #721: native_slot_groups_test.Groups.ClockReversalDoesNotReleaseOrRotateMembership .................................   Passed    0.00 sec
        Start 722: native_slot_group_wire_test.GroupWire.LegacyLoadingHelloRemainsByteIdentical
722/776 Test #722: native_slot_group_wire_test.GroupWire.LegacyLoadingHelloRemainsByteIdentical .................................   Passed    0.00 sec
        Start 723: native_slot_group_wire_test.GroupWire.GroupCapabilityIsExplicitAndBounded
723/776 Test #723: native_slot_group_wire_test.GroupWire.GroupCapabilityIsExplicitAndBounded ....................................   Passed    0.00 sec
        Start 724: native_slot_group_wire_test.GroupWire.UnknownCapabilityBitsReject
724/776 Test #724: native_slot_group_wire_test.GroupWire.UnknownCapabilityBitsReject ............................................   Passed    0.00 sec
        Start 725: native_slot_group_wire_test.GroupWire.OldNonLoadingHelloCannotSilentlyNegotiateGroups
725/776 Test #725: native_slot_group_wire_test.GroupWire.OldNonLoadingHelloCannotSilentlyNegotiateGroups ........................   Passed    0.00 sec
        Start 726: native_slot_group_wire_test.GroupWire.LegacySessionsRetainExactBytesAndSingleSeatMeaning
726/776 Test #726: native_slot_group_wire_test.GroupWire.LegacySessionsRetainExactBytesAndSingleSeatMeaning .....................   Passed    0.00 sec
        Start 727: native_slot_group_wire_test.GroupWire.AllTwentyTwoSeatsRoundTripInOneBoundedRecord
727/776 Test #727: native_slot_group_wire_test.GroupWire.AllTwentyTwoSeatsRoundTripInOneBoundedRecord ...........................   Passed    0.00 sec
        Start 728: native_slot_group_wire_test.GroupWire.NonContiguousAndExplicitSingleSeatGroupsRoundTrip
728/776 Test #728: native_slot_group_wire_test.GroupWire.NonContiguousAndExplicitSingleSeatGroupsRoundTrip ......................   Passed    0.00 sec
        Start 729: native_slot_group_wire_test.GroupWire.SeatsOutsideTheNegotiatedMatchReject
729/776 Test #729: native_slot_group_wire_test.GroupWire.SeatsOutsideTheNegotiatedMatchReject ...................................   Passed    0.00 sec
        Start 730: native_slot_group_wire_test.GroupWire.GroupMustContainItsPrimaryLeaseSeat
730/776 Test #730: native_slot_group_wire_test.GroupWire.GroupMustContainItsPrimaryLeaseSeat ....................................   Passed    0.00 sec
        Start 731: native_slot_group_wire_test.GroupWire.AnExtendedZeroMaskCannotAliasALegacySession
731/776 Test #731: native_slot_group_wire_test.GroupWire.AnExtendedZeroMaskCannotAliasALegacySession ............................   Passed    0.00 sec
        Start 732: native_slot_group_wire_test.GroupWire.EveryTruncatedPrefixIsIncompleteWithoutDecoding
732/776 Test #732: native_slot_group_wire_test.GroupWire.EveryTruncatedPrefixIsIncompleteWithoutDecoding ........................   Passed    0.00 sec
        Start 733: native_slot_group_wire_test.GroupWire.CoalescedFollowingRecordIsNotConsumed
733/776 Test #733: native_slot_group_wire_test.GroupWire.CoalescedFollowingRecordIsNotConsumed ..................................   Passed    0.00 sec
        Start 734: native_slot_group_wire_test.GroupWire.UnnegotiatedOldDecoderRejectsTheExtension
734/776 Test #734: native_slot_group_wire_test.GroupWire.UnnegotiatedOldDecoderRejectsTheExtension ..............................   Passed    0.00 sec
        Start 735: native_slot_group_wire_test.GroupWire.LoadingAndRestoringRemainMutuallyExclusive
735/776 Test #735: native_slot_group_wire_test.GroupWire.LoadingAndRestoringRemainMutuallyExclusive .............................   Passed    0.00 sec
        Start 736: native_slot_group_wire_test.GroupWire.InvalidHighBitsAndPrimarySeatRejectBeforeEncoding
736/776 Test #736: native_slot_group_wire_test.GroupWire.InvalidHighBitsAndPrimarySeatRejectBeforeEncoding ......................   Passed    0.00 sec
        Start 737: native_slot_group_wire_test.GroupWire.AllValidTeamSizesPreserveTheirCompleteRoster
737/776 Test #737: native_slot_group_wire_test.GroupWire.AllValidTeamSizesPreserveTheirCompleteRoster ...........................   Passed    0.00 sec
        Start 738: native_slot_group_server_test.NativeGroupServer.PregameExpiry
738/776 Test #738: native_slot_group_server_test.NativeGroupServer.PregameExpiry ................................................   Passed    0.13 sec
        Start 739: native_slot_group_server_test.NativeGroupServer.InvalidReadyReleasesGroup
739/776 Test #739: native_slot_group_server_test.NativeGroupServer.InvalidReadyReleasesGroup ....................................   Passed    0.05 sec
        Start 740: native_slot_group_server_test.NativeGroupServer.SealedExpiry
740/776 Test #740: native_slot_group_server_test.NativeGroupServer.SealedExpiry .................................................   Passed    0.25 sec
        Start 741: native_slot_group_server_test.NativeGroupServer.RetriesDoNotExtendGrace
741/776 Test #741: native_slot_group_server_test.NativeGroupServer.RetriesDoNotExtendGrace ......................................   Passed    0.27 sec
        Start 742: native_slot_group_server_test.NativeGroupServer.SnapshotFailureIsLocal
742/776 Test #742: native_slot_group_server_test.NativeGroupServer.SnapshotFailureIsLocal .......................................   Passed    0.25 sec
        Start 743: native_slot_group_server_test.NativeGroupServer.PartitionAndAllAvailable
743/776 Test #743: native_slot_group_server_test.NativeGroupServer.PartitionAndAllAvailable .....................................   Passed    0.03 sec
        Start 744: native_slot_group_server_test.NativeGroupServer.CapabilityRequired
744/776 Test #744: native_slot_group_server_test.NativeGroupServer.CapabilityRequired ...........................................   Passed    0.02 sec
        Start 745: native_slot_group_server_test.NativeGroupServer.CancellationReleasesWholeGroup
745/776 Test #745: native_slot_group_server_test.NativeGroupServer.CancellationReleasesWholeGroup ...............................   Passed    0.06 sec
        Start 746: native_slot_group_server_test.NativeGroupServer.EveryMemberInputPreserved
746/776 Test #746: native_slot_group_server_test.NativeGroupServer.EveryMemberInputPreserved ....................................   Passed    0.19 sec
        Start 747: native_slot_group_server_test.NativeGroupServer.MissingMemberIsLocal
747/776 Test #747: native_slot_group_server_test.NativeGroupServer.MissingMemberIsLocal .........................................   Passed    0.19 sec
        Start 748: native_slot_group_server_test.NativeGroupServer.DuplicateMemberIsLocal
748/776 Test #748: native_slot_group_server_test.NativeGroupServer.DuplicateMemberIsLocal .......................................   Passed    0.20 sec
        Start 749: native_slot_group_server_test.NativeGroupServer.ForeignMemberIsLocal
749/776 Test #749: native_slot_group_server_test.NativeGroupServer.ForeignMemberIsLocal .........................................   Passed    0.19 sec
        Start 750: native_slot_group_server_test.NativeGroupServer.NonFiniteDirectionIsLocal
750/776 Test #750: native_slot_group_server_test.NativeGroupServer.NonFiniteDirectionIsLocal ....................................   Passed    0.19 sec
        Start 751: native_authority_recording_test.AuthorityRecording.HeaderPinsMatchAndPhysicsBeforeReturn
751/776 Test #751: native_authority_recording_test.AuthorityRecording.HeaderPinsMatchAndPhysicsBeforeReturn .....................   Passed    0.00 sec
        Start 752: native_authority_recording_test.AuthorityRecording.EveryPacketIsVisibleInOriginalOrderBeforeClose
752/776 Test #752: native_authority_recording_test.AuthorityRecording.EveryPacketIsVisibleInOriginalOrderBeforeClose ............   Passed    0.00 sec
        Start 753: native_authority_recording_test.AuthorityRecording.ExistingFileIsNotOverwritten
753/776 Test #753: native_authority_recording_test.AuthorityRecording.ExistingFileIsNotOverwritten ..............................   Passed    0.00 sec
        Start 754: native_authority_recording_test.AuthorityRecording.SymlinkDoesNotOverwriteItsTarget
754/776 Test #754: native_authority_recording_test.AuthorityRecording.SymlinkDoesNotOverwriteItsTarget ..........................   Passed    0.00 sec
        Start 755: native_authority_recording_test.AuthorityRecording.MissingParentIsAnExplicitError
755/776 Test #755: native_authority_recording_test.AuthorityRecording.MissingParentIsAnExplicitError ............................   Passed    0.00 sec
        Start 756: native_authority_recording_test.AuthorityRecording.InvalidMatchCannotCreateAFile
756/776 Test #756: native_authority_recording_test.AuthorityRecording.InvalidMatchCannotCreateAFile .............................   Passed    0.00 sec
        Start 757: native_authority_recording_test.AuthorityRecording.NullOrEmptyPathIsRejected
757/776 Test #757: native_authority_recording_test.AuthorityRecording.NullOrEmptyPathIsRejected .................................   Passed    0.00 sec
        Start 758: native_authority_recording_test.AuthorityRecording.EmptyOrUnsupportedPacketCannotAppend
758/776 Test #758: native_authority_recording_test.AuthorityRecording.EmptyOrUnsupportedPacketCannotAppend ......................   Passed    0.00 sec
        Start 759: native_authority_recording_test.AuthorityRecording.OnlyTheFrameOwnerCanAppend
759/776 Test #759: native_authority_recording_test.AuthorityRecording.OnlyTheFrameOwnerCanAppend ................................   Passed    0.00 sec
        Start 760: native_authority_recording_test.AuthorityRecording.ByteBudgetRejectsBeforeWriting
760/776 Test #760: native_authority_recording_test.AuthorityRecording.ByteBudgetRejectsBeforeWriting ............................   Passed    0.03 sec
        Start 761: native_authority_recording_test.AuthorityRecording.ActualFlushFailurePropagates
761/776 Test #761: native_authority_recording_test.AuthorityRecording.ActualFlushFailurePropagates ..............................   Passed    0.00 sec
        Start 762: native_input_rtt_test.NativeInputRTT.OldOneFrameLeadMissesHundredMillisecondRoundTrip
762/776 Test #762: native_input_rtt_test.NativeInputRTT.OldOneFrameLeadMissesHundredMillisecondRoundTrip ........................   Passed    0.00 sec
        Start 763: native_input_rtt_test.NativeInputRTT.ZeroAndLowLatencyKeepOriginalOneFrameLead
763/776 Test #763: native_input_rtt_test.NativeInputRTT.ZeroAndLowLatencyKeepOriginalOneFrameLead ...............................   Passed    0.00 sec
        Start 764: native_input_rtt_test.NativeInputRTT.ExtremeDelayIsBoundedByUnchangedServerWindow
764/776 Test #764: native_input_rtt_test.NativeInputRTT.ExtremeDelayIsBoundedByUnchangedServerWindow ............................   Passed    0.00 sec
        Start 765: native_input_rtt_test.NativeInputRTT.InvalidBudgetAndLeadRejectBeforeMutation
765/776 Test #765: native_input_rtt_test.NativeInputRTT.InvalidBudgetAndLeadRejectBeforeMutation ................................   Passed    0.00 sec
        Start 766: native_input_rtt_test.NativeInputRTT.LeadChangesNeverRewriteOrReorderPublishedFrames
766/776 Test #766: native_input_rtt_test.NativeInputRTT.LeadChangesNeverRewriteOrReorderPublishedFrames .........................   Passed    0.00 sec
        Start 767: native_input_rtt_test.NativeInputRTT.PublicationKeepsExactSampleAndRecoveryClearsLead
767/776 Test #767: native_input_rtt_test.NativeInputRTT.PublicationKeepsExactSampleAndRecoveryClearsLead ........................   Passed    0.00 sec
        Start 768: native_input_rtt_test.NativeInputRTT.FullWindowWaitDoesNotSkipFutureInputAfterAuthorityBatch
768/776 Test #768: native_input_rtt_test.NativeInputRTT.FullWindowWaitDoesNotSkipFutureInputAfterAuthorityBatch .................   Passed    0.00 sec
        Start 769: native_input_rtt_test.NativeInputRTT.LargeAuthorityJumpReanchorsTheMeasuredHorizon
769/776 Test #769: native_input_rtt_test.NativeInputRTT.LargeAuthorityJumpReanchorsTheMeasuredHorizon ...........................   Passed    0.00 sec
        Start 770: native_input_rtt_test.NativeInputRTT.AuthorityBatchKeepsStillAdmissibleFrameAtMeasuredHorizon
770/776 Test #770: native_input_rtt_test.NativeInputRTT.AuthorityBatchKeepsStillAdmissibleFrameAtMeasuredHorizon ................   Passed    0.00 sec
        Start 771: native_input_rtt_test.NativeInputRTT.GrowingRTTHorizonPublishesIntermediateFutureFrames
771/776 Test #771: native_input_rtt_test.NativeInputRTT.GrowingRTTHorizonPublishesIntermediateFutureFrames ......................   Passed    0.00 sec
        Start 772: native_input_rtt_test.NativeInputRTT.DelayedLocalTickRetainsFutureFrameWithMeasuredLead
772/776 Test #772: native_input_rtt_test.NativeInputRTT.DelayedLocalTickRetainsFutureFrameWithMeasuredLead ......................   Passed    0.00 sec
        Start 773: native_input_rtt_test.NativeInputRTT.HorizonCatchupSamplesAnEdgeOnceAndKeepsPublishedBytes
773/776 Test #773: native_input_rtt_test.NativeInputRTT.HorizonCatchupSamplesAnEdgeOnceAndKeepsPublishedBytes ...................   Passed    0.00 sec
        Start 774: native_input_rtt_test.NativeInputRTT.FreshAuthorityPreventsAccumulatedWallClockLead
774/776 Test #774: native_input_rtt_test.NativeInputRTT.FreshAuthorityPreventsAccumulatedWallClockLead ..........................   Passed    0.00 sec
        Start 775: native_input_rtt_test.NativeInputRTT.AuthorityCorrectionRetainsContinuousAdmissibleFrames
775/776 Test #775: native_input_rtt_test.NativeInputRTT.AuthorityCorrectionRetainsContinuousAdmissibleFrames ....................   Passed    0.01 sec
        Start 776: rl_observation_contract
776/776 Test #776: rl_observation_contract ......................................................................................   Passed    0.00 sec

100% tests passed out of 776

Total Test time (real) =  30.28 sec
Running: cmake --build /tmp/football-optimization-native --target engine_ase_parser_contract -j 1
[  3%] Built target datalib
[ 13%] Built target baselib
[ 23%] Built target systemsgraphicslib
[ 23%] Built target loaderslib
[ 26%] Built target typeslib
[ 36%] Built target scenelib
[ 42%] Built target utilslib
[ 50%] Built target gui2lib
[ 51%] Built target blunted2
[ 76%] Built target gamelib
[ 86%] Built target menulib
[ 98%] Built target football_engine
[100%] Built target engine_ase_parser_contract
Running: /tmp/football-optimization-native/bin/engine_ase_parser_contract
Running: cmake --build /tmp/football-optimization-native --target engine_file_read_contract -j 1
[  3%] Built target datalib
[ 13%] Built target baselib
[ 23%] Built target systemsgraphicslib
[ 23%] Built target loaderslib
[ 26%] Built target typeslib
[ 36%] Built target scenelib
[ 42%] Built target utilslib
[ 50%] Built target gui2lib
[ 51%] Built target blunted2
[ 76%] Built target gamelib
[ 86%] Built target menulib
[ 98%] Built target football_engine
[100%] Built target engine_file_read_contract
Running: /tmp/football-optimization-native/bin/engine_file_read_contract
Running: /tmp/football-framework-python-fba597b1aa5c844a/bin/python -m pip install --disable-pip-version-check -r /root/work_space/football/.project/checks/requirements.txt
Requirement already satisfied: absl-py==2.5.0 in /tmp/football-framework-python-fba597b1aa5c844a/lib/python3.14/site-packages (from -r /root/work_space/football/.project/checks/requirements.txt (line 2)) (2.5.0)
Requirement already satisfied: iniconfig==2.3.0 in /tmp/football-framework-python-fba597b1aa5c844a/lib/python3.14/site-packages (from -r /root/work_space/football/.project/checks/requirements.txt (line 3)) (2.3.0)
Requirement already satisfied: packaging==26.3 in /tmp/football-framework-python-fba597b1aa5c844a/lib/python3.14/site-packages (from -r /root/work_space/football/.project/checks/requirements.txt (line 4)) (26.3)
Requirement already satisfied: pluggy==1.6.0 in /tmp/football-framework-python-fba597b1aa5c844a/lib/python3.14/site-packages (from -r /root/work_space/football/.project/checks/requirements.txt (line 5)) (1.6.0)
Requirement already satisfied: Pygments==2.21.0 in /tmp/football-framework-python-fba597b1aa5c844a/lib/python3.14/site-packages (from -r /root/work_space/football/.project/checks/requirements.txt (line 6)) (2.21.0)
Requirement already satisfied: pytest==9.1.1 in /tmp/football-framework-python-fba597b1aa5c844a/lib/python3.14/site-packages (from -r /root/work_space/football/.project/checks/requirements.txt (line 7)) (9.1.1)
Requirement already satisfied: pybind11==3.1.0 in /tmp/football-framework-python-fba597b1aa5c844a/lib/python3.14/site-packages (from -r /root/work_space/football/.project/checks/requirements.txt (line 10)) (3.1.0)
Requirement already satisfied: pygame-ce<3,>=2.5.8 in /tmp/football-framework-python-fba597b1aa5c844a/lib/python3.14/site-packages (from -r /root/work_space/football/.project/checks/requirements.txt (line 13)) (2.5.8)
Requirement already satisfied: opencv-python<6,>=4.8 in /tmp/football-framework-python-fba597b1aa5c844a/lib/python3.14/site-packages (from -r /root/work_space/football/.project/checks/requirements.txt (line 14)) (5.0.0.93)
Requirement already satisfied: psutil>=5.9 in /tmp/football-framework-python-fba597b1aa5c844a/lib/python3.14/site-packages (from -r /root/work_space/football/.project/checks/requirements.txt (line 15)) (7.2.2)
Requirement already satisfied: numpy<3,>=1.24 in /tmp/football-framework-python-fba597b1aa5c844a/lib/python3.14/site-packages (from -r /root/work_space/football/.project/checks/requirements.txt (line 16)) (2.5.3)
Requirement already satisfied: gymnasium<2,>=1.3 in /tmp/football-framework-python-fba597b1aa5c844a/lib/python3.14/site-packages (from -r /root/work_space/football/.project/checks/requirements.txt (line 17)) (1.3.0)
Requirement already satisfied: six>=1.16 in /tmp/football-framework-python-fba597b1aa5c844a/lib/python3.14/site-packages (from -r /root/work_space/football/.project/checks/requirements.txt (line 18)) (1.17.0)
Requirement already satisfied: cloudpickle>=1.2.0 in /tmp/football-framework-python-fba597b1aa5c844a/lib/python3.14/site-packages (from gymnasium<2,>=1.3->-r /root/work_space/football/.project/checks/requirements.txt (line 17)) (3.1.2)
Requirement already satisfied: typing-extensions>=4.3.0 in /tmp/football-framework-python-fba597b1aa5c844a/lib/python3.14/site-packages (from gymnasium<2,>=1.3->-r /root/work_space/football/.project/checks/requirements.txt (line 17)) (4.16.0)
Requirement already satisfied: farama-notifications>=0.0.1 in /tmp/football-framework-python-fba597b1aa5c844a/lib/python3.14/site-packages (from gymnasium<2,>=1.3->-r /root/work_space/football/.project/checks/requirements.txt (line 17)) (0.0.6)
Running: /tmp/football-framework-python-fba597b1aa5c844a/bin/python -m pip check
No broken requirements found.
Running: /tmp/football-framework-python-fba597b1aa5c844a/bin/python /root/work_space/football/.project/checks/acceptance_selftest.py
Running: /tmp/football-framework-python-fba597b1aa5c844a/bin/python -c 
import hashlib, json
from pathlib import Path
import gfootball_engine
import gfootball_engine._gameplayfootball as native
paths = dict(loader=Path(gfootball_engine.__file__),
             binding=Path(native.__file__),
             engine=Path(gfootball_engine.__file__).parent/'libfootball_engine.so')
print(json.dumps({key:dict(path=str(path),sha256=hashlib.sha256(path.read_bytes()).hexdigest())
                  for key,path in paths.items()}))

Running: /tmp/football-framework-python-fba597b1aa5c844a/bin/python -m pytest gfootball/frame_sync -q --ignore=gfootball/frame_sync/legacy_network_test.py --junitxml=/root/work_space/football/.project/optimization/evidence/framework-pytest.xml
........................................................................ [  9%]
........................................................................ [ 18%]
........................................................... [ 25%]
............................................................................ [ 35%]
........................................................................ [ 44%]
.................................... [ 49%]
.................................................................. [ 57%]
.................................................... [ 64%]
...................................................... [ 71%]
........................................ [ 76%]
............................................................... [ 84%]
.................................... [ 89%]
............ [ 90%]
................................................................. [ 98%]
.........                                                                [100%]
784 passed, 305 subtests passed in 165.28s (0:02:45)
Running: /tmp/football-framework-python-fba597b1aa5c844a/bin/python engine/tests/run_headless_regression.py /tmp/football-optimization-native/bin/headless_match --frames 1000
Running: /tmp/football-framework-python-fba597b1aa5c844a/bin/python -m pip list --format=json
{"passed": true, "assertions": 2177, "skipped": 0, "acceptance_self_tests": {"passed": true, "checks": 21, "assertions": 21, "skipped": 0, "modules": {"acceptance_inputs_test": 8, "loading_acceptance_test": 13}}, "native_file_reader": {"passed": true, "checks": 14, "assertions": 39, "skipped": 0}, "native_asset_parser": {"passed": true, "checks": 10, "assertions": 554, "skipped": 0}, "cpp_tests": 776, "python_tests": 784, "native_udp_required_suites": {"native_udp_bootstrap_test.": 28, "native_udp_window_test.": 37, "native_udp_stream_test.": 27, "native_udp_listener_test.": 20, "native_udp_dialer_test.": 24, "native_udp_terminal_drain_test.": 6}, "required_cpp_suites": {"native_udp_bootstrap_test.": 28, "native_udp_window_test.": 37, "native_udp_stream_test.": 27, "native_udp_listener_test.": 20, "native_udp_dialer_test.": 24, "native_udp_terminal_drain_test.": 6, "rl_observation_contract": 1, "native_input_rtt_test.": 14, "native_slot_groups_test.": 16, "native_slot_group_wire_test.": 16, "native_slot_group_server_test.": 13, "native_authority_recording_test.": 11}, "debug_compilation_units": 172, "native_determinism": [{"seed": 42, "frames": 1000, "slots": [2, 2], "independent_processes": 2, "snapshot_replay": true, "hash": "606593fad9c78ea9"}, {"seed": 43, "frames": 1000, "slots": [2, 2], "independent_processes": 2, "snapshot_replay": true, "hash": "a8c11d6b25d70198"}], "python_executable": "/tmp/football-framework-python-fba597b1aa5c844a/bin/python", "python_packages": [{"name": "absl-py", "version": "2.5.0"}, {"name": "cloudpickle", "version": "3.1.2"}, {"name": "Farama-Notifications", "version": "0.0.6"}, {"name": "gymnasium", "version": "1.3.0"}, {"name": "iniconfig", "version": "2.3.0"}, {"name": "numpy", "version": "2.5.3"}, {"name": "opencv-python", "version": "5.0.0.93"}, {"name": "packaging", "version": "26.3"}, {"name": "pip", "version": "26.2.1"}, {"name": "pluggy", "version": "1.6.0"}, {"name": "psutil", "version": "7.2.2"}, {"name": "pybind11", "version": "3.1.0"}, {"name": "pygame-ce", "version": "2.5.8"}, {"name": "Pygments", "version": "2.21.0"}, {"name": "pytest", "version": "9.1.1"}, {"name": "six", "version": "1.17.0"}, {"name": "typing_extensions", "version": "4.16.0"}], "python_native_runtime": {"loader": {"path": "/tmp/football-framework-python-h2m0v_dt/gfootball_engine/__init__.py", "sha256": "f8d5a7b3993f8255259ffd2c0bccbfac837cbd14412c9f6f86cd3488809b41bc"}, "binding": {"path": "/tmp/football-framework-python-h2m0v_dt/gfootball_engine/_gameplayfootball.so", "sha256": "7b1714761dab59fac3985391c4da93a6db6e80f9162d3391b0cc102a1bee1341"}, "engine": {"path": "/tmp/football-framework-python-h2m0v_dt/gfootball_engine/libfootball_engine.so", "sha256": "ba478b29a094c541055432e92078edfeea5543e2a2ca9849d7a27a24f2db82d6"}}, "network_integration": "separate required milestone ms-23.1"}
