Running: cmake -S engine -B /tmp/football-optimization-native-debug-config -DCMAKE_BUILD_TYPE=Debug -DBUILD_PYTHON_BINDINGS=OFF -DFOOTBALL_RUNTIME_OUTPUT_DIRECTORY=/tmp/football-optimization-native-debug-config/bin
CMake Warning (policy) at CMakeLists.txt:173 (FIND_PACKAGE):
  Policy CMP0167 is not set: The FindBoost module is removed.  Run "cmake
  --help-policy CMP0167" for policy details.  Use the cmake_policy command to
  set the policy and suppress this warning.
This warning is for project developers.  Use -Wno-author or -Wno-policy to
suppress it.

-- Configuring done (0.4s)
-- Generating done (0.1s)
-- Build files have been written to: /tmp/football-optimization-native-debug-config
Running: cmake -S engine/tests -B /tmp/football-review-20260909-tests -DCMAKE_BUILD_TYPE=Debug -DENABLE_PCH=OFF
-- Using installed GoogleTest 1.18.0 at /usr/lib/cmake/GTest
-- Build type: Debug
-- Unity build: ON
-- PCH enabled: OFF
-- Build targets: 55
-- Configuring done (0.0s)
-- Generating done (0.1s)
-- Build files have been written to: /tmp/football-review-20260909-tests
Running: cmake --build /tmp/football-review-20260909-tests -j 1
[  2%] Built target frame_sync_test
[  4%] Built target ecs_test
[  5%] Built target ecs_query_contract_test
[  7%] Built target fixed_point_test
[  9%] Built target fixed_point_determinism_test
[ 11%] Built target client_state_test
[ 13%] Built target ecs_physics_sync_test
[ 15%] Built target ecs_benchmark_test
[ 17%] Built target engine_integration_test
[ 19%] Built target phase5_test
[ 21%] Built target performance_benchmark_test
[ 23%] Built target frame_sync_performance_test
[ 25%] Built target ux_optimizer_test
[ 27%] Built target frame_sync_coverage_test
[ 29%] Built target prng_test
[ 31%] Built target interpolator_test
[ 33%] Built target state_delta_codec_test
[ 35%] Built target prediction_accuracy_tracker_test
[ 37%] Built target adaptive_prediction_cap_test
[ 39%] Built target replay_system_test
[ 40%] Built target adaptive_jitter_buffer_test
[ 42%] Built target phase16_integration_test
[ 43%] Built target latency_compensator_test
[ 45%] Built target state_snapshot_codec_test
[ 47%] Built target spectator_test
[ 49%] Built target replay_integration_test
[ 50%] Built target network_diagnostics_test
[ 52%] Built target lobby_protocol_test
[ 53%] Built target room_manager_test
[ 55%] Built target lobby_e2e_test
[ 56%] Built target milestone_regression_test
[ 58%] Built target frame_simulation_test
[ 60%] Built target memory_budget_test
[ 62%] Built target replay_file_test
[ 64%] Built target replay_directory_test
[ 65%] Built target reliable_udp_budget_test
[ 67%] Built target bounded_tcp_writer_test
[ 69%] Built target lobby_capacity_test
[ 71%] Built target lobby_client_capacity_test
[ 73%] Built target tcp_frame_server_test
[ 75%] Built target tcp_client_capacity_test
[ 76%] Built target football_test_native_recovery
[ 77%] Built target native_udp_bootstrap_test
[ 79%] Built target native_udp_window_test
[ 81%] Built target native_udp_stream_test
[ 83%] Built target native_udp_listener_test
[ 85%] Built target native_udp_dialer_test
[ 87%] Built target native_udp_terminal_drain_test
[ 89%] Built target native_slot_groups_test
[ 91%] Built target native_slot_group_wire_test
[ 93%] Built target native_slot_group_server_test
[ 95%] Built target native_authority_recording_test
[ 96%] Building CXX object CMakeFiles/native_input_rtt_test.dir/Unity/unity_0_cxx.cxx.o
[ 97%] Linking CXX executable native_input_rtt_test
[ 97%] Built target native_input_rtt_test
[ 98%] Built target rl_observation_static_contract
[100%] Built target engine_rl_observation_contract
Running: ctest --test-dir /tmp/football-review-20260909-tests --output-on-failure --output-junit /root/work_space/football/.project/optimization/evidence/framework-ctest.xml
Test project /tmp/football-review-20260909-tests
        Start   1: SlotInputTest.DefaultConstruction
  1/771 Test   #1: SlotInputTest.DefaultConstruction ............................................................................   Passed    0.01 sec
        Start   2: SlotInputTest.Equality
  2/771 Test   #2: SlotInputTest.Equality .......................................................................................   Passed    0.00 sec
        Start   3: SlotInputTest.BinaryLayoutSize
  3/771 Test   #3: SlotInputTest.BinaryLayoutSize ...............................................................................   Passed    0.01 sec
        Start   4: SlotInputTest.MemcpyRoundTrip
  4/771 Test   #4: SlotInputTest.MemcpyRoundTrip ................................................................................   Passed    0.00 sec
        Start   5: MessageTypeTest.UniqueValues
  5/771 Test   #5: MessageTypeTest.UniqueValues .................................................................................   Passed    0.00 sec
        Start   6: ProtocolConstantsTest.HeartbeatPacketSize
  6/771 Test   #6: ProtocolConstantsTest.HeartbeatPacketSize ....................................................................   Passed    0.00 sec
        Start   7: ProtocolConstantsTest.TimeoutConstants
  7/771 Test   #7: ProtocolConstantsTest.TimeoutConstants .......................................................................   Passed    0.01 sec
        Start   8: AuthoritativeFrameTest.HeaderSize
  8/771 Test   #8: AuthoritativeFrameTest.HeaderSize ............................................................................   Passed    0.01 sec
        Start   9: ClientFrameInputTest.HeaderSize
  9/771 Test   #9: ClientFrameInputTest.HeaderSize ..............................................................................   Passed    0.00 sec
        Start  10: ClientFrameInputTest.SlotEntrySize
 10/771 Test  #10: ClientFrameInputTest.SlotEntrySize ...........................................................................   Passed    0.01 sec
        Start  11: SessionStartTest.ParamsSize
 11/771 Test  #11: SessionStartTest.ParamsSize ..................................................................................   Passed    0.00 sec
        Start  12: LayoutTest.SlotInputNoPadding
 12/771 Test  #12: LayoutTest.SlotInputNoPadding ................................................................................   Passed    0.00 sec
        Start  13: TypesTest.FrameIdIsUint32
 13/771 Test  #13: TypesTest.FrameIdIsUint32 ....................................................................................   Passed    0.00 sec
        Start  14: TypesTest.StateHashIsUint64
 14/771 Test  #14: TypesTest.StateHashIsUint64 ..................................................................................   Passed    0.00 sec
        Start  15: PredictionRollbackTest.PredictThenRollback
 15/771 Test  #15: PredictionRollbackTest.PredictThenRollback ...................................................................   Passed    0.00 sec
        Start  16: PredictionRollbackTest.PredictWithNoRollback
 16/771 Test  #16: PredictionRollbackTest.PredictWithNoRollback .................................................................   Passed    0.00 sec
        Start  17: PredictionRollbackTest.EvictionPreventsStaleRollback
 17/771 Test  #17: PredictionRollbackTest.EvictionPreventsStaleRollback .........................................................   Passed    0.00 sec
        Start  18: PredictionRollbackTest.StateHashVerification
 18/771 Test  #18: PredictionRollbackTest.StateHashVerification .................................................................   Passed    0.00 sec
        Start  19: EntityTest.NullEntityIsZero
 19/771 Test  #19: EntityTest.NullEntityIsZero ..................................................................................   Passed    0.01 sec
        Start  20: EntityTest.EntityTypeIsUint64
 20/771 Test  #20: EntityTest.EntityTypeIsUint64 ................................................................................   Passed    0.00 sec
        Start  21: WorldTest.CreateEntity
 21/771 Test  #21: WorldTest.CreateEntity .......................................................................................   Passed    0.00 sec
        Start  22: WorldTest.CreateMultipleEntities
 22/771 Test  #22: WorldTest.CreateMultipleEntities .............................................................................   Passed    0.00 sec
        Start  23: WorldTest.EntityIdsAreMonotonic
 23/771 Test  #23: WorldTest.EntityIdsAreMonotonic ..............................................................................   Passed    0.00 sec
        Start  24: WorldTest.AddAndGetComponent
 24/771 Test  #24: WorldTest.AddAndGetComponent .................................................................................   Passed    0.00 sec
        Start  25: WorldTest.GetComponentReturnsNullForMissing
 25/771 Test  #25: WorldTest.GetComponentReturnsNullForMissing ..................................................................   Passed    0.00 sec
        Start  26: WorldTest.HasComponent
 26/771 Test  #26: WorldTest.HasComponent .......................................................................................   Passed    0.00 sec
        Start  27: WorldTest.RemoveComponent
 27/771 Test  #27: WorldTest.RemoveComponent ....................................................................................   Passed    0.01 sec
        Start  28: WorldTest.OverwriteComponent
 28/771 Test  #28: WorldTest.OverwriteComponent .................................................................................   Passed    0.01 sec
        Start  29: WorldTest.MultipleComponentsOnSameEntity
 29/771 Test  #29: WorldTest.MultipleComponentsOnSameEntity .....................................................................   Passed    0.01 sec
        Start  30: WorldTest.ForEachSingleComponent
 30/771 Test  #30: WorldTest.ForEachSingleComponent .............................................................................   Passed    0.01 sec
        Start  31: WorldTest.ForEachTwoComponents
 31/771 Test  #31: WorldTest.ForEachTwoComponents ...............................................................................   Passed    0.01 sec
        Start  32: WorldTest.ForEachModifiesData
 32/771 Test  #32: WorldTest.ForEachModifiesData ................................................................................   Passed    0.01 sec
        Start  33: WorldTest.DestroyEntityRemovesAllComponents
 33/771 Test  #33: WorldTest.DestroyEntityRemovesAllComponents ..................................................................   Passed    0.01 sec
        Start  34: WorldTest.ClearRemovesAll
 34/771 Test  #34: WorldTest.ClearRemovesAll ....................................................................................   Passed    0.00 sec
        Start  35: WorldTest.ForEachDeterministicOrder
 35/771 Test  #35: WorldTest.ForEachDeterministicOrder ..........................................................................   Passed    0.00 sec
        Start  36: WorldTest.MoveConstruction
 36/771 Test  #36: WorldTest.MoveConstruction ...................................................................................   Passed    0.01 sec
        Start  37: TeamStateComponentTest.DefaultConstruction
 37/771 Test  #37: TeamStateComponentTest.DefaultConstruction ...................................................................   Passed    0.00 sec
        Start  38: TeamStateComponentTest.EcsIntegration
 38/771 Test  #38: TeamStateComponentTest.EcsIntegration ........................................................................   Passed    0.00 sec
        Start  39: TeamStateComponentTest.MultipleTeams
 39/771 Test  #39: TeamStateComponentTest.MultipleTeams .........................................................................   Passed    0.00 sec
        Start  40: TeamStateComponentTest.ForEachTeamState
 40/771 Test  #40: TeamStateComponentTest.ForEachTeamState ......................................................................   Passed    0.00 sec
        Start  41: RefereeStateComponentTest.DefaultConstruction
 41/771 Test  #41: RefereeStateComponentTest.DefaultConstruction ................................................................   Passed    0.00 sec
        Start  42: RefereeStateComponentTest.EcsIntegration
 42/771 Test  #42: RefereeStateComponentTest.EcsIntegration .....................................................................   Passed    0.00 sec
        Start  43: RefereeStateComponentTest.FoulState
 43/771 Test  #43: RefereeStateComponentTest.FoulState ..........................................................................   Passed    0.00 sec
        Start  44: MatchStateComponentTest.DefaultConstruction
 44/771 Test  #44: MatchStateComponentTest.DefaultConstruction ..................................................................   Passed    0.00 sec
        Start  45: MatchStateComponentTest.EcsIntegration
 45/771 Test  #45: MatchStateComponentTest.EcsIntegration .......................................................................   Passed    0.00 sec
        Start  46: MatchStateComponentTest.GoalState
 46/771 Test  #46: MatchStateComponentTest.GoalState ............................................................................   Passed    0.00 sec
        Start  47: SerializationTest.TeamStateRoundTrip
 47/771 Test  #47: SerializationTest.TeamStateRoundTrip .........................................................................   Passed    0.00 sec
        Start  48: SerializationTest.RefereeStateRoundTrip
 48/771 Test  #48: SerializationTest.RefereeStateRoundTrip ......................................................................   Passed    0.00 sec
        Start  49: SerializationTest.MatchStateRoundTrip
 49/771 Test  #49: SerializationTest.MatchStateRoundTrip ........................................................................   Passed    0.00 sec
        Start  50: SerializationTest.AllComponentsRoundTrip
 50/771 Test  #50: SerializationTest.AllComponentsRoundTrip .....................................................................   Passed    0.00 sec
        Start  51: QueryContract.ConstEmptyWorldReturnsNull
 51/771 Test  #51: QueryContract.ConstEmptyWorldReturnsNull .....................................................................   Passed    0.00 sec
        Start  52: QueryContract.ThreeDistinctComponentsUseStableEntityOrder
 52/771 Test  #52: QueryContract.ThreeDistinctComponentsUseStableEntityOrder ....................................................   Passed    0.00 sec
        Start  53: QueryContract.ResultCanBeReusedAfterPoolDestructionAndRecreation
 53/771 Test  #53: QueryContract.ResultCanBeReusedAfterPoolDestructionAndRecreation .............................................   Passed    0.00 sec
        Start  54: QueryContract.SnapshotQuerySkipsDeletedFutureMatchesAndIgnoresNewMatches
 54/771 Test  #54: QueryContract.SnapshotQuerySkipsDeletedFutureMatchesAndIgnoresNewMatches .....................................   Passed    0.00 sec
        Start  55: QueryContract.MutableWorldTraversalPreservesFirstPoolCandidateSnapshot
 55/771 Test  #55: QueryContract.MutableWorldTraversalPreservesFirstPoolCandidateSnapshot .......................................   Passed    0.00 sec
        Start  56: QueryContract.SmallestPoolCanHaveAnyComponentPosition
 56/771 Test  #56: QueryContract.SmallestPoolCanHaveAnyComponentPosition ........................................................   Passed    0.00 sec
        Start  57: QueryContract.MissingTypesDoNotAllocatePoolsDuringResultConstruction
 57/771 Test  #57: QueryContract.MissingTypesDoNotAllocatePoolsDuringResultConstruction .........................................   Passed    0.00 sec
        Start  58: QueryContract.ThreeComponentTraversalSurvivesRemovalAndPoolGrowth
 58/771 Test  #58: QueryContract.ThreeComponentTraversalSurvivesRemovalAndPoolGrowth ............................................   Passed    0.00 sec
        Start  59: FixedPointTest.DefaultConstruction
 59/771 Test  #59: FixedPointTest.DefaultConstruction ...........................................................................   Passed    0.00 sec
        Start  60: FixedPointTest.IntConstruction
 60/771 Test  #60: FixedPointTest.IntConstruction ...............................................................................   Passed    0.00 sec
        Start  61: FixedPointTest.FloatConstruction
 61/771 Test  #61: FixedPointTest.FloatConstruction .............................................................................   Passed    0.00 sec
        Start  62: FixedPointTest.FromRaw
 62/771 Test  #62: FixedPointTest.FromRaw .......................................................................................   Passed    0.00 sec
        Start  63: FixedPointTest.Constants
 63/771 Test  #63: FixedPointTest.Constants .....................................................................................   Passed    0.00 sec
        Start  64: FixedPointTest.ToRaw
 64/771 Test  #64: FixedPointTest.ToRaw .........................................................................................   Passed    0.00 sec
        Start  65: FixedPointTest.Addition
 65/771 Test  #65: FixedPointTest.Addition ......................................................................................   Passed    0.00 sec
        Start  66: FixedPointTest.Subtraction
 66/771 Test  #66: FixedPointTest.Subtraction ...................................................................................   Passed    0.00 sec
        Start  67: FixedPointTest.Multiplication
 67/771 Test  #67: FixedPointTest.Multiplication ................................................................................   Passed    0.00 sec
        Start  68: FixedPointTest.Division
 68/771 Test  #68: FixedPointTest.Division ......................................................................................   Passed    0.00 sec
        Start  69: FixedPointTest.CompoundAssignment
 69/771 Test  #69: FixedPointTest.CompoundAssignment ............................................................................   Passed    0.00 sec
        Start  70: FixedPointTest.FractionalArithmetic
 70/771 Test  #70: FixedPointTest.FractionalArithmetic ..........................................................................   Passed    0.00 sec
        Start  71: FixedPointTest.DivisionPrecision
 71/771 Test  #71: FixedPointTest.DivisionPrecision .............................................................................   Passed    0.00 sec
        Start  72: FixedPointTest.Comparison
 72/771 Test  #72: FixedPointTest.Comparison ....................................................................................   Passed    0.00 sec
        Start  73: FixedPointTest.Negation
 73/771 Test  #73: FixedPointTest.Negation ......................................................................................   Passed    0.00 sec
        Start  74: FixedPointTest.Abs
 74/771 Test  #74: FixedPointTest.Abs ...........................................................................................   Passed    0.00 sec
        Start  75: FixedPointTest.SinZero
 75/771 Test  #75: FixedPointTest.SinZero .......................................................................................   Passed    0.00 sec
        Start  76: FixedPointTest.SinHalfPi
 76/771 Test  #76: FixedPointTest.SinHalfPi .....................................................................................   Passed    0.00 sec
        Start  77: FixedPointTest.CosZero
 77/771 Test  #77: FixedPointTest.CosZero .......................................................................................   Passed    0.00 sec
        Start  78: FixedPointTest.CosPi
 78/771 Test  #78: FixedPointTest.CosPi .........................................................................................   Passed    0.00 sec
        Start  79: FixedPointTest.SinPiOver4
 79/771 Test  #79: FixedPointTest.SinPiOver4 ....................................................................................   Passed    0.00 sec
        Start  80: FixedPointTest.Sqrt4
 80/771 Test  #80: FixedPointTest.Sqrt4 .........................................................................................   Passed    0.00 sec
        Start  81: FixedPointTest.Sqrt9
 81/771 Test  #81: FixedPointTest.Sqrt9 .........................................................................................   Passed    0.00 sec
        Start  82: FixedPointTest.Sqrt2
 82/771 Test  #82: FixedPointTest.Sqrt2 .........................................................................................   Passed    0.00 sec
        Start  83: FixedPointTest.SqrtZero
 83/771 Test  #83: FixedPointTest.SqrtZero ......................................................................................   Passed    0.00 sec
        Start  84: FixedPointTest.SqrtNegative
 84/771 Test  #84: FixedPointTest.SqrtNegative ..................................................................................   Passed    0.00 sec
        Start  85: FixedPointTest.AdditionDeterminism
 85/771 Test  #85: FixedPointTest.AdditionDeterminism ...........................................................................   Passed    0.00 sec
        Start  86: FixedPointTest.MultiplicationDeterminism
 86/771 Test  #86: FixedPointTest.MultiplicationDeterminism .....................................................................   Passed    0.00 sec
        Start  87: FixedPointTest.DivisionDeterminism
 87/771 Test  #87: FixedPointTest.DivisionDeterminism ...........................................................................   Passed    0.00 sec
        Start  88: FixedPointTest.SinDeterminism
 88/771 Test  #88: FixedPointTest.SinDeterminism ................................................................................   Passed    0.00 sec
        Start  89: FixedPointTest.IntegerFraction
 89/771 Test  #89: FixedPointTest.IntegerFraction ...............................................................................   Passed    0.00 sec
        Start  90: FixedPointDeterminism.AdditionBitExact
 90/771 Test  #90: FixedPointDeterminism.AdditionBitExact .......................................................................   Passed    0.00 sec
        Start  91: FixedPointDeterminism.MultiplicationBitExact
 91/771 Test  #91: FixedPointDeterminism.MultiplicationBitExact .................................................................   Passed    0.00 sec
        Start  92: FixedPointDeterminism.DivisionBitExact
 92/771 Test  #92: FixedPointDeterminism.DivisionBitExact .......................................................................   Passed    0.00 sec
        Start  93: FixedPointDeterminism.TrigBitExact
 93/771 Test  #93: FixedPointDeterminism.TrigBitExact ...........................................................................   Passed    0.00 sec
        Start  94: FixedPointDeterminism.SqrtBitExact
 94/771 Test  #94: FixedPointDeterminism.SqrtBitExact ...........................................................................   Passed    0.00 sec
        Start  95: FixedPointDeterminism.Atan2BitExact
 95/771 Test  #95: FixedPointDeterminism.Atan2BitExact ..........................................................................   Passed    0.00 sec
        Start  96: FixedPointDeterminism.PythagoreanIdentity
 96/771 Test  #96: FixedPointDeterminism.PythagoreanIdentity ....................................................................   Passed    0.00 sec
        Start  97: FixedPointDeterminism.SinCosPeriodicity
 97/771 Test  #97: FixedPointDeterminism.SinCosPeriodicity ......................................................................   Passed    0.00 sec
        Start  98: FixedPointDeterminism.SinOddFunction
 98/771 Test  #98: FixedPointDeterminism.SinOddFunction .........................................................................   Passed    0.00 sec
        Start  99: FixedPointDeterminism.CosEvenFunction
 99/771 Test  #99: FixedPointDeterminism.CosEvenFunction ........................................................................   Passed    0.00 sec
        Start 100: FixedPointDeterminism.SqrtMultiplicative
100/771 Test #100: FixedPointDeterminism.SqrtMultiplicative .....................................................................   Passed    0.00 sec
        Start 101: FixedPointDeterminism.ConstexprConstruction
101/771 Test #101: FixedPointDeterminism.ConstexprConstruction ..................................................................   Passed    0.00 sec
        Start 102: FixedPointDeterminism.ConstexprTrig
102/771 Test #102: FixedPointDeterminism.ConstexprTrig ..........................................................................   Passed    0.00 sec
        Start 103: ClientStateTest.SaveAndRetrieve
103/771 Test #103: ClientStateTest.SaveAndRetrieve ..............................................................................   Passed    0.00 sec
        Start 104: ClientStateTest.MultipleSnapshots
104/771 Test #104: ClientStateTest.MultipleSnapshots ............................................................................   Passed    0.00 sec
        Start 105: ClientStateTest.GetSnapshotNotFound
105/771 Test #105: ClientStateTest.GetSnapshotNotFound ..........................................................................   Passed    0.00 sec
        Start 106: ClientStateTest.Eviction
106/771 Test #106: ClientStateTest.Eviction .....................................................................................   Passed    0.00 sec
        Start 107: ClientStateTest.RollbackRestoresState
107/771 Test #107: ClientStateTest.RollbackRestoresState ........................................................................   Passed    0.00 sec
        Start 108: ClientStateTest.RollbackNotFound
108/771 Test #108: ClientStateTest.RollbackNotFound .............................................................................   Passed    0.00 sec
        Start 109: ClientStateTest.RestoreSnapshotWithoutStep
109/771 Test #109: ClientStateTest.RestoreSnapshotWithoutStep ...................................................................   Passed    0.00 sec
        Start 110: ClientStateTest.StateHashMatch
110/771 Test #110: ClientStateTest.StateHashMatch ...............................................................................   Passed    0.00 sec
        Start 111: ClientStateTest.StateHashMismatch
111/771 Test #111: ClientStateTest.StateHashMismatch ............................................................................   Passed    0.00 sec
        Start 112: ClientStateTest.StateHashUnknown
112/771 Test #112: ClientStateTest.StateHashUnknown .............................................................................   Passed    0.00 sec
        Start 113: ClientStateTest.FullPredictionRollbackCycle
113/771 Test #113: ClientStateTest.FullPredictionRollbackCycle ..................................................................   Passed    0.00 sec
        Start 114: ClientStateTest.ClearResetsEverything
114/771 Test #114: ClientStateTest.ClearResetsEverything ........................................................................   Passed    0.00 sec
        Start 115: ClientStateTest.CatchupWhenBehind
115/771 Test #115: ClientStateTest.CatchupWhenBehind ............................................................................   Passed    0.00 sec
        Start 116: ClientStateTest.CatchupCappedAtMax
116/771 Test #116: ClientStateTest.CatchupCappedAtMax ...........................................................................   Passed    0.00 sec
        Start 117: ClientStateTest.NoCatchupWhenSynced
117/771 Test #117: ClientStateTest.NoCatchupWhenSynced ..........................................................................   Passed    0.00 sec
        Start 118: ClientStateTest.WaitWhenAhead
118/771 Test #118: ClientStateTest.WaitWhenAhead ................................................................................   Passed    0.00 sec
        Start 119: ClientStateTest.FramesBehindCalculation
119/771 Test #119: ClientStateTest.FramesBehindCalculation ......................................................................   Passed    0.00 sec
        Start 120: ClientStateTest.JitterTracking
120/771 Test #120: ClientStateTest.JitterTracking ...............................................................................   Passed    0.00 sec
        Start 121: ClientStateTest.JitterHigh
121/771 Test #121: ClientStateTest.JitterHigh ...................................................................................   Passed    0.00 sec
        Start 122: ClientStateTest.JitterResetsOnClear
122/771 Test #122: ClientStateTest.JitterResetsOnClear ..........................................................................   Passed    0.00 sec
        Start 123: PlayerPhysicsTest.DefaultValues
123/771 Test #123: PlayerPhysicsTest.DefaultValues ..............................................................................   Passed    0.00 sec
        Start 124: PlayerPhysicsTest.AddGetComponent
124/771 Test #124: PlayerPhysicsTest.AddGetComponent ............................................................................   Passed    0.00 sec
        Start 125: PlayerPhysicsTest.OverwriteComponent
125/771 Test #125: PlayerPhysicsTest.OverwriteComponent .........................................................................   Passed    0.00 sec
        Start 126: PlayerPhysicsTest.ForEachFiltersCorrectly
126/771 Test #126: PlayerPhysicsTest.ForEachFiltersCorrectly ....................................................................   Passed    0.00 sec
        Start 127: PlayerPhysicsTest.ForEachDeterministicOrder
127/771 Test #127: PlayerPhysicsTest.ForEachDeterministicOrder ..................................................................   Passed    0.00 sec
        Start 128: PlayerPhysicsTest.MultipleComponentsOnSameEntity
128/771 Test #128: PlayerPhysicsTest.MultipleComponentsOnSameEntity .............................................................   Passed    0.00 sec
        Start 129: PlayerPhysicsTest.ForEachTwoComponents
129/771 Test #129: PlayerPhysicsTest.ForEachTwoComponents .......................................................................   Passed    0.00 sec
        Start 130: PlayerPhysicsTest.RemoveComponent
130/771 Test #130: PlayerPhysicsTest.RemoveComponent ............................................................................   Passed    0.00 sec
        Start 131: PlayerPhysicsTest.DestroyEntityRemovesAll
131/771 Test #131: PlayerPhysicsTest.DestroyEntityRemovesAll ....................................................................   Passed    0.00 sec
        Start 132: PlayerPhysicsTest.ClearRemovesAll
132/771 Test #132: PlayerPhysicsTest.ClearRemovesAll ............................................................................   Passed    0.00 sec
        Start 133: PlayerPhysicsTest.BidirectionalSyncPattern
133/771 Test #133: PlayerPhysicsTest.BidirectionalSyncPattern ...................................................................   Passed    0.00 sec
        Start 134: TacticsComponentTest.DefaultValues
134/771 Test #134: TacticsComponentTest.DefaultValues ...........................................................................   Passed    0.00 sec
        Start 135: TacticsComponentTest.AddGetComponent
135/771 Test #135: TacticsComponentTest.AddGetComponent .........................................................................   Passed    0.00 sec
        Start 136: TacticsComponentTest.RoundTripOopToEcsToOop
136/771 Test #136: TacticsComponentTest.RoundTripOopToEcsToOop ..................................................................   Passed    0.00 sec
        Start 137: BallComponentTest.AddGetComponent
137/771 Test #137: BallComponentTest.AddGetComponent ............................................................................   Passed    0.00 sec
        Start 138: BallComponentTest.RoundTripOopToEcsToOop
138/771 Test #138: BallComponentTest.RoundTripOopToEcsToOop .....................................................................   Passed    0.00 sec
        Start 139: BallComponentTest.OverwriteComponent
139/771 Test #139: BallComponentTest.OverwriteComponent .........................................................................   Passed    0.00 sec
        Start 140: BallComponentTest.ForEachDeterministicOrder
140/771 Test #140: BallComponentTest.ForEachDeterministicOrder ..................................................................   Passed    0.00 sec
        Start 141: WorldSerializerTest.SerializeEmptyWorld
141/771 Test #141: WorldSerializerTest.SerializeEmptyWorld ......................................................................   Passed    0.00 sec
        Start 142: WorldSerializerTest.SerializeDeserializeRoundTrip
142/771 Test #142: WorldSerializerTest.SerializeDeserializeRoundTrip ............................................................   Passed    0.00 sec
        Start 143: WorldSerializerTest.PreserveComponentData
143/771 Test #143: WorldSerializerTest.PreserveComponentData ....................................................................   Passed    0.00 sec
        Start 144: WorldSerializerTest.MultipleComponentTypes
144/771 Test #144: WorldSerializerTest.MultipleComponentTypes ...................................................................   Passed    0.00 sec
        Start 145: WorldSerializerTest.DeterministicEntityOrder
145/771 Test #145: WorldSerializerTest.DeterministicEntityOrder .................................................................   Passed    0.00 sec
        Start 146: SystemGraphTest.EmptyGraph
146/771 Test #146: SystemGraphTest.EmptyGraph ...................................................................................   Passed    0.00 sec
        Start 147: SystemGraphTest.SingleSystem
147/771 Test #147: SystemGraphTest.SingleSystem .................................................................................   Passed    0.00 sec
        Start 148: SystemGraphTest.LinearDependency
148/771 Test #148: SystemGraphTest.LinearDependency .............................................................................   Passed    0.00 sec
        Start 149: SystemGraphTest.DiamondDependency
149/771 Test #149: SystemGraphTest.DiamondDependency ............................................................................   Passed    0.00 sec
        Start 150: SystemGraphTest.CycleDetection
150/771 Test #150: SystemGraphTest.CycleDetection ...............................................................................   Passed    0.00 sec
        Start 151: SystemGraphTest.EarlyAbort
151/771 Test #151: SystemGraphTest.EarlyAbort ...................................................................................   Passed    0.00 sec
        Start 152: SystemGraphTest.ContextPassing
152/771 Test #152: SystemGraphTest.ContextPassing ...............................................................................   Passed    0.00 sec
        Start 153: SystemGraphTest.ClearResetsState
153/771 Test #153: SystemGraphTest.ClearResetsState .............................................................................   Passed    0.00 sec
        Start 154: SystemGraphTest.IndependentSystems
154/771 Test #154: SystemGraphTest.IndependentSystems ...........................................................................   Passed    0.00 sec
        Start 155: ECSBenchmarkTest.PositionUpdate
155/771 Test #155: ECSBenchmarkTest.PositionUpdate ..............................................................................   Passed    0.01 sec
        Start 156: ECSBenchmarkTest.ConditionalQuery
156/771 Test #156: ECSBenchmarkTest.ConditionalQuery ............................................................................   Passed    0.01 sec
        Start 157: ECSBenchmarkTest.DualComponentQuery
157/771 Test #157: ECSBenchmarkTest.DualComponentQuery ..........................................................................   Passed    0.01 sec
        Start 158: ECSBenchmarkTest.RandomAccess
158/771 Test #158: ECSBenchmarkTest.RandomAccess ................................................................................   Passed    0.01 sec
        Start 159: ECSBenchmarkTest.DeterministicTraversalOrder
159/771 Test #159: ECSBenchmarkTest.DeterministicTraversalOrder .................................................................   Passed    0.01 sec
        Start 160: ECSBenchmarkTest.MemoryLocality
160/771 Test #160: ECSBenchmarkTest.MemoryLocality ..............................................................................   Passed    0.01 sec
        Start 161: EngineCallbacksTest.DefaultCallbacksAreEmpty
161/771 Test #161: EngineCallbacksTest.DefaultCallbacksAreEmpty .................................................................   Passed    0.00 sec
        Start 162: EngineCallbacksTest.WiringToMockEngine
162/771 Test #162: EngineCallbacksTest.WiringToMockEngine .......................................................................   Passed    0.00 sec
        Start 163: Fnv1aHashTest.Deterministic
163/771 Test #163: Fnv1aHashTest.Deterministic ..................................................................................   Passed    0.00 sec
        Start 164: Fnv1aHashTest.DifferentInputsDifferentHashes
164/771 Test #164: Fnv1aHashTest.DifferentInputsDifferentHashes .................................................................   Passed    0.00 sec
        Start 165: Fnv1aHashTest.EmptyString
165/771 Test #165: Fnv1aHashTest.EmptyString ....................................................................................   Passed    0.00 sec
        Start 166: MultiplayerConfigTest.DefaultValues
166/771 Test #166: MultiplayerConfigTest.DefaultValues ..........................................................................   Passed    0.00 sec
        Start 167: ClientStateEngineIntegrationTest.PredictAndRollback
167/771 Test #167: ClientStateEngineIntegrationTest.PredictAndRollback ..........................................................   Passed    0.00 sec
        Start 168: ClientStateEngineIntegrationTest.HashVerification
168/771 Test #168: ClientStateEngineIntegrationTest.HashVerification ............................................................   Passed    0.00 sec
        Start 169: EndToEndTest.AuthoritativeFrameRoundTrip
169/771 Test #169: EndToEndTest.AuthoritativeFrameRoundTrip .....................................................................   Passed    0.00 sec
        Start 170: StateHashTest.PackUnpackRoundTrip
170/771 Test #170: StateHashTest.PackUnpackRoundTrip ............................................................................   Passed    0.00 sec
        Start 171: MultiSlotTest.PackUnpackFrameInput
171/771 Test #171: MultiSlotTest.PackUnpackFrameInput ...........................................................................   Passed    0.00 sec
        Start 172: FullLoopTest.ClientServerSyncWithoutRollback
172/771 Test #172: FullLoopTest.ClientServerSyncWithoutRollback .................................................................   Passed    0.00 sec
        Start 173: FullLoopTest.ClientServerSyncWithRollback
173/771 Test #173: FullLoopTest.ClientServerSyncWithRollback ....................................................................   Passed    0.00 sec
        Start 174: FullLoopTest.StateHashVerificationAcrossFrames
174/771 Test #174: FullLoopTest.StateHashVerificationAcrossFrames ...............................................................   Passed    0.00 sec
        Start 175: FullLoopTest.MultiSlotClientServerSync
175/771 Test #175: FullLoopTest.MultiSlotClientServerSync .......................................................................   Passed    0.00 sec
        Start 176: JitterStatsTest.InitialState
176/771 Test #176: JitterStatsTest.InitialState .................................................................................   Passed    0.00 sec
        Start 177: JitterStatsTest.RecordArrival
177/771 Test #177: JitterStatsTest.RecordArrival ................................................................................   Passed    0.00 sec
        Start 178: JitterStatsTest.LossRate
178/771 Test #178: JitterStatsTest.LossRate .....................................................................................   Passed    0.00 sec
        Start 179: JitterStatsTest.RTTTracking
179/771 Test #179: JitterStatsTest.RTTTracking ..................................................................................   Passed    0.00 sec
        Start 180: JitterStatsTest.RecommendedBufferSize
180/771 Test #180: JitterStatsTest.RecommendedBufferSize ........................................................................   Passed    0.00 sec
        Start 181: DeltaSlotInputTest.NoChange
181/771 Test #181: DeltaSlotInputTest.NoChange ..................................................................................   Passed    0.00 sec
        Start 182: DeltaSlotInputTest.AllFieldsChanged
182/771 Test #182: DeltaSlotInputTest.AllFieldsChanged ..........................................................................   Passed    0.00 sec
        Start 183: DeltaSlotInputTest.PartialChange
183/771 Test #183: DeltaSlotInputTest.PartialChange .............................................................................   Passed    0.00 sec
        Start 184: DeltaSlotInputTest.CompressionRatio
184/771 Test #184: DeltaSlotInputTest.CompressionRatio ..........................................................................   Passed    0.00 sec
        Start 185: DeltaEncoderTest.EncodeDecode
185/771 Test #185: DeltaEncoderTest.EncodeDecode ................................................................................   Passed    0.00 sec
        Start 186: DeltaEncoderTest.MultiFrameCompression
186/771 Test #186: DeltaEncoderTest.MultiFrameCompression .......................................................................   Passed    0.00 sec
        Start 187: PerformanceBenchmark.AuthoritativeFrameEncodeDecode
187/771 Test #187: PerformanceBenchmark.AuthoritativeFrameEncodeDecode ..........................................................   Passed    0.00 sec
        Start 188: PerformanceBenchmark.ClientFrameInputEncodeDecode
188/771 Test #188: PerformanceBenchmark.ClientFrameInputEncodeDecode ............................................................   Passed    0.00 sec
        Start 189: PerformanceBenchmark.DeltaCompressionThroughput
189/771 Test #189: PerformanceBenchmark.DeltaCompressionThroughput ..............................................................   Passed    0.05 sec
        Start 190: PerformanceBenchmark.ClientStateSnapshotThroughput
190/771 Test #190: PerformanceBenchmark.ClientStateSnapshotThroughput ...........................................................   Passed    0.03 sec
        Start 191: PerformanceBenchmark.ClientStateRollbackPerformance
191/771 Test #191: PerformanceBenchmark.ClientStateRollbackPerformance ..........................................................   Passed    0.01 sec
        Start 192: PerformanceBenchmark.Fnv1aHashThroughput
192/771 Test #192: PerformanceBenchmark.Fnv1aHashThroughput .....................................................................   Passed    0.97 sec
        Start 193: PerformanceBenchmark.JitterStatsUpdateThroughput
193/771 Test #193: PerformanceBenchmark.JitterStatsUpdateThroughput .............................................................   Passed    0.08 sec
        Start 194: PerformanceBenchmark.SlotInputMemcpyThroughput
194/771 Test #194: PerformanceBenchmark.SlotInputMemcpyThroughput ...............................................................   Passed    0.01 sec
        Start 195: PerformanceBenchmark.StateHashPackUnpackThroughput
195/771 Test #195: PerformanceBenchmark.StateHashPackUnpackThroughput ...........................................................   Passed    0.00 sec
        Start 196: UXOptimizerTest.InitialState
196/771 Test #196: UXOptimizerTest.InitialState .................................................................................   Passed    0.00 sec
        Start 197: UXOptimizerTest.RecordInputLatency
197/771 Test #197: UXOptimizerTest.RecordInputLatency ...........................................................................   Passed    0.00 sec
        Start 198: UXOptimizerTest.RecordFrameTime
198/771 Test #198: UXOptimizerTest.RecordFrameTime ..............................................................................   Passed    0.00 sec
        Start 199: UXOptimizerTest.NetworkQuality
199/771 Test #199: UXOptimizerTest.NetworkQuality ...............................................................................   Passed    0.00 sec
        Start 200: UXOptimizerTest.PredictionAccuracy
200/771 Test #200: UXOptimizerTest.PredictionAccuracy ...........................................................................   Passed    0.00 sec
        Start 201: UXOptimizerTest.RollbackCount
201/771 Test #201: UXOptimizerTest.RollbackCount ................................................................................   Passed    0.00 sec
        Start 202: UXOptimizerTest.Reset
202/771 Test #202: UXOptimizerTest.Reset ........................................................................................   Passed    0.00 sec
        Start 203: UXOptimizerTest.QualityRecommendation
203/771 Test #203: UXOptimizerTest.QualityRecommendation ........................................................................   Passed    0.00 sec
        Start 204: InputLatencyTrackerTest.BasicTracking
204/771 Test #204: InputLatencyTrackerTest.BasicTracking ........................................................................   Passed    0.00 sec
        Start 205: InputLatencyTrackerTest.P95Latency
205/771 Test #205: InputLatencyTrackerTest.P95Latency ...........................................................................   Passed    0.00 sec
        Start 206: InputLatencyTrackerTest.Cleanup
206/771 Test #206: InputLatencyTrackerTest.Cleanup ..............................................................................   Passed    0.00 sec
        Start 207: Vec3Test.DefaultConstruction
207/771 Test #207: Vec3Test.DefaultConstruction .................................................................................   Passed    0.00 sec
        Start 208: Vec3Test.ParameterizedConstruction
208/771 Test #208: Vec3Test.ParameterizedConstruction ...........................................................................   Passed    0.00 sec
        Start 209: Vec3Test.Addition
209/771 Test #209: Vec3Test.Addition ............................................................................................   Passed    0.00 sec
        Start 210: Vec3Test.Subtraction
210/771 Test #210: Vec3Test.Subtraction .........................................................................................   Passed    0.00 sec
        Start 211: Vec3Test.ScalarMultiply
211/771 Test #211: Vec3Test.ScalarMultiply ......................................................................................   Passed    0.00 sec
        Start 212: Vec3Test.Length
212/771 Test #212: Vec3Test.Length ..............................................................................................   Passed    0.00 sec
        Start 213: Vec3Test.LengthSquared
213/771 Test #213: Vec3Test.LengthSquared .......................................................................................   Passed    0.00 sec
        Start 214: Vec3Test.Normalized
214/771 Test #214: Vec3Test.Normalized ..........................................................................................   Passed    0.00 sec
        Start 215: Vec3Test.NormalizedZeroVector
215/771 Test #215: Vec3Test.NormalizedZeroVector ................................................................................   Passed    0.00 sec
        Start 216: QuatTest.DefaultConstruction
216/771 Test #216: QuatTest.DefaultConstruction .................................................................................   Passed    0.00 sec
        Start 217: QuatTest.ParameterizedConstruction
217/771 Test #217: QuatTest.ParameterizedConstruction ...........................................................................   Passed    0.00 sec
        Start 218: QuatTest.Normalized
218/771 Test #218: QuatTest.Normalized ..........................................................................................   Passed    0.00 sec
        Start 219: QuatTest.SlerpIdentity
219/771 Test #219: QuatTest.SlerpIdentity .......................................................................................   Passed    0.00 sec
        Start 220: QuatTest.SlerpHalfway
220/771 Test #220: QuatTest.SlerpHalfway ........................................................................................   Passed    0.00 sec
        Start 221: QuatTest.SlerpShortestPath
221/771 Test #221: QuatTest.SlerpShortestPath ...................................................................................   Passed    0.00 sec
        Start 222: InterpolatorTest.InitialState
222/771 Test #222: InterpolatorTest.InitialState ................................................................................   Passed    0.00 sec
        Start 223: InterpolatorTest.SaveState
223/771 Test #223: InterpolatorTest.SaveState ...................................................................................   Passed    0.00 sec
        Start 224: InterpolatorTest.InterpolateSingleFrame
224/771 Test #224: InterpolatorTest.InterpolateSingleFrame ......................................................................   Passed    0.00 sec
        Start 225: InterpolatorTest.InterpolateBetweenFrames
225/771 Test #225: InterpolatorTest.InterpolateBetweenFrames ....................................................................   Passed    0.00 sec
        Start 226: InterpolatorTest.InterpolateAtFrameBoundary
226/771 Test #226: InterpolatorTest.InterpolateAtFrameBoundary ..................................................................   Passed    0.00 sec
        Start 227: InterpolatorTest.InterpolateBeforeFrame
227/771 Test #227: InterpolatorTest.InterpolateBeforeFrame ......................................................................   Passed    0.00 sec
        Start 228: InterpolatorTest.MultipleEntities
228/771 Test #228: InterpolatorTest.MultipleEntities ............................................................................   Passed    0.00 sec
        Start 229: InterpolatorTest.EntityNotFound
229/771 Test #229: InterpolatorTest.EntityNotFound ..............................................................................   Passed    0.00 sec
        Start 230: ProtocolIOTest.PackUnpackSessionStart
230/771 Test #230: ProtocolIOTest.PackUnpackSessionStart ........................................................................   Passed    0.00 sec
        Start 231: ProtocolIOTest.PackUnpackSlotAssignment
231/771 Test #231: ProtocolIOTest.PackUnpackSlotAssignment ......................................................................   Passed    0.00 sec
        Start 232: ProtocolIOTest.PackUnpackAuthoritativeFrame
232/771 Test #232: ProtocolIOTest.PackUnpackAuthoritativeFrame ..................................................................   Passed    0.00 sec
        Start 233: ProtocolIOTest.PackUnpackClientFrameInput
233/771 Test #233: ProtocolIOTest.PackUnpackClientFrameInput ....................................................................   Passed    0.00 sec
        Start 234: ProtocolIOTest.PackReady
234/771 Test #234: ProtocolIOTest.PackReady .....................................................................................   Passed    0.00 sec
        Start 235: ProtocolIOTest.PackUnpackStateHash
235/771 Test #235: ProtocolIOTest.PackUnpackStateHash ...........................................................................   Passed    0.00 sec
        Start 236: ProtocolIOTest.PackUnpackHeartbeat
236/771 Test #236: ProtocolIOTest.PackUnpackHeartbeat ...........................................................................   Passed    0.00 sec
        Start 237: ProtocolIOTest.PackUnpackVersionNegotiate
237/771 Test #237: ProtocolIOTest.PackUnpackVersionNegotiate ....................................................................   Passed    0.00 sec
        Start 238: DeltaSlotInputTest.ConstexprCompute
238/771 Test #238: DeltaSlotInputTest.ConstexprCompute ..........................................................................   Passed    0.00 sec
        Start 239: DeltaSlotInputTest.PackedSizeTable
239/771 Test #239: DeltaSlotInputTest.PackedSizeTable ...........................................................................   Passed    0.00 sec
        Start 240: DeltaSlotInputTest.BytesSaved
240/771 Test #240: DeltaSlotInputTest.BytesSaved ................................................................................   Passed    0.00 sec
        Start 241: DeterministicPRNGTest.BasicGeneration
241/771 Test #241: DeterministicPRNGTest.BasicGeneration ........................................................................   Passed    0.00 sec
        Start 242: DeterministicPRNGTest.Determinism
242/771 Test #242: DeterministicPRNGTest.Determinism ............................................................................   Passed    0.00 sec
        Start 243: DeterministicPRNGTest.DifferentSeeds
243/771 Test #243: DeterministicPRNGTest.DifferentSeeds .........................................................................   Passed    0.00 sec
        Start 244: DeterministicPRNGTest.Uint32Generation
244/771 Test #244: DeterministicPRNGTest.Uint32Generation .......................................................................   Passed    0.00 sec
        Start 245: DeterministicPRNGTest.FloatRange
245/771 Test #245: DeterministicPRNGTest.FloatRange .............................................................................   Passed    0.00 sec
        Start 246: DeterministicPRNGTest.DoubleRange
246/771 Test #246: DeterministicPRNGTest.DoubleRange ............................................................................   Passed    0.00 sec
        Start 247: DeterministicPRNGTest.RangeInt
247/771 Test #247: DeterministicPRNGTest.RangeInt ...............................................................................   Passed    0.00 sec
        Start 248: DeterministicPRNGTest.RangeSame
248/771 Test #248: DeterministicPRNGTest.RangeSame ..............................................................................   Passed    0.00 sec
        Start 249: DeterministicPRNGTest.RangeFloat
249/771 Test #249: DeterministicPRNGTest.RangeFloat .............................................................................   Passed    0.00 sec
        Start 250: DeterministicPRNGTest.Skip
250/771 Test #250: DeterministicPRNGTest.Skip ...................................................................................   Passed    0.00 sec
        Start 251: DeterministicPRNGTest.StateSerialization
251/771 Test #251: DeterministicPRNGTest.StateSerialization .....................................................................   Passed    0.00 sec
        Start 252: DeterministicPRNGTest.Distribution
252/771 Test #252: DeterministicPRNGTest.Distribution ...........................................................................   Passed    0.00 sec
        Start 253: DeterministicPRNGTest.ZeroSeed
253/771 Test #253: DeterministicPRNGTest.ZeroSeed ...............................................................................   Passed    0.00 sec
        Start 254: DeterministicPRNGTest.LargeSeed
254/771 Test #254: DeterministicPRNGTest.LargeSeed ..............................................................................   Passed    0.00 sec
        Start 255: DeterministicPRNGTest.CrossPlatformDeterminism
255/771 Test #255: DeterministicPRNGTest.CrossPlatformDeterminism ...............................................................   Passed    0.00 sec
        Start 256: PRNGRegression.FullIntegerRangeKeepsSequenceAndBounds
256/771 Test #256: PRNGRegression.FullIntegerRangeKeepsSequenceAndBounds ........................................................   Passed    0.00 sec
        Start 257: InterpolatorTest.BasicInterpolation
257/771 Test #257: InterpolatorTest.BasicInterpolation ..........................................................................   Passed    0.00 sec
        Start 258: InterpolatorTest.BasicExtrapolation
258/771 Test #258: InterpolatorTest.BasicExtrapolation ..........................................................................   Passed    0.00 sec
        Start 259: InterpolatorTest.ExtrapolationBoundsMaxDistance
259/771 Test #259: InterpolatorTest.ExtrapolationBoundsMaxDistance ..............................................................   Passed    0.00 sec
        Start 260: InterpolatorTest.ExtrapolationBoundsMaxSpeed
260/771 Test #260: InterpolatorTest.ExtrapolationBoundsMaxSpeed .................................................................   Passed    0.00 sec
        Start 261: InterpolatorTest.ExtrapolationBoundsMaxTime
261/771 Test #261: InterpolatorTest.ExtrapolationBoundsMaxTime ..................................................................   Passed    0.00 sec
        Start 262: InterpolatorTest.ExtrapolationNotNeeded
262/771 Test #262: InterpolatorTest.ExtrapolationNotNeeded ......................................................................   Passed    0.00 sec
        Start 263: InterpolatorTest.NeedsExtrapolation
263/771 Test #263: InterpolatorTest.NeedsExtrapolation ..........................................................................   Passed    0.00 sec
        Start 264: InterpolatorTest.ExtrapolationZeroVelocity
264/771 Test #264: InterpolatorTest.ExtrapolationZeroVelocity ...................................................................   Passed    0.00 sec
        Start 265: InterpolatorTest.ExtrapolationMultipleEntities
265/771 Test #265: InterpolatorTest.ExtrapolationMultipleEntities ...............................................................   Passed    0.00 sec
        Start 266: InterpolatorTest.ExtrapolationSingleFrame
266/771 Test #266: InterpolatorTest.ExtrapolationSingleFrame ....................................................................   Passed    0.00 sec
        Start 267: InterpolatorTest.ExtrapolationTimestamp
267/771 Test #267: InterpolatorTest.ExtrapolationTimestamp ......................................................................   Passed    0.00 sec
        Start 268: StateDeltaCodecTest.BasicRoundtrip
268/771 Test #268: StateDeltaCodecTest.BasicRoundtrip ...........................................................................   Passed    0.00 sec
        Start 269: StateDeltaCodecTest.IdenticalFrames
269/771 Test #269: StateDeltaCodecTest.IdenticalFrames ..........................................................................   Passed    0.00 sec
        Start 270: StateDeltaCodecTest.ManyChanges
270/771 Test #270: StateDeltaCodecTest.ManyChanges ..............................................................................   Passed    0.00 sec
        Start 271: StateDeltaCodecTest.NoBaseline
271/771 Test #271: StateDeltaCodecTest.NoBaseline ...............................................................................   Passed    0.00 sec
        Start 272: StateDeltaCodecTest.DecodeWithNewCodec
272/771 Test #272: StateDeltaCodecTest.DecodeWithNewCodec .......................................................................   Passed    0.00 sec
        Start 273: StateDeltaCodecTest.MultipleFrames
273/771 Test #273: StateDeltaCodecTest.MultipleFrames ...........................................................................   Passed    0.00 sec
        Start 274: StateDeltaCodecTest.CompressionRatioSparse
274/771 Test #274: StateDeltaCodecTest.CompressionRatioSparse ...................................................................   Passed    0.00 sec
        Start 275: StateDeltaCodecTest.CompressionRatioDense
275/771 Test #275: StateDeltaCodecTest.CompressionRatioDense ....................................................................   Passed    0.00 sec
        Start 276: StateDeltaCodecTest.Reset
276/771 Test #276: StateDeltaCodecTest.Reset ....................................................................................   Passed    0.00 sec
        Start 277: StateDeltaCodecTest.RawBytesInterface
277/771 Test #277: StateDeltaCodecTest.RawBytesInterface ........................................................................   Passed    0.00 sec
        Start 278: StateDeltaCodecTest.EmptyState
278/771 Test #278: StateDeltaCodecTest.EmptyState ...............................................................................   Passed    0.00 sec
        Start 279: StateDeltaCodecTest.RLECompression
279/771 Test #279: StateDeltaCodecTest.RLECompression ...........................................................................   Passed    0.00 sec
        Start 280: StateDeltaCodecTest.RLEMixedPattern
280/771 Test #280: StateDeltaCodecTest.RLEMixedPattern ..........................................................................   Passed    0.00 sec
        Start 281: StateDeltaCodecTest.SizeMismatch
281/771 Test #281: StateDeltaCodecTest.SizeMismatch .............................................................................   Passed    0.00 sec
        Start 282: PredictionAccuracyTrackerTest.BasicTracking
282/771 Test #282: PredictionAccuracyTrackerTest.BasicTracking ..................................................................   Passed    0.00 sec
        Start 283: PredictionAccuracyTrackerTest.NoPrediction
283/771 Test #283: PredictionAccuracyTrackerTest.NoPrediction ...................................................................   Passed    0.00 sec
        Start 284: PredictionAccuracyTrackerTest.RecentAccuracy
284/771 Test #284: PredictionAccuracyTrackerTest.RecentAccuracy .................................................................   Passed    0.00 sec
        Start 285: PredictionAccuracyTrackerTest.AccuracyTrend
285/771 Test #285: PredictionAccuracyTrackerTest.AccuracyTrend ..................................................................   Passed    0.00 sec
        Start 286: PredictionAccuracyTrackerTest.DegradingTrend
286/771 Test #286: PredictionAccuracyTrackerTest.DegradingTrend .................................................................   Passed    0.00 sec
        Start 287: PredictionAccuracyTrackerTest.PendingPredictions
287/771 Test #287: PredictionAccuracyTrackerTest.PendingPredictions .............................................................   Passed    0.00 sec
        Start 288: PredictionAccuracyTrackerTest.RecentMismatches
288/771 Test #288: PredictionAccuracyTrackerTest.RecentMismatches ...............................................................   Passed    0.00 sec
        Start 289: PredictionAccuracyTrackerTest.Cleanup
289/771 Test #289: PredictionAccuracyTrackerTest.Cleanup ........................................................................   Passed    0.00 sec
        Start 290: PredictionAccuracyTrackerTest.Reset
290/771 Test #290: PredictionAccuracyTrackerTest.Reset ..........................................................................   Passed    0.00 sec
        Start 291: PredictionAccuracyTrackerTest.PerfectAccuracy
291/771 Test #291: PredictionAccuracyTrackerTest.PerfectAccuracy ................................................................   Passed    0.00 sec
        Start 292: PredictionAccuracyTrackerTest.ZeroAccuracy
292/771 Test #292: PredictionAccuracyTrackerTest.ZeroAccuracy ...................................................................   Passed    0.00 sec
        Start 293: AdaptivePredictionCapTest.DefaultValues
293/771 Test #293: AdaptivePredictionCapTest.DefaultValues ......................................................................   Passed    0.00 sec
        Start 294: AdaptivePredictionCapTest.RTTScaling
294/771 Test #294: AdaptivePredictionCapTest.RTTScaling .........................................................................   Passed    0.00 sec
        Start 295: AdaptivePredictionCapTest.PacketLossAdjustment
295/771 Test #295: AdaptivePredictionCapTest.PacketLossAdjustment ...............................................................   Passed    0.00 sec
        Start 296: AdaptivePredictionCapTest.AccuracyAdjustment
296/771 Test #296: AdaptivePredictionCapTest.AccuracyAdjustment .................................................................   Passed    0.00 sec
        Start 297: AdaptivePredictionCapTest.FrameStabilityAdjustment
297/771 Test #297: AdaptivePredictionCapTest.FrameStabilityAdjustment ...........................................................   Passed    0.00 sec
        Start 298: AdaptivePredictionCapTest.Clamping
298/771 Test #298: AdaptivePredictionCapTest.Clamping ...........................................................................   Passed    0.00 sec
        Start 299: AdaptivePredictionCapTest.CapSummary
299/771 Test #299: AdaptivePredictionCapTest.CapSummary .........................................................................   Passed    0.00 sec
        Start 300: AdaptivePredictionCapTest.RecommendedBounds
300/771 Test #300: AdaptivePredictionCapTest.RecommendedBounds ..................................................................   Passed    0.00 sec
        Start 301: AdaptivePredictionCapTest.Reset
301/771 Test #301: AdaptivePredictionCapTest.Reset ..............................................................................   Passed    0.00 sec
        Start 302: AdaptivePredictionCapTest.CombinedConditions
302/771 Test #302: AdaptivePredictionCapTest.CombinedConditions .................................................................   Passed    0.00 sec
        Start 303: ReplaySystemTest.BasicRecording
303/771 Test #303: ReplaySystemTest.BasicRecording ..............................................................................   Passed    0.00 sec
        Start 304: ReplaySystemTest.SerializationRoundtrip
304/771 Test #304: ReplaySystemTest.SerializationRoundtrip ......................................................................   Passed    0.00 sec
        Start 305: ReplaySystemTest.Playback
305/771 Test #305: ReplaySystemTest.Playback ....................................................................................   Passed    0.00 sec
        Start 306: ReplaySystemTest.Seeking
306/771 Test #306: ReplaySystemTest.Seeking .....................................................................................   Passed    0.00 sec
        Start 307: ReplaySystemTest.FrameAtIndex
307/771 Test #307: ReplaySystemTest.FrameAtIndex ................................................................................   Passed    0.00 sec
        Start 308: ReplaySystemTest.PauseResume
308/771 Test #308: ReplaySystemTest.PauseResume .................................................................................   Passed    0.00 sec
        Start 309: ReplaySystemTest.Reset
309/771 Test #309: ReplaySystemTest.Reset .......................................................................................   Passed    0.00 sec
        Start 310: ReplaySystemTest.EmptyReplay
310/771 Test #310: ReplaySystemTest.EmptyReplay .................................................................................   Passed    0.00 sec
        Start 311: ReplaySystemTest.Metadata
311/771 Test #311: ReplaySystemTest.Metadata ....................................................................................   Passed    0.00 sec
        Start 312: AdaptiveJitterBufferTest.DefaultValues
312/771 Test #312: AdaptiveJitterBufferTest.DefaultValues .......................................................................   Passed    0.00 sec
        Start 313: AdaptiveJitterBufferTest.JitterScaling
313/771 Test #313: AdaptiveJitterBufferTest.JitterScaling .......................................................................   Passed    0.00 sec
        Start 314: AdaptiveJitterBufferTest.RTTAdjustment
314/771 Test #314: AdaptiveJitterBufferTest.RTTAdjustment .......................................................................   Passed    0.00 sec
        Start 315: AdaptiveJitterBufferTest.FrameArrival
315/771 Test #315: AdaptiveJitterBufferTest.FrameArrival ........................................................................   Passed    0.00 sec
        Start 316: AdaptiveJitterBufferTest.GapDetection
316/771 Test #316: AdaptiveJitterBufferTest.GapDetection ........................................................................   Passed    0.00 sec
        Start 317: AdaptiveJitterBufferTest.FrameDrop
317/771 Test #317: AdaptiveJitterBufferTest.FrameDrop ...........................................................................   Passed    0.00 sec
        Start 318: AdaptiveJitterBufferTest.BufferStatus
318/771 Test #318: AdaptiveJitterBufferTest.BufferStatus ........................................................................   Passed    0.00 sec
        Start 319: AdaptiveJitterBufferTest.Reset
319/771 Test #319: AdaptiveJitterBufferTest.Reset ...............................................................................   Passed    0.00 sec
        Start 320: AdaptiveJitterBufferTest.Smoothing
320/771 Test #320: AdaptiveJitterBufferTest.Smoothing ...........................................................................   Passed    0.00 sec
        Start 321: AdaptiveJitterBufferTest.Clamping
321/771 Test #321: AdaptiveJitterBufferTest.Clamping ............................................................................   Passed    0.00 sec
        Start 322: InterpolationExtrapolationTest.InterpolationWorks
322/771 Test #322: InterpolationExtrapolationTest.InterpolationWorks ............................................................   Passed    0.00 sec
        Start 323: InterpolationExtrapolationTest.ExtrapolationWorks
323/771 Test #323: InterpolationExtrapolationTest.ExtrapolationWorks ............................................................   Passed    0.00 sec
        Start 324: InterpolationExtrapolationTest.MultipleEntities
324/771 Test #324: InterpolationExtrapolationTest.MultipleEntities ..............................................................   Passed    0.00 sec
        Start 325: InterpolationExtrapolationTest.BoundsRespected
325/771 Test #325: InterpolationExtrapolationTest.BoundsRespected ...............................................................   Passed    0.00 sec
        Start 326: DeterministicPRNGIntegration.CrossPlatformConsistency
326/771 Test #326: DeterministicPRNGIntegration.CrossPlatformConsistency ........................................................   Passed    0.00 sec
        Start 327: DeterministicPRNGIntegration.DifferentSeedsDifferentOutput
327/771 Test #327: DeterministicPRNGIntegration.DifferentSeedsDifferentOutput ...................................................   Passed    0.00 sec
        Start 328: DeterministicPRNGIntegration.DeterministicFromSeed
328/771 Test #328: DeterministicPRNGIntegration.DeterministicFromSeed ...........................................................   Passed    0.00 sec
        Start 329: StateDeltaCodecIntegration.MultiFrameRoundtrip
329/771 Test #329: StateDeltaCodecIntegration.MultiFrameRoundtrip ...............................................................   Passed    0.00 sec
        Start 330: StateDeltaCodecIntegration.CompressionEfficiency
330/771 Test #330: StateDeltaCodecIntegration.CompressionEfficiency .............................................................   Passed    0.00 sec
        Start 331: PredictionAccuracyIntegration.AccuracyTracking
331/771 Test #331: PredictionAccuracyIntegration.AccuracyTracking ...............................................................   Passed    0.00 sec
        Start 332: PredictionAccuracyIntegration.TrendDetection
332/771 Test #332: PredictionAccuracyIntegration.TrendDetection .................................................................   Passed    0.00 sec
        Start 333: AdaptivePredictionCapIntegration.RTTBasedScaling
333/771 Test #333: AdaptivePredictionCapIntegration.RTTBasedScaling .............................................................   Passed    0.00 sec
        Start 334: AdaptivePredictionCapIntegration.PacketLossReducesPrediction
334/771 Test #334: AdaptivePredictionCapIntegration.PacketLossReducesPrediction .................................................   Passed    0.00 sec
        Start 335: AdaptivePredictionCapIntegration.AccuracyReducesPrediction
335/771 Test #335: AdaptivePredictionCapIntegration.AccuracyReducesPrediction ...................................................   Passed    0.00 sec
        Start 336: ReplaySystemIntegration.FullReplayCycle
336/771 Test #336: ReplaySystemIntegration.FullReplayCycle ......................................................................   Passed    0.00 sec
        Start 337: ReplaySystemIntegration.SeekWorks
337/771 Test #337: ReplaySystemIntegration.SeekWorks ............................................................................   Passed    0.00 sec
        Start 338: AdaptiveJitterBufferIntegration.JitterIncreasesBuffer
338/771 Test #338: AdaptiveJitterBufferIntegration.JitterIncreasesBuffer ........................................................   Passed    0.00 sec
        Start 339: AdaptiveJitterBufferIntegration.RTTIncreasesBuffer
339/771 Test #339: AdaptiveJitterBufferIntegration.RTTIncreasesBuffer ...........................................................   Passed    0.00 sec
        Start 340: AdaptiveJitterBufferIntegration.FrameDropDecision
340/771 Test #340: AdaptiveJitterBufferIntegration.FrameDropDecision ............................................................   Passed    0.00 sec
        Start 341: CombinedIntegration.FullPipeline
341/771 Test #341: CombinedIntegration.FullPipeline .............................................................................   Passed    0.00 sec
        Start 342: LatencyCompensatorTest.BasicRTT
342/771 Test #342: LatencyCompensatorTest.BasicRTT ..............................................................................   Passed    0.00 sec
        Start 343: LatencyCompensatorTest.MultipleSamples
343/771 Test #343: LatencyCompensatorTest.MultipleSamples .......................................................................   Passed    0.00 sec
        Start 344: LatencyCompensatorTest.JitterCalculation
344/771 Test #344: LatencyCompensatorTest.JitterCalculation .....................................................................   Passed    0.00 sec
        Start 345: LatencyCompensatorTest.AdjustedOffset
345/771 Test #345: LatencyCompensatorTest.AdjustedOffset ........................................................................   Passed    0.00 sec
        Start 346: LatencyCompensatorTest.MinMaxRTT
346/771 Test #346: LatencyCompensatorTest.MinMaxRTT .............................................................................   Passed    0.00 sec
        Start 347: LatencyCompensatorTest.ActiveStatus
347/771 Test #347: LatencyCompensatorTest.ActiveStatus ..........................................................................   Passed    0.00 sec
        Start 348: LatencyCompensatorTest.Reset
348/771 Test #348: LatencyCompensatorTest.Reset .................................................................................   Passed    0.00 sec
        Start 349: LatencyCompensatorTest.CompensationStatus
349/771 Test #349: LatencyCompensatorTest.CompensationStatus ....................................................................   Passed    0.00 sec
        Start 350: LatencyCompensatorTest.ServerTimestamp
350/771 Test #350: LatencyCompensatorTest.ServerTimestamp .......................................................................   Passed    0.00 sec
        Start 351: LatencyCompensatorTest.NegativeRTT
351/771 Test #351: LatencyCompensatorTest.NegativeRTT ...........................................................................   Passed    0.00 sec
        Start 352: LatencyCompensatorTest.WeightedAverage
352/771 Test #352: LatencyCompensatorTest.WeightedAverage .......................................................................   Passed    0.00 sec
        Start 353: StateSnapshotCodecTest.BasicRoundtrip
353/771 Test #353: StateSnapshotCodecTest.BasicRoundtrip ........................................................................   Passed    0.00 sec
        Start 354: StateSnapshotCodecTest.ForcedFullSnapshot
354/771 Test #354: StateSnapshotCodecTest.ForcedFullSnapshot ....................................................................   Passed    0.00 sec
        Start 355: StateSnapshotCodecTest.DeltaCompression
355/771 Test #355: StateSnapshotCodecTest.DeltaCompression ......................................................................   Passed    0.00 sec
        Start 356: StateSnapshotCodecTest.MultiFrame
356/771 Test #356: StateSnapshotCodecTest.MultiFrame ............................................................................   Passed    0.00 sec
        Start 357: StateSnapshotCodecTest.CompressionEfficiency
357/771 Test #357: StateSnapshotCodecTest.CompressionEfficiency .................................................................   Passed    0.00 sec
        Start 358: StateSnapshotCodecTest.Reset
358/771 Test #358: StateSnapshotCodecTest.Reset .................................................................................   Passed    0.00 sec
        Start 359: StateSnapshotCodecTest.EmptyState
359/771 Test #359: StateSnapshotCodecTest.EmptyState ............................................................................   Passed    0.00 sec
        Start 360: StateSnapshotCodecTest.RawBytesInterface
360/771 Test #360: StateSnapshotCodecTest.RawBytesInterface .....................................................................   Passed    0.00 sec
        Start 361: StateSnapshotCodecTest.UnknownMarker
361/771 Test #361: StateSnapshotCodecTest.UnknownMarker .........................................................................   Passed    0.00 sec
        Start 362: StateSnapshotCodecTest.SizeMismatch
362/771 Test #362: StateSnapshotCodecTest.SizeMismatch ..........................................................................   Passed    0.00 sec
        Start 363: SpectatorTest.Construction
363/771 Test #363: SpectatorTest.Construction ...................................................................................   Passed    0.00 sec
        Start 364: SpectatorTest.ReceivesFrames
364/771 Test #364: SpectatorTest.ReceivesFrames .................................................................................   Passed    0.21 sec
        Start 365: SpectatorTest.NoInputSent
365/771 Test #365: SpectatorTest.NoInputSent ....................................................................................   Passed    0.41 sec
        Start 366: SpectatorTest.MultipleSpectators
366/771 Test #366: SpectatorTest.MultipleSpectators .............................................................................   Passed    0.00 sec
        Start 367: SpectatorTest.FrameCallback
367/771 Test #367: SpectatorTest.FrameCallback ..................................................................................   Passed    0.21 sec
        Start 368: SpectatorTest.StateHashCounted
368/771 Test #368: SpectatorTest.StateHashCounted ...............................................................................   Passed    0.21 sec
        Start 369: ReplayIntegrationTest.RecordSerializeLoadRoundtrip
369/771 Test #369: ReplayIntegrationTest.RecordSerializeLoadRoundtrip ...........................................................   Passed    0.00 sec
        Start 370: ReplayIntegrationTest.PlaybackControls
370/771 Test #370: ReplayIntegrationTest.PlaybackControls .......................................................................   Passed    0.00 sec
        Start 371: ReplayIntegrationTest.FileSaveLoad
371/771 Test #371: ReplayIntegrationTest.FileSaveLoad ...........................................................................   Passed    0.00 sec
        Start 372: ReplayIntegrationTest.EmptyReplay
372/771 Test #372: ReplayIntegrationTest.EmptyReplay ............................................................................   Passed    0.00 sec
        Start 373: NetworkDiagnosticsTest.InitialState
373/771 Test #373: NetworkDiagnosticsTest.InitialState ..........................................................................   Passed    0.00 sec
        Start 374: NetworkDiagnosticsTest.ExcellentQuality
374/771 Test #374: NetworkDiagnosticsTest.ExcellentQuality ......................................................................   Passed    0.00 sec
        Start 375: NetworkDiagnosticsTest.GoodQuality
375/771 Test #375: NetworkDiagnosticsTest.GoodQuality ...........................................................................   Passed    0.00 sec
        Start 376: NetworkDiagnosticsTest.FairQuality
376/771 Test #376: NetworkDiagnosticsTest.FairQuality ...........................................................................   Passed    0.00 sec
        Start 377: NetworkDiagnosticsTest.PoorQuality
377/771 Test #377: NetworkDiagnosticsTest.PoorQuality ...........................................................................   Passed    0.00 sec
        Start 378: NetworkDiagnosticsTest.CriticalQuality
378/771 Test #378: NetworkDiagnosticsTest.CriticalQuality .......................................................................   Passed    0.00 sec
        Start 379: NetworkDiagnosticsTest.CriticalByPacketLoss
379/771 Test #379: NetworkDiagnosticsTest.CriticalByPacketLoss ..................................................................   Passed    0.00 sec
        Start 380: NetworkDiagnosticsTest.SmoothedRTT
380/771 Test #380: NetworkDiagnosticsTest.SmoothedRTT ...........................................................................   Passed    0.00 sec
        Start 381: NetworkDiagnosticsTest.FormatOverlay
381/771 Test #381: NetworkDiagnosticsTest.FormatOverlay .........................................................................   Passed    0.00 sec
        Start 382: NetworkDiagnosticsTest.QualityString
382/771 Test #382: NetworkDiagnosticsTest.QualityString .........................................................................   Passed    0.00 sec
        Start 383: NetworkDiagnosticsTest.PacketLossEstimate
383/771 Test #383: NetworkDiagnosticsTest.PacketLossEstimate ....................................................................   Passed    0.00 sec
        Start 384: LobbyProtocolTest.PackUnpackUint32
384/771 Test #384: LobbyProtocolTest.PackUnpackUint32 ...........................................................................   Passed    0.00 sec
        Start 385: LobbyProtocolTest.PackUnpackUint16
385/771 Test #385: LobbyProtocolTest.PackUnpackUint16 ...........................................................................   Passed    0.00 sec
        Start 386: LobbyProtocolTest.PackUnpackString
386/771 Test #386: LobbyProtocolTest.PackUnpackString ...........................................................................   Passed    0.00 sec
        Start 387: LobbyProtocolTest.PackUnpackEmptyString
387/771 Test #387: LobbyProtocolTest.PackUnpackEmptyString ......................................................................   Passed    0.00 sec
        Start 388: LobbyProtocolTest.PackUnpackRoomMetadata
388/771 Test #388: LobbyProtocolTest.PackUnpackRoomMetadata .....................................................................   Passed    0.00 sec
        Start 389: LobbyProtocolTest.PackUnpackRoomConfig
389/771 Test #389: LobbyProtocolTest.PackUnpackRoomConfig .......................................................................   Passed    0.00 sec
        Start 390: LobbyProtocolTest.PackRoomMetadata_BufferTooSmall
390/771 Test #390: LobbyProtocolTest.PackRoomMetadata_BufferTooSmall ............................................................   Passed    0.00 sec
        Start 391: LobbyProtocolTest.UnpackRoomMetadata_BufferTooSmall
391/771 Test #391: LobbyProtocolTest.UnpackRoomMetadata_BufferTooSmall ..........................................................   Passed    0.00 sec
        Start 392: LobbyProtocolTest.PackString_BufferTooSmall
392/771 Test #392: LobbyProtocolTest.PackString_BufferTooSmall ..................................................................   Passed    0.00 sec
        Start 393: LobbyProtocolTest.RoomStatusValues
393/771 Test #393: LobbyProtocolTest.RoomStatusValues ...........................................................................   Passed    0.00 sec
        Start 394: LobbyProtocolTest.LobbyMessageTypeValues
394/771 Test #394: LobbyProtocolTest.LobbyMessageTypeValues .....................................................................   Passed    0.00 sec
        Start 395: LobbyProtocolTest.InvalidConfigRepresentationAndStringsPreserveOutput
395/771 Test #395: LobbyProtocolTest.InvalidConfigRepresentationAndStringsPreserveOutput ........................................   Passed    0.00 sec
        Start 396: LobbyProtocolTest.InvalidMetadataFieldsPreserveOutput
396/771 Test #396: LobbyProtocolTest.InvalidMetadataFieldsPreserveOutput ........................................................   Passed    0.00 sec
        Start 397: RoomManagerTest.CreateRoom
397/771 Test #397: RoomManagerTest.CreateRoom ...................................................................................   Passed    0.00 sec
        Start 398: RoomManagerTest.JoinRoom
398/771 Test #398: RoomManagerTest.JoinRoom .....................................................................................   Passed    0.00 sec
        Start 399: RoomManagerTest.JoinRoom_Full
399/771 Test #399: RoomManagerTest.JoinRoom_Full ................................................................................   Passed    0.00 sec
        Start 400: RoomManagerTest.JoinRoom_AlreadyIn
400/771 Test #400: RoomManagerTest.JoinRoom_AlreadyIn ...........................................................................   Passed    0.00 sec
        Start 401: RoomManagerTest.JoinRoom_NotFound
401/771 Test #401: RoomManagerTest.JoinRoom_NotFound ............................................................................   Passed    0.00 sec
        Start 402: RoomManagerTest.LeaveRoom
402/771 Test #402: RoomManagerTest.LeaveRoom ....................................................................................   Passed    0.00 sec
        Start 403: RoomManagerTest.LeaveRoom_HostLeaves
403/771 Test #403: RoomManagerTest.LeaveRoom_HostLeaves .........................................................................   Passed    0.00 sec
        Start 404: RoomManagerTest.LeaveRoom_LastPlayerLeaves
404/771 Test #404: RoomManagerTest.LeaveRoom_LastPlayerLeaves ...................................................................   Passed    0.00 sec
        Start 405: RoomManagerTest.SetReady
405/771 Test #405: RoomManagerTest.SetReady .....................................................................................   Passed    0.00 sec
        Start 406: RoomManagerTest.StartGame_AllReady
406/771 Test #406: RoomManagerTest.StartGame_AllReady ...........................................................................   Passed    0.00 sec
        Start 407: RoomManagerTest.StartGame_NotHost
407/771 Test #407: RoomManagerTest.StartGame_NotHost ............................................................................   Passed    0.00 sec
        Start 408: RoomManagerTest.StartGame_NotAllReady
408/771 Test #408: RoomManagerTest.StartGame_NotAllReady ........................................................................   Passed    0.00 sec
        Start 409: RoomManagerTest.StartGame_NeedTwoPlayers
409/771 Test #409: RoomManagerTest.StartGame_NeedTwoPlayers .....................................................................   Passed    0.00 sec
        Start 410: RoomManagerTest.ListRooms
410/771 Test #410: RoomManagerTest.ListRooms ....................................................................................   Passed    0.00 sec
        Start 411: RoomManagerTest.FindRoomByPlayer
411/771 Test #411: RoomManagerTest.FindRoomByPlayer .............................................................................   Passed    0.00 sec
        Start 412: RoomManagerTest.JoinStartedRoom
412/771 Test #412: RoomManagerTest.JoinStartedRoom ..............................................................................   Passed    0.00 sec
        Start 413: RoomManagerTest.Cleanup
413/771 Test #413: RoomManagerTest.Cleanup ......................................................................................   Passed    0.00 sec
        Start 414: RoomManagerRegression.ValidatesCapacityAndStartAddress
414/771 Test #414: RoomManagerRegression.ValidatesCapacityAndStartAddress .......................................................   Passed    0.00 sec
        Start 415: LobbyE2ETest.CreateJoinChatAndStartProductionRoom
415/771 Test #415: LobbyE2ETest.CreateJoinChatAndStartProductionRoom ............................................................   Passed    0.06 sec
        Start 416: LobbyE2ETest.RejectsDuplicateNamesAndForeignChat
416/771 Test #416: LobbyE2ETest.RejectsDuplicateNamesAndForeignChat .............................................................   Passed    0.01 sec
        Start 417: LobbyE2ETest.FragmentedChatAndEofAtClient
417/771 Test #417: LobbyE2ETest.FragmentedChatAndEofAtClient ....................................................................   Passed    0.02 sec
        Start 418: MilestoneEcs.MutationHistoryDoesNotChangeIterationOrder
418/771 Test #418: MilestoneEcs.MutationHistoryDoesNotChangeIterationOrder ......................................................   Passed    0.00 sec
        Start 419: MilestoneEcs.QueriesStayOrderedAfterDestruction
419/771 Test #419: MilestoneEcs.QueriesStayOrderedAfterDestruction ..............................................................   Passed    0.00 sec
        Start 420: MilestoneEcs.SystemOrderIsStableAndDependenciesExecuteFirst
420/771 Test #420: MilestoneEcs.SystemOrderIsStableAndDependenciesExecuteFirst ..................................................   Passed    0.00 sec
        Start 421: MilestoneEcs.MissingDependencyDoesNotRunPartialPipeline
421/771 Test #421: MilestoneEcs.MissingDependencyDoesNotRunPartialPipeline ......................................................   Passed    0.00 sec
        Start 422: MilestoneCodec.EveryByteIncludingRleMarkerRoundtrips
422/771 Test #422: MilestoneCodec.EveryByteIncludingRleMarkerRoundtrips .........................................................   Passed    0.00 sec
        Start 423: MilestoneCodec.RejectsMalformedRunsAndTrailingBytes
423/771 Test #423: MilestoneCodec.RejectsMalformedRunsAndTrailingBytes ..........................................................   Passed    0.00 sec
        Start 424: MilestoneCodec.ResizedSnapshotsAndStatsRoundtrip
424/771 Test #424: MilestoneCodec.ResizedSnapshotsAndStatsRoundtrip .............................................................   Passed    0.00 sec
        Start 425: MilestoneCodec.RejectedSnapshotDoesNotChangeBaseline
425/771 Test #425: MilestoneCodec.RejectedSnapshotDoesNotChangeBaseline .........................................................   Passed    0.00 sec
        Start 426: FrameSimulationTest.WholeFramePreservesIndependentInputsAndFrameZero
426/771 Test #426: FrameSimulationTest.WholeFramePreservesIndependentInputsAndFrameZero .........................................   Passed    0.00 sec
        Start 427: FrameSimulationTest.AuthorityUnblocksPredictionAtCap
427/771 Test #427: FrameSimulationTest.AuthorityUnblocksPredictionAtCap .........................................................   Passed    0.00 sec
        Start 428: FrameSimulationTest.SuccessiveCorrectionsRefreshLaterSnapshots
428/771 Test #428: FrameSimulationTest.SuccessiveCorrectionsRefreshLaterSnapshots ...............................................   Passed    0.00 sec
        Start 429: FrameSimulationTest.OutOfOrderDuplicatesAndThousandFrameRun
429/771 Test #429: FrameSimulationTest.OutOfOrderDuplicatesAndThousandFrameRun ..................................................   Passed    0.00 sec
        Start 430: FrameSimulationTest.HashMatchesPythonSha256LittleEndianPrefix
430/771 Test #430: FrameSimulationTest.HashMatchesPythonSha256LittleEndianPrefix ................................................   Passed    0.00 sec
        Start 431: FrameSimulationTest.MissingAuthorityStopsEvenWithExpandedPredictionWindow
431/771 Test #431: FrameSimulationTest.MissingAuthorityStopsEvenWithExpandedPredictionWindow ....................................   Passed    0.00 sec
        Start 432: SnapshotBudgetTest.RejectsBadCountsAndBudgetsBeforeAllocation
432/771 Test #432: SnapshotBudgetTest.RejectsBadCountsAndBudgetsBeforeAllocation ................................................   Passed    0.00 sec
        Start 433: SnapshotBudgetTest.RejectsCapacityAndFailedCallbacksWithoutChangingHistory
433/771 Test #433: SnapshotBudgetTest.RejectsCapacityAndFailedCallbacksWithoutChangingHistory ...................................   Passed    0.00 sec
        Start 434: SnapshotBudgetTest.EnforcesBothCountAndBytesAndReleasesOnClear
434/771 Test #434: SnapshotBudgetTest.EnforcesBothCountAndBytesAndReleasesOnClear ...............................................   Passed    0.00 sec
        Start 435: SnapshotBudgetTest.DuplicateReplacementKeepsItsIndexWhenOtherFramesAreEvicted
435/771 Test #435: SnapshotBudgetTest.DuplicateReplacementKeepsItsIndexWhenOtherFramesAreEvicted ................................   Passed    0.00 sec
        Start 436: SnapshotBudgetTest.CopiesAreIndependentAndMovedFromHistoriesRemainUsable
436/771 Test #436: SnapshotBudgetTest.CopiesAreIndependentAndMovedFromHistoriesRemainUsable .....................................   Passed    0.00 sec
        Start 437: SnapshotBudgetTest.InvalidCorrectionCannotRestoreOrStep
437/771 Test #437: SnapshotBudgetTest.InvalidCorrectionCannotRestoreOrStep ......................................................   Passed    0.00 sec
        Start 438: FrameMemoryBudgetTest.RejectsOversizedCapacityBeforeSteppingAndCanResume
438/771 Test #438: FrameMemoryBudgetTest.RejectsOversizedCapacityBeforeSteppingAndCanResume .....................................   Passed    0.00 sec
        Start 439: FrameMemoryBudgetTest.AggregateBudgetFillsThenAuthorityFreesPredictionSpace
439/771 Test #439: FrameMemoryBudgetTest.AggregateBudgetFillsThenAuthorityFreesPredictionSpace ..................................   Passed    0.00 sec
        Start 440: FrameMemoryBudgetTest.RollbackGrowthRecoversTheCorrectedAuthorityAndDropsSpeculation
440/771 Test #440: FrameMemoryBudgetTest.RollbackGrowthRecoversTheCorrectedAuthorityAndDropsSpeculation .........................   Passed    0.00 sec
        Start 441: FrameMemoryBudgetTest.FailedSaveDuringResimulationLeavesRetryableAuthority
441/771 Test #441: FrameMemoryBudgetTest.FailedSaveDuringResimulationLeavesRetryableAuthority ...................................   Passed    0.00 sec
        Start 442: FrameMemoryBudgetTest.FailedPredictionDoesNotCommitAFrameOrHistoryNode
442/771 Test #442: FrameMemoryBudgetTest.FailedPredictionDoesNotCommitAFrameOrHistoryNode .......................................   Passed    0.00 sec
        Start 443: FrameMemoryBudgetTest.AuthorityOwnsOnlyItsBoundedPayloadAndRecoversAfterDrain
443/771 Test #443: FrameMemoryBudgetTest.AuthorityOwnsOnlyItsBoundedPayloadAndRecoversAfterDrain ................................   Passed    0.00 sec
        Start 444: ReplayMemoryBudgetTest.FrameCapPreservesSerializablePrefixAndRestartResetsMetadata
444/771 Test #444: ReplayMemoryBudgetTest.FrameCapPreservesSerializablePrefixAndRestartResetsMetadata ...........................   Passed    0.00 sec
        Start 445: ReplayMemoryBudgetTest.ByteCapRejectsWithoutLosingTheLastAcceptedFrame
445/771 Test #445: ReplayMemoryBudgetTest.ByteCapRejectsWithoutLosingTheLastAcceptedFrame .......................................   Passed    0.00 sec
        Start 446: ReplayMemoryBudgetTest.LiveSerializationIsConsistentAndUsesExplicitLittleEndian
446/771 Test #446: ReplayMemoryBudgetTest.LiveSerializationIsConsistentAndUsesExplicitLittleEndian ..............................   Passed    0.00 sec
        Start 447: ReplayMemoryBudgetTest.MalformedLoadsPreservePreviousPositionAndPlayback
447/771 Test #447: ReplayMemoryBudgetTest.MalformedLoadsPreservePreviousPositionAndPlayback .....................................   Passed    0.00 sec
        Start 448: ReplayMemoryBudgetTest.BadInputsStopRecordingWithoutAppending
448/771 Test #448: ReplayMemoryBudgetTest.BadInputsStopRecordingWithoutAppending ................................................   Passed    0.00 sec
        Start 449: ReplayMemoryBudgetTest.CopiesMovesAndCapacityRecoveryPreserveIndependentData
449/771 Test #449: ReplayMemoryBudgetTest.CopiesMovesAndCapacityRecoveryPreserveIndependentData .................................   Passed    0.00 sec
        Start 450: ReplayMemoryBudgetTest.FullDefaultBudgetSupportsAFullMatchAndThenStops
450/771 Test #450: ReplayMemoryBudgetTest.FullDefaultBudgetSupportsAFullMatchAndThenStops .......................................   Passed    0.60 sec
        Start 451: ReceiveMemoryBudget.FillRejectPreservesBytesThenConsumeAndRecover
451/771 Test #451: ReceiveMemoryBudget.FillRejectPreservesBytesThenConsumeAndRecover ............................................   Passed    0.00 sec
        Start 452: ReceiveMemoryBudget.BadLengthsAndExcessCallerCapacityAreRejected
452/771 Test #452: ReceiveMemoryBudget.BadLengthsAndExcessCallerCapacityAreRejected .............................................   Passed    0.00 sec
        Start 453: ReplayFileTest.ChunksAreBoundedAndExactlyMatchExistingWireFormat
453/771 Test #453: ReplayFileTest.ChunksAreBoundedAndExactlyMatchExistingWireFormat .............................................   Passed    0.00 sec
        Start 454: ReplayFileTest.ShortWritesAndInterruptedWritesPreserveEveryByte
454/771 Test #454: ReplayFileTest.ShortWritesAndInterruptedWritesPreserveEveryByte ..............................................   Passed    0.00 sec
        Start 455: ReplayFileTest.EveryPreCommitIoFailurePreservesOldFileAndAllowsRetry
455/771 Test #455: ReplayFileTest.EveryPreCommitIoFailurePreservesOldFileAndAllowsRetry .........................................   Passed    0.01 sec
        Start 456: ReplayFileTest.CommittedDirectorySyncFailureIsNotReportedAsOldData
456/771 Test #456: ReplayFileTest.CommittedDirectorySyncFailureIsNotReportedAsOldData ...........................................   Passed    0.00 sec
        Start 457: ReplayFileTest.CleanupFailureIsObservableAndDoesNotRemoveSomeoneElsesFile
457/771 Test #457: ReplayFileTest.CleanupFailureIsObservableAndDoesNotRemoveSomeoneElsesFile ....................................   Passed    0.00 sec
        Start 458: ReplayFileTest.ExceptionsReleaseTemporaryFileAndDescriptors
458/771 Test #458: ReplayFileTest.ExceptionsReleaseTemporaryFileAndDescriptors ..................................................   Passed    0.02 sec
        Start 459: ReplayFileTest.InvalidPathsAndEmptyRecordingsDoNotCreateFiles
459/771 Test #459: ReplayFileTest.InvalidPathsAndEmptyRecordingsDoNotCreateFiles ................................................   Passed    0.00 sec
        Start 460: ReplayFileTest.MaximumReplayReopensInAnotherProcessAndKeepsEveryFrame
460/771 Test #460: ReplayFileTest.MaximumReplayReopensInAnotherProcessAndKeepsEveryFrame ........................................   Passed    0.40 sec
        Start 461: ReplayFileTest.RealFilesystemLimitRejectsWriteAndPreservesOldReplay
461/771 Test #461: ReplayFileTest.RealFilesystemLimitRejectsWriteAndPreservesOldReplay ..........................................   Passed    0.00 sec
        Start 462: ReplayFileTest.ConcurrentReaderAlwaysSeesOneCompletePublishedVersion
462/771 Test #462: ReplayFileTest.ConcurrentReaderAlwaysSeesOneCompletePublishedVersion .........................................   Passed    0.01 sec
        Start 463: ReplayDirectoryTest.RejectsInvalidBudgetsBeforeFilesystemUse
463/771 Test #463: ReplayDirectoryTest.RejectsInvalidBudgetsBeforeFilesystemUse .................................................   Passed    0.00 sec
        Start 464: ReplayDirectoryTest.RequiresCanonicalSeedNameAndNonemptyRecording
464/771 Test #464: ReplayDirectoryTest.RequiresCanonicalSeedNameAndNonemptyRecording ............................................   Passed    0.00 sec
        Start 465: ReplayDirectoryTest.CountFillsRejectsPreservesFilesAndRecoversAfterExplicitRemoval
465/771 Test #465: ReplayDirectoryTest.CountFillsRejectsPreservesFilesAndRecoversAfterExplicitRemoval ...........................   Passed    0.00 sec
        Start 466: ReplayDirectoryTest.ByteQuotaIncludesOldDestinationAndNewScratchDuringReplacement
466/771 Test #466: ReplayDirectoryTest.ByteQuotaIncludesOldDestinationAndNewScratchDuringReplacement ............................   Passed    0.00 sec
        Start 467: ReplayDirectoryTest.SameSeedCanReplaceAtFileCountLimit
467/771 Test #467: ReplayDirectoryTest.SameSeedCanReplaceAtFileCountLimit .......................................................   Passed    0.00 sec
        Start 468: ReplayDirectoryTest.MinimumScanBudgetIncludesPrivateDirectoryAndAllowsReplacement
468/771 Test #468: ReplayDirectoryTest.MinimumScanBudgetIncludesPrivateDirectoryAndAllowsReplacement ............................   Passed    0.00 sec
        Start 469: ReplayDirectoryTest.DefaultFileCountRejectsTheSixtyFifthDistinctSeed
469/771 Test #469: ReplayDirectoryTest.DefaultFileCountRejectsTheSixtyFifthDistinctSeed .........................................   Passed    0.00 sec
        Start 470: ReplayDirectoryTest.UnsafeInterruptedLinksAreRejectedWithoutRemovingThem
470/771 Test #470: ReplayDirectoryTest.UnsafeInterruptedLinksAreRejectedWithoutRemovingThem .....................................   Passed    0.00 sec
        Start 471: ReplayDirectoryTest.PrivateUnknownAndLegacyParentScratchArePreservedAndCounted
471/771 Test #471: ReplayDirectoryTest.PrivateUnknownAndLegacyParentScratchArePreservedAndCounted ...............................   Passed    0.00 sec
        Start 472: ReplayDirectoryTest.RejectsSymlinkedScratchDirectoryAndLinkedPublishedFiles
472/771 Test #472: ReplayDirectoryTest.RejectsSymlinkedScratchDirectoryAndLinkedPublishedFiles ..................................   Passed    0.00 sec
        Start 473: ReplayDirectoryTest.RejectsUnsafeScratchPermissionsAndBoundsUnrelatedDirectoryScan
473/771 Test #473: ReplayDirectoryTest.RejectsUnsafeScratchPermissionsAndBoundsUnrelatedDirectoryScan ...........................   Passed    0.00 sec
        Start 474: ReplayDirectoryTest.KilledWriterReleasesLockAndOnlyOwnedInterruptedFileIsRecovered
474/771 Test #474: ReplayDirectoryTest.KilledWriterReleasesLockAndOnlyOwnedInterruptedFileIsRecovered ...........................   Passed    0.00 sec
        Start 475: ReplayDirectoryTest.ThreeProcessesShareTheSameSingleFileAdmission
475/771 Test #475: ReplayDirectoryTest.ThreeProcessesShareTheSameSingleFileAdmission ............................................   Passed    0.01 sec
        Start 476: ReplayDirectoryTest.AllocationExceptionsReleaseLockDescriptorsAndPendingFiles
476/771 Test #476: ReplayDirectoryTest.AllocationExceptionsReleaseLockDescriptorsAndPendingFiles ................................   Passed    0.01 sec
        Start 477: ReplayDirectoryTest.CommittedSyncFailureRemainsPublishedAndConsumesQuota
477/771 Test #477: ReplayDirectoryTest.CommittedSyncFailureRemainsPublishedAndConsumesQuota .....................................   Passed    0.00 sec
        Start 478: ReplayDirectoryTest.MaximumRecordingUsesTheSameWireBytesAndReplacesWithinPeakBudget
478/771 Test #478: ReplayDirectoryTest.MaximumRecordingUsesTheSameWireBytesAndReplacesWithinPeakBudget ..........................   Passed    1.09 sec
        Start 479: DatagramTest.ConstructorValidatesBudgetBeforeUse
479/771 Test #479: DatagramTest.ConstructorValidatesBudgetBeforeUse .............................................................   Passed    0.03 sec
        Start 480: DatagramTest.PacketCapRejectsBeforeSequenceAndRecoversAfterAck
480/771 Test #480: DatagramTest.PacketCapRejectsBeforeSequenceAndRecoversAfterAck ...............................................   Passed    0.05 sec
        Start 481: DatagramTest.ByteCapIsIndependentOfPacketCountAndSurvivesRepeatedDrain
481/771 Test #481: DatagramTest.ByteCapIsIndependentOfPacketCountAndSurvivesRepeatedDrain .......................................   Passed    0.49 sec
        Start 482: DatagramTest.InvalidLengthsNeverAllocateOrConsumeSequence
482/771 Test #482: DatagramTest.InvalidLengthsNeverAllocateOrConsumeSequence ....................................................   Passed    0.02 sec
        Start 483: DatagramTest.RetryExhaustionIsTerminalAndReleasesAllPackets
483/771 Test #483: DatagramTest.RetryExhaustionIsTerminalAndReleasesAllPackets ..................................................   Passed    0.05 sec
        Start 484: DatagramTest.AckAfterRetransmitDoesNotDistortRttAndFreesCapacity
484/771 Test #484: DatagramTest.AckAfterRetransmitDoesNotDistortRttAndFreesCapacity .............................................   Passed    0.04 sec
        Start 485: DatagramTest.SendAndRetransmitSocketFailuresReleasePendingStorage
485/771 Test #485: DatagramTest.SendAndRetransmitSocketFailuresReleasePendingStorage ............................................   Passed    0.08 sec
        Start 486: DatagramTest.MalformedDataAndUnknownAcksDoNotChangePendingOrDeliver
486/771 Test #486: DatagramTest.MalformedDataAndUnknownAcksDoNotChangePendingOrDeliver ..........................................   Passed    0.04 sec
        Start 487: DatagramTest.RealReceiverAcknowledgesAndCallbackCanSendAndClose
487/771 Test #487: DatagramTest.RealReceiverAcknowledgesAndCallbackCanSendAndClose ..............................................   Passed    0.04 sec
        Start 488: DatagramTest.AckSendFailureDoesNotDeliverAndClosePreservesSharedSocket
488/771 Test #488: DatagramTest.AckSendFailureDoesNotDeliverAndClosePreservesSharedSocket .......................................   Passed    0.04 sec
        Start 489: DatagramTest.ConcurrentSendsCannotExceedBudget
489/771 Test #489: DatagramTest.ConcurrentSendsCannotExceedBudget ...............................................................   Passed    0.08 sec
        Start 490: DatagramTest.ReorderedDatagramsDeliverExactlyOnceAndInSequence
490/771 Test #490: DatagramTest.ReorderedDatagramsDeliverExactlyOnceAndInSequence ...............................................   Passed    0.03 sec
        Start 491: DatagramTest.ConflictingFutureDatagramFailsBeforeApplicationDelivery
491/771 Test #491: DatagramTest.ConflictingFutureDatagramFailsBeforeApplicationDelivery .........................................   Passed    0.04 sec
        Start 492: DatagramTest.ReceiveCapacityCountsInFlightCallbacksAndRetainedFuturePackets
492/771 Test #492: DatagramTest.ReceiveCapacityCountsInFlightCallbacksAndRetainedFuturePackets ..................................   Passed    0.04 sec
        Start 493: DatagramTest.ReentrantReceiveQueuesBehindCurrentCallbackWithoutDeadlock
493/771 Test #493: DatagramTest.ReentrantReceiveQueuesBehindCurrentCallbackWithoutDeadlock ......................................   Passed    0.04 sec
        Start 494: DatagramTest.ThrowingReceiveCallbackReleasesBothDirectionsAndRejectsFurtherWork
494/771 Test #494: DatagramTest.ThrowingReceiveCallbackReleasesBothDirectionsAndRejectsFurtherWork ..............................   Passed    0.04 sec
        Start 495: DatagramTest.ReceiveByteLimitAndSequenceWindowRejectBeforeAck
495/771 Test #495: DatagramTest.ReceiveByteLimitAndSequenceWindowRejectBeforeAck ................................................   Passed    0.04 sec
        Start 496: RTTBudget.ExtremeDurationsAndDeviationRemainBoundedInMilliseconds
496/771 Test #496: RTTBudget.ExtremeDurationsAndDeviationRemainBoundedInMilliseconds ............................................   Passed    0.00 sec
        Start 497: BoundedTCP.ValidatesBudgetsAndInvalidMessagesBeforeCopy
497/771 Test #497: BoundedTCP.ValidatesBudgetsAndInvalidMessagesBeforeCopy ......................................................   Passed    0.02 sec
        Start 498: BoundedTCP.CountLimitCopiesCallerBytesThenDrainsInOrderAndRecovers
498/771 Test #498: BoundedTCP.CountLimitCopiesCallerBytesThenDrainsInOrderAndRecovers ...........................................   Passed    0.02 sec
        Start 499: BoundedTCP.ByteLimitAppliesBeforeExecutorRunsAndAfterRepeatedDrain
499/771 Test #499: BoundedTCP.ByteLimitAppliesBeforeExecutorRunsAndAfterRepeatedDrain ...........................................   Passed    0.04 sec
        Start 500: BoundedTCP.CloseBeforeDispatchDropsQueuedDataWithoutSending
500/771 Test #500: BoundedTCP.CloseBeforeDispatchDropsQueuedDataWithoutSending ..................................................   Passed    0.01 sec
        Start 501: BoundedTCP.CancelKeepsInFlightStorageUntilItsCallbackCompletes
501/771 Test #501: BoundedTCP.CancelKeepsInFlightStorageUntilItsCallbackCompletes ...............................................   Passed    0.04 sec
        Start 502: BoundedTCP.SlowReaderCannotBlockAnotherConnectionAndHasWriteDeadline
502/771 Test #502: BoundedTCP.SlowReaderCannotBlockAnotherConnectionAndHasWriteDeadline .........................................   Passed    0.24 sec
        Start 503: BoundedTCP.PeerResetReleasesAcceptedMessages
503/771 Test #503: BoundedTCP.PeerResetReleasesAcceptedMessages .................................................................   Passed    0.00 sec
        Start 504: BoundedTCP.ReadIsBoundedAndCallbackCanSendWithoutReenteringMutex
504/771 Test #504: BoundedTCP.ReadIsBoundedAndCallbackCanSendWithoutReenteringMutex .............................................   Passed    0.02 sec
        Start 505: BoundedTCP.DestructionCancelsWriteAndReleasesOwnedSocketAfterCompletion
505/771 Test #505: BoundedTCP.DestructionCancelsWriteAndReleasesOwnedSocketAfterCompletion ......................................   Passed    0.02 sec
        Start 506: BoundedTCP.ConcurrentProducersCannotQueueUnboundedExecutorWork
506/771 Test #506: BoundedTCP.ConcurrentProducersCannotQueueUnboundedExecutorWork ...............................................   Passed    0.01 sec
        Start 507: LobbyCapacity.ConstructorRejectsBadLimits
507/771 Test #507: LobbyCapacity.ConstructorRejectsBadLimits ....................................................................   Passed    0.02 sec
        Start 508: LobbyCapacity.RejectsExcessConnectionThenAcceptsAfterActualDisconnect
508/771 Test #508: LobbyCapacity.RejectsExcessConnectionThenAcceptsAfterActualDisconnect ........................................   Passed    0.03 sec
        Start 509: LobbyCapacity.UnidentifiedReservationExpiresButNamedConnectionSurvives
509/771 Test #509: LobbyCapacity.UnidentifiedReservationExpiresButNamedConnectionSurvives .......................................   Passed    0.21 sec
        Start 510: LobbyCapacity.OversizedLengthHeadersAreRejectedWithoutTheirPayloads
510/771 Test #510: LobbyCapacity.OversizedLengthHeadersAreRejectedWithoutTheirPayloads ..........................................   Passed    0.01 sec
        Start 511: LobbyCapacity.InvalidConfigBoolAndUnterminatedStringAreRejectedBeforeRoomCreation
511/771 Test #511: LobbyCapacity.InvalidConfigBoolAndUnterminatedStringAreRejectedBeforeRoomCreation ............................   Passed    0.02 sec
        Start 512: LobbyCapacity.OutboundMessageCapDisconnectsFlooderAndHealthyPeerStillWorks
512/771 Test #512: LobbyCapacity.OutboundMessageCapDisconnectsFlooderAndHealthyPeerStillWorks ...................................   Passed    0.02 sec
        Start 513: LobbyCapacity.OutboundByteCapIsIndependentOfMessageCapAndRecovers
513/771 Test #513: LobbyCapacity.OutboundByteCapIsIndependentOfMessageCapAndRecovers ............................................   Passed    0.02 sec
        Start 514: LobbyCapacity.LargestChatWithFragmentationAndFollowingMessageRemainsValid
514/771 Test #514: LobbyCapacity.LargestChatWithFragmentationAndFollowingMessageRemainsValid ....................................   Passed    0.02 sec
        Start 515: LobbyCapacity.DestroyServerWithActiveReadsAndQueuedOutputDrainsCallbacks
515/771 Test #515: LobbyCapacity.DestroyServerWithActiveReadsAndQueuedOutputDrainsCallbacks .....................................   Passed    0.03 sec
        Start 516: LobbyCapacity.StoppedIoCanDestroyServerAndPendingHandlersWithoutResurrection
516/771 Test #516: LobbyCapacity.StoppedIoCanDestroyServerAndPendingHandlersWithoutResurrection .................................   Passed    0.01 sec
        Start 517: LobbyClientCapacity.CountLimitIsReservedBeforeIoAndOverflowDisconnectsExplicitly
517/771 Test #517: LobbyClientCapacity.CountLimitIsReservedBeforeIoAndOverflowDisconnectsExplicitly .............................   Passed    0.02 sec
        Start 518: LobbyClientCapacity.ByteLimitIsIndependentOfMessageCount
518/771 Test #518: LobbyClientCapacity.ByteLimitIsIndependentOfMessageCount .....................................................   Passed    0.02 sec
        Start 519: LobbyClientCapacity.FullQueueDrainsInOrderAndCanBeReusedOneHundredTimes
519/771 Test #519: LobbyClientCapacity.FullQueueDrainsInOrderAndCanBeReusedOneHundredTimes ......................................   Passed    0.14 sec
        Start 520: LobbyClientCapacity.OversizedHeadersAndUnknownTypesFailBeforePayloadArrival
520/771 Test #520: LobbyClientCapacity.OversizedHeadersAndUnknownTypesFailBeforePayloadArrival ..................................   Passed    0.11 sec
        Start 521: LobbyClientCapacity.MaximumRoomListFragmentedThenCoalescedMessageIsPreserved
521/771 Test #521: LobbyClientCapacity.MaximumRoomListFragmentedThenCoalescedMessageIsPreserved .................................   Passed    0.02 sec
        Start 522: LobbyClientCapacity.ByteBoundedChatHistoryAccountsMixedStringCapacitiesAndRecovers
522/771 Test #522: LobbyClientCapacity.ByteBoundedChatHistoryAccountsMixedStringCapacitiesAndRecovers ...........................   Passed    0.72 sec
        Start 523: LobbyClientCapacity.ChatCountLimitRetainsLatestMessagesBelowByteLimit
523/771 Test #523: LobbyClientCapacity.ChatCountLimitRetainsLatestMessagesBelowByteLimit ........................................   Passed    1.29 sec
        Start 524: LobbyClientCapacity.CallbackCanDisconnectReplaceItselfAndKeepPacketAlive
524/771 Test #524: LobbyClientCapacity.CallbackCanDisconnectReplaceItselfAndKeepPacketAlive .....................................   Passed    0.01 sec
        Start 525: LobbyClientCapacity.InvalidRoomMetadataDoesNotReplacePreviouslyValidList
525/771 Test #525: LobbyClientCapacity.InvalidRoomMetadataDoesNotReplacePreviouslyValidList .....................................   Passed    0.02 sec
        Start 526: LobbyClientCapacity.DestructionDiscardsNeverDispatchedReadsAndWritesSafely
526/771 Test #526: LobbyClientCapacity.DestructionDiscardsNeverDispatchedReadsAndWritesSafely ...................................   Passed    0.02 sec
        Start 527: TCPFrameServer.InvalidSlotsAndMutatedBudgetsFailBeforeClientAllocation
527/771 Test #527: TCPFrameServer.InvalidSlotsAndMutatedBudgetsFailBeforeClientAllocation .......................................   Passed    0.08 sec
        Start 528: TCPFrameServer.FullConnectionsRejectAndRecoverBeforeMatchStarts
528/771 Test #528: TCPFrameServer.FullConnectionsRejectAndRecoverBeforeMatchStarts ..............................................   Passed    0.03 sec
        Start 529: TCPFrameServer.UnreadyConnectionsExpireAndReleaseReservation
529/771 Test #529: TCPFrameServer.UnreadyConnectionsExpireAndReleaseReservation .................................................   Passed    0.14 sec
        Start 530: TCPFrameServer.InvalidHeadersAndForeignSlotDisconnectWithoutGrowingBuffer
530/771 Test #530: TCPFrameServer.InvalidHeadersAndForeignSlotDisconnectWithoutGrowingBuffer ....................................   Passed    0.06 sec
        Start 531: TCPFrameServer.FragmentedInputAndHeartbeatPreserveFrameAndSlotOrder
531/771 Test #531: TCPFrameServer.FragmentedInputAndHeartbeatPreserveFrameAndSlotOrder ..........................................   Passed    0.11 sec
        Start 532: TCPFrameServer.SlowReaderIsClosedWhileHealthyPeerReceivesConsecutiveFullFrames
532/771 Test #532: TCPFrameServer.SlowReaderIsClosedWhileHealthyPeerReceivesConsecutiveFullFrames ...............................   Passed    0.46 sec
        Start 533: TCPFrameServer.StopWakesWaitingFrameLoopAndDrainsPendingSocketCallbacks
533/771 Test #533: TCPFrameServer.StopWakesWaitingFrameLoopAndDrainsPendingSocketCallbacks ......................................   Passed    0.01 sec
        Start 534: TCPFrameServer.WrapperDestructionWithLiveIoKeepsCallbacksSafe
534/771 Test #534: TCPFrameServer.WrapperDestructionWithLiveIoKeepsCallbacksSafe ................................................   Passed    0.02 sec
        Start 535: TCPClientCapacity.InvalidConfigurationIsRejectedBeforeConnecting
535/771 Test #535: TCPClientCapacity.InvalidConfigurationIsRejectedBeforeConnecting .............................................   Passed    0.00 sec
        Start 536: TCPClientCapacity.PartialHandshakeHasAnAbsoluteDeadline
536/771 Test #536: TCPClientCapacity.PartialHandshakeHasAnAbsoluteDeadline ......................................................   Passed    0.06 sec
        Start 537: TCPClientCapacity.InvalidSessionAndSlotHeadersFailEarly
537/771 Test #537: TCPClientCapacity.InvalidSessionAndSlotHeadersFailEarly ......................................................   Passed    0.11 sec
        Start 538: TCPClientCapacity.AuthorityCapacityReleasesOnPopAndPreservesWholeFrames
538/771 Test #538: TCPClientCapacity.AuthorityCapacityReleasesOnPopAndPreservesWholeFrames ......................................   Passed    0.07 sec
        Start 539: TCPClientCapacity.AuthorityAndHashOverflowStopAndReleasePayloads
539/771 Test #539: TCPClientCapacity.AuthorityAndHashOverflowStopAndReleasePayloads .............................................   Passed    0.03 sec
        Start 540: TCPClientCapacity.MalformedInputsAndConflictingHashesAreTerminal
540/771 Test #540: TCPClientCapacity.MalformedInputsAndConflictingHashesAreTerminal .............................................   Passed    0.08 sec
        Start 541: TCPClientCapacity.ControlsConsumeEntirePacketsAndLeaveAuthorityAligned
541/771 Test #541: TCPClientCapacity.ControlsConsumeEntirePacketsAndLeaveAuthorityAligned .......................................   Passed    0.07 sec
        Start 542: TCPClientCapacity.OutgoingLimitIncludesUndispatchedPacketsAndCloseDrains
542/771 Test #542: TCPClientCapacity.OutgoingLimitIncludesUndispatchedPacketsAndCloseDrains .....................................   Passed    0.01 sec
        Start 543: TCPClientCapacity.IdlePeerTerminatesAndForeignSlotsCannotBeSent
543/771 Test #543: TCPClientCapacity.IdlePeerTerminatesAndForeignSlotsCannotBeSent ..............................................   Passed    0.08 sec
        Start 544: TCPClientCapacity.ResumeRestoresOneBoundedSnapshotAndKeepsCoalescedFrames
544/771 Test #544: TCPClientCapacity.ResumeRestoresOneBoundedSnapshotAndKeepsCoalescedFrames ....................................   Passed    0.02 sec
        Start 545: TCPClientCapacity.MaximumAssignmentAndInputUseAllTwentyTwoSlots
545/771 Test #545: TCPClientCapacity.MaximumAssignmentAndInputUseAllTwentyTwoSlots ..............................................   Passed    0.07 sec
        Start 546: TCPClientCapacity.OversizedSnapshotFailsAndASecondAttemptRetainsSessionIdentity
546/771 Test #546: TCPClientCapacity.OversizedSnapshotFailsAndASecondAttemptRetainsSessionIdentity ..............................   Passed    0.11 sec
        Start 547: TCPClientCapacity.DestructionDiscardsPendingReadAndUndispatchedWrites
547/771 Test #547: TCPClientCapacity.DestructionDiscardsPendingReadAndUndispatchedWrites ........................................   Passed    0.41 sec
        Start 548: TCPFrameClient.FrameZeroAndIndependentInputsUnblockPredictionAtItsCap
548/771 Test #548: TCPFrameClient.FrameZeroAndIndependentInputsUnblockPredictionAtItsCap ........................................   Passed    0.03 sec
        Start 549: TCPFrameClient.HashMismatchStopsAllFurtherEngineSteps
549/771 Test #549: TCPFrameClient.HashMismatchStopsAllFurtherEngineSteps ........................................................   Passed    0.02 sec
        Start 550: TCPFrameClient.ResumeUsesSnapshotFrameOriginWithoutReinitializingEngine
550/771 Test #550: TCPFrameClient.ResumeUsesSnapshotFrameOriginWithoutReinitializingEngine ......................................   Passed    0.07 sec
        Start 551: ReconnectingClient.RetryConfigurationAndMissingCredentialFailBeforeIO
551/771 Test #551: ReconnectingClient.RetryConfigurationAndMissingCredentialFailBeforeIO ........................................   Passed    0.00 sec
        Start 552: ReconnectingClient.ConnectionRefusalSaturatesDelayAndExhaustsFiniteRetryBudget
552/771 Test #552: ReconnectingClient.ConnectionRefusalSaturatesDelayAndExhaustsFiniteRetryBudget ...............................   Passed    0.03 sec
        Start 553: ReconnectingClient.EOFTriggersAutomaticSnapshotResumeAndConfirmedHashProgress
553/771 Test #553: ReconnectingClient.EOFTriggersAutomaticSnapshotResumeAndConfirmedHashProgress ................................   Passed    0.06 sec
        Start 554: ReconnectingClient.ProtocolAndHashFailuresDoNotRetryOrKeepStepping
554/771 Test #554: ReconnectingClient.ProtocolAndHashFailuresDoNotRetryOrKeepStepping ...........................................   Passed    0.03 sec
        Start 555: ReconnectingClient.CloseInsideDisconnectCallbackCancelsAutomaticRecovery
555/771 Test #555: ReconnectingClient.CloseInsideDisconnectCallbackCancelsAutomaticRecovery .....................................   Passed    0.02 sec
        Start 556: ReconnectingClient.CloseOrThrowInsideRetryCallbackCannotStartANewConnection
556/771 Test #556: ReconnectingClient.CloseOrThrowInsideRetryCallbackCannotStartANewConnection ..................................   Passed    0.05 sec
        Start 557: ReconnectingClient.CloseDuringEnginePreparationCannotReportConnectionSuccess
557/771 Test #557: ReconnectingClient.CloseDuringEnginePreparationCannotReportConnectionSuccess .................................   Passed    0.01 sec
        Start 558: ReconnectingClient.FailedInitialEnginePreparationIsTerminal
558/771 Test #558: ReconnectingClient.FailedInitialEnginePreparationIsTerminal ..................................................   Passed    0.02 sec
        Start 559: ReconnectingClient.PartialResumeTimeoutRetriesTheSameSessionAndRestoresOnSecondAttempt
559/771 Test #559: ReconnectingClient.PartialResumeTimeoutRetriesTheSameSessionAndRestoresOnSecondAttempt .......................   Passed    0.17 sec
        Start 560: ReconnectingClient.InvalidEngineSnapshotDoesNotSendReadyOrRetry
560/771 Test #560: ReconnectingClient.InvalidEngineSnapshotDoesNotSendReadyOrRetry ..............................................   Passed    0.06 sec
        Start 561: native_udp_bootstrap_test.UDPBootstrap.CanonicalEndpointAndScope
561/771 Test #561: native_udp_bootstrap_test.UDPBootstrap.CanonicalEndpointAndScope .............................................   Passed    0.00 sec
        Start 562: native_udp_bootstrap_test.UDPBootstrap.RejectInvalidEndpointsAndPadding
562/771 Test #562: native_udp_bootstrap_test.UDPBootstrap.RejectInvalidEndpointsAndPadding ......................................   Passed    0.00 sec
        Start 563: native_udp_bootstrap_test.UDPBootstrap.ExactBoundedWireFormat
563/771 Test #563: native_udp_bootstrap_test.UDPBootstrap.ExactBoundedWireFormat ................................................   Passed    0.00 sec
        Start 564: native_udp_bootstrap_test.UDPBootstrap.RejectMalformedWireBeforeState
564/771 Test #564: native_udp_bootstrap_test.UDPBootstrap.RejectMalformedWireBeforeState ........................................   Passed    0.00 sec
        Start 565: native_udp_bootstrap_test.UDPBootstrap.ServerEntropyFailsClosedAndIsBounded
565/771 Test #565: native_udp_bootstrap_test.UDPBootstrap.ServerEntropyFailsClosedAndIsBounded ..................................   Passed    0.00 sec
        Start 566: native_udp_bootstrap_test.UDPBootstrap.ClientEntropyFailsClosedAndIsBounded
566/771 Test #566: native_udp_bootstrap_test.UDPBootstrap.ClientEntropyFailsClosedAndIsBounded ..................................   Passed    0.00 sec
        Start 567: native_udp_bootstrap_test.UDPBootstrap.CookieBindsAllBytesAndReturnRoute
567/771 Test #567: native_udp_bootstrap_test.UDPBootstrap.CookieBindsAllBytesAndReturnRoute .....................................   Passed    0.00 sec
        Start 568: native_udp_bootstrap_test.UDPBootstrap.ServerExpirationAndOverflowAreAbsolute
568/771 Test #568: native_udp_bootstrap_test.UDPBootstrap.ServerExpirationAndOverflowAreAbsolute ................................   Passed    0.00 sec
        Start 569: native_udp_bootstrap_test.UDPBootstrap.RestartAndFreshNonceChangeIdentity
569/771 Test #569: native_udp_bootstrap_test.UDPBootstrap.RestartAndFreshNonceChangeIdentity ....................................   Passed    0.00 sec
        Start 570: native_udp_bootstrap_test.UDPBootstrap.NoRegistrySlotsAllocatedByHelloFlood
570/771 Test #570: native_udp_bootstrap_test.UDPBootstrap.NoRegistrySlotsAllocatedByHelloFlood ..................................   Passed    0.01 sec
        Start 571: native_udp_bootstrap_test.UDPBootstrap.CapacityIsHardBoundIncludingTombstones
571/771 Test #571: native_udp_bootstrap_test.UDPBootstrap.CapacityIsHardBoundIncludingTombstones ................................   Passed    0.01 sec
        Start 572: native_udp_bootstrap_test.UDPBootstrap.DuplicateConfirmReusesExistingChannel
572/771 Test #572: native_udp_bootstrap_test.UDPBootstrap.DuplicateConfirmReusesExistingChannel .................................   Passed    0.00 sec
        Start 573: native_udp_bootstrap_test.UDPBootstrap.RetiredGenerationCannotReopenBeforeCookieExpiry
573/771 Test #573: native_udp_bootstrap_test.UDPBootstrap.RetiredGenerationCannotReopenBeforeCookieExpiry .......................   Passed    0.00 sec
        Start 574: native_udp_bootstrap_test.UDPBootstrap.ActiveConnectionOutlivesBootstrapCookie
574/771 Test #574: native_udp_bootstrap_test.UDPBootstrap.ActiveConnectionOutlivesBootstrapCookie ...............................   Passed    0.00 sec
        Start 575: native_udp_bootstrap_test.UDPBootstrap.RegistryRejectsClockReversalAndWrongRetirement
575/771 Test #575: native_udp_bootstrap_test.UDPBootstrap.RegistryRejectsClockReversalAndWrongRetirement ........................   Passed    0.00 sec
        Start 576: native_udp_bootstrap_test.UDPBootstrap.ClientUsesOwnClockAndDeadline
576/771 Test #576: native_udp_bootstrap_test.UDPBootstrap.ClientUsesOwnClockAndDeadline .........................................   Passed    0.00 sec
        Start 577: native_udp_bootstrap_test.UDPBootstrap.RetransmissionNeverRenewsDeadline
577/771 Test #577: native_udp_bootstrap_test.UDPBootstrap.RetransmissionNeverRenewsDeadline .....................................   Passed    0.00 sec
        Start 578: native_udp_bootstrap_test.UDPBootstrap.FirstChallengeRemainsStableAcrossRetries
578/771 Test #578: native_udp_bootstrap_test.UDPBootstrap.FirstChallengeRemainsStableAcrossRetries ..............................   Passed    0.00 sec
        Start 579: native_udp_bootstrap_test.UDPBootstrap.DuplicateWelcomeCannotResetEstablishedState
579/771 Test #579: native_udp_bootstrap_test.UDPBootstrap.DuplicateWelcomeCannotResetEstablishedState ...........................   Passed    0.00 sec
        Start 580: native_udp_bootstrap_test.UDPBootstrap.WelcomeBeforeChallengeAndConfirmAreIgnored
580/771 Test #580: native_udp_bootstrap_test.UDPBootstrap.WelcomeBeforeChallengeAndConfirmAreIgnored ............................   Passed    0.00 sec
        Start 581: native_udp_bootstrap_test.UDPBootstrap.WrongReplyEndpointCannotEstablishOrChooseCookie
581/771 Test #581: native_udp_bootstrap_test.UDPBootstrap.WrongReplyEndpointCannotEstablishOrChooseCookie .......................   Passed    0.00 sec
        Start 582: native_udp_bootstrap_test.UDPBootstrap.OldAttemptCannotEstablishFreshAttempt
582/771 Test #582: native_udp_bootstrap_test.UDPBootstrap.OldAttemptCannotEstablishFreshAttempt .................................   Passed    0.00 sec
        Start 583: native_udp_bootstrap_test.UDPBootstrap.SelectedCookieMustMatchEveryWelcomeByte
583/771 Test #583: native_udp_bootstrap_test.UDPBootstrap.SelectedCookieMustMatchEveryWelcomeByte ...............................   Passed    0.00 sec
        Start 584: native_udp_bootstrap_test.UDPBootstrap.LateRepliesAndClockReversalNeverExtendAttempt
584/771 Test #584: native_udp_bootstrap_test.UDPBootstrap.LateRepliesAndClockReversalNeverExtendAttempt .........................   Passed    0.00 sec
        Start 585: native_udp_bootstrap_test.UDPBootstrap.ActualEntropyGeneratesDistinctPhysicalAttempts
585/771 Test #585: native_udp_bootstrap_test.UDPBootstrap.ActualEntropyGeneratesDistinctPhysicalAttempts ........................   Passed    0.00 sec
        Start 586: native_udp_bootstrap_test.UDPBootstrap.MatchesIndependentHmacSha256Vector
586/771 Test #586: native_udp_bootstrap_test.UDPBootstrap.MatchesIndependentHmacSha256Vector ....................................   Passed    0.00 sec
        Start 587: native_udp_bootstrap_test.UDPBootstrapSocket.LostMessagesRetryWithoutDuplicatingChannel
587/771 Test #587: native_udp_bootstrap_test.UDPBootstrapSocket.LostMessagesRetryWithoutDuplicatingChannel ......................   Passed    0.16 sec
        Start 588: native_udp_bootstrap_test.UDPBootstrapSocket.FreshNegotiationRejectsPreviousDataAndAck
588/771 Test #588: native_udp_bootstrap_test.UDPBootstrapSocket.FreshNegotiationRejectsPreviousDataAndAck .......................   Passed    0.04 sec
        Start 589: native_udp_window_test.DatagramTest.ConstructorValidatesBudgetBeforeUse
589/771 Test #589: native_udp_window_test.DatagramTest.ConstructorValidatesBudgetBeforeUse ......................................   Passed    0.04 sec
        Start 590: native_udp_window_test.DatagramTest.PacketCapRejectsBeforeSequenceAndRecoversAfterAck
590/771 Test #590: native_udp_window_test.DatagramTest.PacketCapRejectsBeforeSequenceAndRecoversAfterAck ........................   Passed    0.05 sec
        Start 591: native_udp_window_test.DatagramTest.ByteCapIsIndependentOfPacketCountAndSurvivesRepeatedDrain
591/771 Test #591: native_udp_window_test.DatagramTest.ByteCapIsIndependentOfPacketCountAndSurvivesRepeatedDrain ................   Passed    0.49 sec
        Start 592: native_udp_window_test.DatagramTest.InvalidLengthsNeverAllocateOrConsumeSequence
592/771 Test #592: native_udp_window_test.DatagramTest.InvalidLengthsNeverAllocateOrConsumeSequence .............................   Passed    0.03 sec
        Start 593: native_udp_window_test.DatagramTest.RetryExhaustionIsTerminalAndReleasesAllPackets
593/771 Test #593: native_udp_window_test.DatagramTest.RetryExhaustionIsTerminalAndReleasesAllPackets ...........................   Passed    0.09 sec
        Start 594: native_udp_window_test.DatagramTest.AckAfterRetransmitDoesNotDistortRttAndFreesCapacity
594/771 Test #594: native_udp_window_test.DatagramTest.AckAfterRetransmitDoesNotDistortRttAndFreesCapacity ......................   Passed    0.06 sec
        Start 595: native_udp_window_test.DatagramTest.SendAndRetransmitSocketFailuresReleasePendingStorage
595/771 Test #595: native_udp_window_test.DatagramTest.SendAndRetransmitSocketFailuresReleasePendingStorage .....................   Passed    0.11 sec
        Start 596: native_udp_window_test.DatagramTest.MalformedDataAndUnknownAcksDoNotChangePendingOrDeliver
596/771 Test #596: native_udp_window_test.DatagramTest.MalformedDataAndUnknownAcksDoNotChangePendingOrDeliver ...................   Passed    0.04 sec
        Start 597: native_udp_window_test.DatagramTest.RealReceiverAcknowledgesAndCallbackCanSendAndClose
597/771 Test #597: native_udp_window_test.DatagramTest.RealReceiverAcknowledgesAndCallbackCanSendAndClose .......................   Passed    0.04 sec
        Start 598: native_udp_window_test.DatagramTest.AckSendFailureDoesNotDeliverAndClosePreservesSharedSocket
598/771 Test #598: native_udp_window_test.DatagramTest.AckSendFailureDoesNotDeliverAndClosePreservesSharedSocket ................   Passed    0.04 sec
        Start 599: native_udp_window_test.DatagramTest.ConcurrentSendsCannotExceedBudget
599/771 Test #599: native_udp_window_test.DatagramTest.ConcurrentSendsCannotExceedBudget ........................................   Passed    0.08 sec
        Start 600: native_udp_window_test.DatagramTest.ReorderedDatagramsDeliverExactlyOnceAndInSequence
600/771 Test #600: native_udp_window_test.DatagramTest.ReorderedDatagramsDeliverExactlyOnceAndInSequence ........................   Passed    0.03 sec
        Start 601: native_udp_window_test.DatagramTest.ConflictingFutureDatagramFailsBeforeApplicationDelivery
601/771 Test #601: native_udp_window_test.DatagramTest.ConflictingFutureDatagramFailsBeforeApplicationDelivery ..................   Passed    0.04 sec
        Start 602: native_udp_window_test.DatagramTest.ReceiveCapacityCountsInFlightCallbacksAndRetainedFuturePackets
602/771 Test #602: native_udp_window_test.DatagramTest.ReceiveCapacityCountsInFlightCallbacksAndRetainedFuturePackets ...........   Passed    0.04 sec
        Start 603: native_udp_window_test.DatagramTest.ReentrantReceiveQueuesBehindCurrentCallbackWithoutDeadlock
603/771 Test #603: native_udp_window_test.DatagramTest.ReentrantReceiveQueuesBehindCurrentCallbackWithoutDeadlock ...............   Passed    0.04 sec
        Start 604: native_udp_window_test.DatagramTest.ThrowingReceiveCallbackReleasesBothDirectionsAndRejectsFurtherWork
604/771 Test #604: native_udp_window_test.DatagramTest.ThrowingReceiveCallbackReleasesBothDirectionsAndRejectsFurtherWork .......   Passed    0.04 sec
        Start 605: native_udp_window_test.DatagramTest.ReceiveByteLimitAndSequenceWindowRejectBeforeAck
605/771 Test #605: native_udp_window_test.DatagramTest.ReceiveByteLimitAndSequenceWindowRejectBeforeAck .........................   Passed    0.04 sec
        Start 606: native_udp_window_test.RTTBudget.ExtremeDurationsAndDeviationRemainBoundedInMilliseconds
606/771 Test #606: native_udp_window_test.RTTBudget.ExtremeDurationsAndDeviationRemainBoundedInMilliseconds .....................   Passed    0.00 sec
        Start 607: native_udp_window_test.GenerationDatagramTest.LateDataCannotAdvanceNewConnection
607/771 Test #607: native_udp_window_test.GenerationDatagramTest.LateDataCannotAdvanceNewConnection .............................   Passed    0.04 sec
        Start 608: native_udp_window_test.GenerationDatagramTest.LateAckCannotClearNewPending
608/771 Test #608: native_udp_window_test.GenerationDatagramTest.LateAckCannotClearNewPending ...................................   Passed    0.04 sec
        Start 609: native_udp_window_test.GenerationDatagramTest.HeaderCarriesEveryIdentityByteAndExactMaximum
609/771 Test #609: native_udp_window_test.GenerationDatagramTest.HeaderCarriesEveryIdentityByteAndExactMaximum ..................   Passed    0.04 sec
        Start 610: native_udp_window_test.GenerationDatagramTest.OversizedPayloadDoesNotConsumeSequence
610/771 Test #610: native_udp_window_test.GenerationDatagramTest.OversizedPayloadDoesNotConsumeSequence .........................   Passed    0.04 sec
        Start 611: native_udp_window_test.GenerationDatagramTest.AllZeroIdentityRejectedWithoutSocketEffects
611/771 Test #611: native_udp_window_test.GenerationDatagramTest.AllZeroIdentityRejectedWithoutSocketEffects ....................   Passed    0.04 sec
        Start 612: native_udp_window_test.GenerationDatagramTest.EveryWrongIdentityByteIsIgnoredBeforeQueueAndAck
612/771 Test #612: native_udp_window_test.GenerationDatagramTest.EveryWrongIdentityByteIsIgnoredBeforeQueueAndAck ...............   Passed    0.06 sec
        Start 613: native_udp_window_test.GenerationDatagramTest.TruncatedAndExtendedPrefixesHaveNoStateEffects
613/771 Test #613: native_udp_window_test.GenerationDatagramTest.TruncatedAndExtendedPrefixesHaveNoStateEffects .................   Passed    0.02 sec
        Start 614: native_udp_window_test.GenerationDatagramTest.WrongMalformedAndUnknownAcksKeepPendingAndRtt
614/771 Test #614: native_udp_window_test.GenerationDatagramTest.WrongMalformedAndUnknownAcksKeepPendingAndRtt ..................   Passed    0.06 sec
        Start 615: native_udp_window_test.GenerationDatagramTest.LegacyAndScopedModesDoNotMix
615/771 Test #615: native_udp_window_test.GenerationDatagramTest.LegacyAndScopedModesDoNotMix ...................................   Passed    0.03 sec
        Start 616: native_udp_window_test.GenerationDatagramTest.ScopedDataReordersAndDeliversExactlyOnce
616/771 Test #616: native_udp_window_test.GenerationDatagramTest.ScopedDataReordersAndDeliversExactlyOnce .......................   Passed    0.05 sec
        Start 617: native_udp_window_test.GenerationDatagramTest.ScopedSendByteBudgetIncludesIdentityStorage
617/771 Test #617: native_udp_window_test.GenerationDatagramTest.ScopedSendByteBudgetIncludesIdentityStorage ....................   Passed    0.04 sec
        Start 618: native_udp_window_test.GenerationDatagramTest.ScopedReceiveByteBudgetCountsHeaderBeforeAck
618/771 Test #618: native_udp_window_test.GenerationDatagramTest.ScopedReceiveByteBudgetCountsHeaderBeforeAck ...................   Passed    0.04 sec
        Start 619: native_udp_window_test.GenerationDatagramTest.WrongGenerationExtremeSequenceCannotCloseCurrentWindow
619/771 Test #619: native_udp_window_test.GenerationDatagramTest.WrongGenerationExtremeSequenceCannotCloseCurrentWindow .........   Passed    0.04 sec
        Start 620: native_udp_window_test.GenerationDatagramTest.LostAckRetransmitsSameScopedPacketWithoutDuplicateDelivery
620/771 Test #620: native_udp_window_test.GenerationDatagramTest.LostAckRetransmitsSameScopedPacketWithoutDuplicateDelivery .....   Passed    0.04 sec
        Start 621: native_udp_window_test.GenerationDatagramTest.ScopedRetryExhaustionReleasesBothQueues
621/771 Test #621: native_udp_window_test.GenerationDatagramTest.ScopedRetryExhaustionReleasesBothQueues ........................   Passed    0.04 sec
        Start 622: native_udp_window_test.GenerationDatagramTest.CallbackCanReplyAndCloseWithIdentityPreserved
622/771 Test #622: native_udp_window_test.GenerationDatagramTest.CallbackCanReplyAndCloseWithIdentityPreserved ..................   Passed    0.04 sec
        Start 623: native_udp_window_test.GenerationDatagramTest.RepeatedPhysicalGenerationsCannotReusePreviousPackets
623/771 Test #623: native_udp_window_test.GenerationDatagramTest.RepeatedPhysicalGenerationsCannotReusePreviousPackets ..........   Passed    0.76 sec
        Start 624: native_udp_window_test.GenerationDatagramTest.SelectiveAcksCannotAdvancePastLostFirstPacket
624/771 Test #624: native_udp_window_test.GenerationDatagramTest.SelectiveAcksCannotAdvancePastLostFirstPacket ..................   Passed    0.05 sec
        Start 625: native_udp_window_test.GenerationDatagramTest.SelectiveAcksCannotAdvancePastLostMiddlePacket
625/771 Test #625: native_udp_window_test.GenerationDatagramTest.SelectiveAcksCannotAdvancePastLostMiddlePacket .................   Passed    0.06 sec
        Start 626: native_udp_stream_test.StreamPair.LargeComposedTransferPipelinesWithinWireAndMemoryLimits
626/771 Test #626: native_udp_stream_test.StreamPair.LargeComposedTransferPipelinesWithinWireAndMemoryLimits ....................   Passed    1.09 sec
        Start 627: native_udp_stream_test.StreamPair.ScatterGatherPreservesEmptyAndPartialBuffers
627/771 Test #627: native_udp_stream_test.StreamPair.ScatterGatherPreservesEmptyAndPartialBuffers ...............................   Passed    0.03 sec
        Start 628: native_udp_stream_test.StreamPair.RingWrapPreservesUnreadPrefix
628/771 Test #628: native_udp_stream_test.StreamPair.RingWrapPreservesUnreadPrefix ..............................................   Passed    0.04 sec
        Start 629: native_udp_stream_test.StreamPair.SmallWireBudgetStillMakesProgress
629/771 Test #629: native_udp_stream_test.StreamPair.SmallWireBudgetStillMakesProgress ..........................................   Passed    0.05 sec
        Start 630: native_udp_stream_test.StreamPair.FullReliabilityWindowWaitsForAckWithoutDroppingNextBytes
630/771 Test #630: native_udp_stream_test.StreamPair.FullReliabilityWindowWaitsForAckWithoutDroppingNextBytes ...................   Passed    0.04 sec
        Start 631: native_udp_stream_test.StreamPair.OutOfOrderPacketsDeliverOnceInOriginalOrder
631/771 Test #631: native_udp_stream_test.StreamPair.OutOfOrderPacketsDeliverOnceInOriginalOrder ................................   Passed    0.04 sec
        Start 632: native_udp_stream_test.StreamPair.BoundedWriterUsesTheSameSocketCancellationAndBackpressure
632/771 Test #632: native_udp_stream_test.StreamPair.BoundedWriterUsesTheSameSocketCancellationAndBackpressure ..................   Passed    0.05 sec
        Start 633: native_udp_stream_test.StreamPair.FullReorderedWindowFitsDefaultReceiveRingWhileReadCompletionIsPosted
633/771 Test #633: native_udp_stream_test.StreamPair.FullReorderedWindowFitsDefaultReceiveRingWhileReadCompletionIsPosted .......   Passed    0.12 sec
        Start 634: native_udp_stream_test.StreamPair.ActualDataAndAckLossRecoverWithoutDuplicateApplicationBytes
634/771 Test #634: native_udp_stream_test.StreamPair.ActualDataAndAckLossRecoverWithoutDuplicateApplicationBytes ................   Passed    0.03 sec
        Start 635: native_udp_stream_test.StreamPair.SelectiveAckWindowBackpressureResumesAfterMissingFirstPacket
635/771 Test #635: native_udp_stream_test.StreamPair.SelectiveAckWindowBackpressureResumesAfterMissingFirstPacket ...............   Passed    0.04 sec
        Start 636: native_udp_stream_test.StreamPair.CloseBeforeDispatchCompletesEachOperationOnceWithoutSending
636/771 Test #636: native_udp_stream_test.StreamPair.CloseBeforeDispatchCompletesEachOperationOnceWithoutSending ................   Passed    0.03 sec
        Start 637: native_udp_stream_test.StreamPair.OverlappingOperationsRejectOnlyTheSecondRequest
637/771 Test #637: native_udp_stream_test.StreamPair.OverlappingOperationsRejectOnlyTheSecondRequest ............................   Passed    0.04 sec
        Start 638: native_udp_stream_test.StreamPair.DestructionAbortsPendingOperationsAndExpiresWeakControl
638/771 Test #638: native_udp_stream_test.StreamPair.DestructionAbortsPendingOperationsAndExpiresWeakControl ....................   Passed    0.04 sec
        Start 639: native_udp_stream_test.StreamPair.MoveTransfersConnectionAndAssignmentCancelsReplacedState
639/771 Test #639: native_udp_stream_test.StreamPair.MoveTransfersConnectionAndAssignmentCancelsReplacedState ...................   Passed    0.04 sec
        Start 640: native_udp_stream_test.StreamPair.EmptyOperationsAreAsynchronousAndDoNotConsumeWireSequence
640/771 Test #640: native_udp_stream_test.StreamPair.EmptyOperationsAreAsynchronousAndDoNotConsumeWireSequence ..................   Passed    0.04 sec
        Start 641: native_udp_stream_test.StreamPair.AssociatedExecutorAndWorkLifetimeSurvivePendingRead
641/771 Test #641: native_udp_stream_test.StreamPair.AssociatedExecutorAndWorkLifetimeSurvivePendingRead ........................   Passed    0.04 sec
        Start 642: native_udp_stream_test.StreamPair.FutureTokensAndCloseErrorsFollowAsioCompletionContract
642/771 Test #642: native_udp_stream_test.StreamPair.FutureTokensAndCloseErrorsFollowAsioCompletionContract .....................   Passed    0.04 sec
        Start 643: native_udp_stream_test.StreamPair.BoundedWriterDeadlineCancelsBlockedFragmentAndRetainedBytes
643/771 Test #643: native_udp_stream_test.StreamPair.BoundedWriterDeadlineCancelsBlockedFragmentAndRetainedBytes ................   Passed    0.05 sec
        Start 644: native_udp_stream_test.StreamPair.CloseFromAnotherThreadSerializesWithPendingOperations
644/771 Test #644: native_udp_stream_test.StreamPair.CloseFromAnotherThreadSerializesWithPendingOperations ......................   Passed    0.03 sec
        Start 645: native_udp_stream_test.StreamPair.InvalidLimitsAndIdentityFailBeforeAffectingSharedSocket
645/771 Test #645: native_udp_stream_test.StreamPair.InvalidLimitsAndIdentityFailBeforeAffectingSharedSocket ....................   Passed    0.04 sec
        Start 646: native_udp_stream_test.StreamPair.ReceiveOverflowClosesOnlyTheOverloadedStream
646/771 Test #646: native_udp_stream_test.StreamPair.ReceiveOverflowClosesOnlyTheOverloadedStream ...............................   Passed    0.05 sec
        Start 647: native_udp_stream_test.StreamPair.RetransmissionExhaustionFailsBlockedReadAndWriteOnce
647/771 Test #647: native_udp_stream_test.StreamPair.RetransmissionExhaustionFailsBlockedReadAndWriteOnce .......................   Passed    0.04 sec
        Start 648: native_udp_stream_test.StreamPair.ForeignEndpointCannotDeliverValidIdentityOrEmitAck
648/771 Test #648: native_udp_stream_test.StreamPair.ForeignEndpointCannotDeliverValidIdentityOrEmitAck .........................   Passed    0.06 sec
        Start 649: native_udp_stream_test.StreamPair.OldGenerationDataAckAndWeakCallbackCannotChangeFreshStream
649/771 Test #649: native_udp_stream_test.StreamPair.OldGenerationDataAckAndWeakCallbackCannotChangeFreshStream .................   Passed    0.04 sec
        Start 650: native_udp_stream_test.StreamPair.TruncatedDatagramsDoNotMutateStreamOrPendingWrites
650/771 Test #650: native_udp_stream_test.StreamPair.TruncatedDatagramsDoNotMutateStreamOrPendingWrites .........................   Passed    0.04 sec
        Start 651: native_udp_stream_test.StreamPair.ActualSharedSocketFailureReleasesAllPendingOperations
651/771 Test #651: native_udp_stream_test.StreamPair.ActualSharedSocketFailureReleasesAllPendingOperations ......................   Passed    0.04 sec
        Start 652: native_udp_stream_test.StreamPair.DatagramAndRetransmitCallsRequireListenerExecutor
652/771 Test #652: native_udp_stream_test.StreamPair.DatagramAndRetransmitCallsRequireListenerExecutor ..........................   Passed    0.04 sec
        Start 653: native_udp_listener_test.ListenerFixture.InvalidLimitsOrUnavailableEntropyCannotOpenListener
653/771 Test #653: native_udp_listener_test.ListenerFixture.InvalidLimitsOrUnavailableEntropyCannotOpenListener .................   Passed    0.02 sec
        Start 654: native_udp_listener_test.ListenerFixture.HelloFloodHasFixedReplySizeAndAllocatesNoChannel
654/771 Test #654: native_udp_listener_test.ListenerFixture.HelloFloodHasFixedReplySizeAndAllocatesNoChannel ....................   Passed    2.43 sec
        Start 655: native_udp_listener_test.ListenerFixture.MalformedAndUnprovenTrafficCannotAllocateOrPoisonNextHandshake
655/771 Test #655: native_udp_listener_test.ListenerFixture.MalformedAndUnprovenTrafficCannotAllocateOrPoisonNextHandshake ......   Passed    0.18 sec
        Start 656: native_udp_listener_test.ListenerFixture.PendingAcceptCompletesOnlyAfterReturnRouteProof
656/771 Test #656: native_udp_listener_test.ListenerFixture.PendingAcceptCompletesOnlyAfterReturnRouteProof .....................   Passed    0.02 sec
        Start 657: native_udp_listener_test.ListenerFixture.CompletedHandshakeWaitsWithinBoundedAcceptBacklog
657/771 Test #657: native_udp_listener_test.ListenerFixture.CompletedHandshakeWaitsWithinBoundedAcceptBacklog ...................   Passed    0.04 sec
        Start 658: native_udp_listener_test.ListenerFixture.DuplicateConfirmationDoesNotCreateASecondAcceptedStream
658/771 Test #658: native_udp_listener_test.ListenerFixture.DuplicateConfirmationDoesNotCreateASecondAcceptedStream .............   Passed    0.05 sec
        Start 659: native_udp_listener_test.ListenerFixture.RetiredConnectionsRemainCapacityBoundedUntilCookieExpiry
659/771 Test #659: native_udp_listener_test.ListenerFixture.RetiredConnectionsRemainCapacityBoundedUntilCookieExpiry ............   Passed    0.15 sec
        Start 660: native_udp_listener_test.ListenerFixture.UnacceptedTimeoutRetiresConnectionWithoutRevivingOnConfirmReplay
660/771 Test #660: native_udp_listener_test.ListenerFixture.UnacceptedTimeoutRetiresConnectionWithoutRevivingOnConfirmReplay ....   Passed    0.09 sec
        Start 661: native_udp_listener_test.ListenerFixture.LargeActualStreamRoundTripPreservesEveryByte
661/771 Test #661: native_udp_listener_test.ListenerFixture.LargeActualStreamRoundTripPreservesEveryByte ........................   Passed    0.15 sec
        Start 662: native_udp_listener_test.ListenerFixture.EndpointAndGenerationAreBothRequiredBeforeApplicationDelivery
662/771 Test #662: native_udp_listener_test.ListenerFixture.EndpointAndGenerationAreBothRequiredBeforeApplicationDelivery .......   Passed    0.04 sec
        Start 663: native_udp_listener_test.ListenerFixture.ClosingOneStreamPreservesOtherLivePeerAndListener
663/771 Test #663: native_udp_listener_test.ListenerFixture.ClosingOneStreamPreservesOtherLivePeerAndListener ...................   Passed    0.10 sec
        Start 664: native_udp_listener_test.ListenerFixture.ReusedPhysicalEndpointRejectsOldDataAndConfirmation
664/771 Test #664: native_udp_listener_test.ListenerFixture.ReusedPhysicalEndpointRejectsOldDataAndConfirmation .................   Passed    0.07 sec
        Start 665: native_udp_listener_test.ListenerFixture.TimerExhaustionClosesOnlyTimedOutChannelAndFinishesOperations
665/771 Test #665: native_udp_listener_test.ListenerFixture.TimerExhaustionClosesOnlyTimedOutChannelAndFinishesOperations .......   Passed    0.24 sec
        Start 666: native_udp_listener_test.ListenerFixture.AcceptedChannelOutlivesBootstrapCookieDeadline
666/771 Test #666: native_udp_listener_test.ListenerFixture.AcceptedChannelOutlivesBootstrapCookieDeadline ......................   Passed    0.07 sec
        Start 667: native_udp_listener_test.ListenerFixture.LostEstablishedReplyRecoversWithoutAcceptingTwice
667/771 Test #667: native_udp_listener_test.ListenerFixture.LostEstablishedReplyRecoversWithoutAcceptingTwice ...................   Passed    0.05 sec
        Start 668: native_udp_listener_test.ListenerFixture.CloseBeforeAcceptCompletesAsynchronouslyExactlyOnce
668/771 Test #668: native_udp_listener_test.ListenerFixture.CloseBeforeAcceptCompletesAsynchronouslyExactlyOnce .................   Passed    0.01 sec
        Start 669: native_udp_listener_test.ListenerFixture.AcceptUsesAssociatedExecutorAndKeepsItAliveUntilCompletion
669/771 Test #669: native_udp_listener_test.ListenerFixture.AcceptUsesAssociatedExecutorAndKeepsItAliveUntilCompletion ..........   Passed    0.05 sec
        Start 670: native_udp_listener_test.ListenerFixture.OverlappingAcceptRejectsOnlySecondRequest
670/771 Test #670: native_udp_listener_test.ListenerFixture.OverlappingAcceptRejectsOnlySecondRequest ...........................   Passed    0.04 sec
        Start 671: native_udp_listener_test.ListenerFixture.DestructionCancelsAcceptedStreamAndPendingAcceptWithoutOwnerCycle
671/771 Test #671: native_udp_listener_test.ListenerFixture.DestructionCancelsAcceptedStreamAndPendingAcceptWithoutOwnerCycle ...   Passed    0.06 sec
        Start 672: native_udp_listener_test.ListenerFixture.CloseFromAnotherThreadClosesWireOnItsExecutor
672/771 Test #672: native_udp_listener_test.ListenerFixture.CloseFromAnotherThreadClosesWireOnItsExecutor .......................   Passed    0.05 sec
        Start 673: native_udp_dialer_test.DialFixture.NumericAddressEstablishesOneScopedStreamAsynchronously
673/771 Test #673: native_udp_dialer_test.DialFixture.NumericAddressEstablishesOneScopedStreamAsynchronously ....................   Passed    0.04 sec
        Start 674: native_udp_dialer_test.DialFixture.InvalidLimitsAndHostFailWithoutStartingNetworkWork
674/771 Test #674: native_udp_dialer_test.DialFixture.InvalidLimitsAndHostFailWithoutStartingNetworkWork ........................   Passed    0.01 sec
        Start 675: native_udp_dialer_test.DialFixture.HostnameResolutionConnectsUsingABoundedEndpointList
675/771 Test #675: native_udp_dialer_test.DialFixture.HostnameResolutionConnectsUsingABoundedEndpointList .......................   Passed    1.57 sec
        Start 676: native_udp_dialer_test.DialFixture.MultipleResolvedEndpointsFallbackAndIgnoreOldPhysicalCallbacks
676/771 Test #676: native_udp_dialer_test.DialFixture.MultipleResolvedEndpointsFallbackAndIgnoreOldPhysicalCallbacks ............   Passed    0.10 sec
        Start 677: native_udp_dialer_test.DialFixture.HandshakeRetriesCannotExtendTheAbsoluteConnectionDeadline
677/771 Test #677: native_udp_dialer_test.DialFixture.HandshakeRetriesCannotExtendTheAbsoluteConnectionDeadline .................   Passed    0.15 sec
        Start 678: native_udp_dialer_test.DialFixture.OverlappingDialRejectsSecondAndAllowsReuseAfterCancellation
678/771 Test #678: native_udp_dialer_test.DialFixture.OverlappingDialRejectsSecondAndAllowsReuseAfterCancellation ...............   Passed    0.08 sec
        Start 679: native_udp_dialer_test.DialFixture.UnavailableEntropyFailsClosedBeforeSendingHello
679/771 Test #679: native_udp_dialer_test.DialFixture.UnavailableEntropyFailsClosedBeforeSendingHello ...........................   Passed    0.04 sec
        Start 680: native_udp_dialer_test.DialFixture.EveryHandshakeDatagramCanBeLostOnceWithoutDuplicateAcceptance
680/771 Test #680: native_udp_dialer_test.DialFixture.EveryHandshakeDatagramCanBeLostOnceWithoutDuplicateAcceptance .............   Passed    0.50 sec
        Start 681: native_udp_dialer_test.DialFixture.ServerClockEpochIsOpaqueToClientHandshake
681/771 Test #681: native_udp_dialer_test.DialFixture.ServerClockEpochIsOpaqueToClientHandshake .................................   Passed    0.02 sec
        Start 682: native_udp_dialer_test.DialFixture.MutatedResolvedEndpointCountCannotOverflowFixedStorage
682/771 Test #682: native_udp_dialer_test.DialFixture.MutatedResolvedEndpointCountCannotOverflowFixedStorage ....................   Passed    0.01 sec
        Start 683: native_udp_dialer_test.DialFixture.ResolverCancellationCompletesOnceBeforeAnEndpointCanBeInstalled
683/771 Test #683: native_udp_dialer_test.DialFixture.ResolverCancellationCompletesOnceBeforeAnEndpointCanBeInstalled ...........   Passed    0.02 sec
        Start 684: native_udp_dialer_test.DialFixture.LargeBidirectionalTransferRunsWithActualClientAndListenerIOOwners
684/771 Test #684: native_udp_dialer_test.DialFixture.LargeBidirectionalTransferRunsWithActualClientAndListenerIOOwners .........   Passed    0.29 sec
        Start 685: native_udp_dialer_test.DialFixture.ClientDataAndServerAckLossRecoverWithoutDuplicateBytes
685/771 Test #685: native_udp_dialer_test.DialFixture.ClientDataAndServerAckLossRecoverWithoutDuplicateBytes ....................   Passed    0.39 sec
        Start 686: native_udp_dialer_test.DialFixture.ForeignEndpointCannotDeliverCapturedValidServerPacket
686/771 Test #686: native_udp_dialer_test.DialFixture.ForeignEndpointCannotDeliverCapturedValidServerPacket .....................   Passed    0.08 sec
        Start 687: native_udp_dialer_test.DialFixture.GenericWriterDeadlineClosesClientPhysicalSocketAfterBlockedFragment
687/771 Test #687: native_udp_dialer_test.DialFixture.GenericWriterDeadlineClosesClientPhysicalSocketAfterBlockedFragment .......   Passed    0.11 sec
        Start 688: native_udp_dialer_test.DialFixture.EstablishedStreamOutlivesTheOriginalDialDeadline
688/771 Test #688: native_udp_dialer_test.DialFixture.EstablishedStreamOutlivesTheOriginalDialDeadline ..........................   Passed    0.07 sec
        Start 689: native_udp_dialer_test.DialFixture.CancelBeforeDispatchSendsNothingAndCompletesExactlyOnce
689/771 Test #689: native_udp_dialer_test.DialFixture.CancelBeforeDispatchSendsNothingAndCompletesExactlyOnce ...................   Passed    0.00 sec
        Start 690: native_udp_dialer_test.DialFixture.CancelCompletesEstablishedPendingReadAndReleasesTheBoundPort
690/771 Test #690: native_udp_dialer_test.DialFixture.CancelCompletesEstablishedPendingReadAndReleasesTheBoundPort ..............   Passed    0.06 sec
        Start 691: native_udp_dialer_test.DialFixture.DroppingReturnedStreamReleasesDialerIOWithoutExplicitCancel
691/771 Test #691: native_udp_dialer_test.DialFixture.DroppingReturnedStreamReleasesDialerIOWithoutExplicitCancel ...............   Passed    0.06 sec
        Start 692: native_udp_dialer_test.DialFixture.DestructionCancelsAttemptAndAcceptedStreamWithoutCallbackCycles
692/771 Test #692: native_udp_dialer_test.DialFixture.DestructionCancelsAttemptAndAcceptedStreamWithoutCallbackCycles ...........   Passed    0.05 sec
        Start 693: native_udp_dialer_test.DialFixture.AssociatedExecutorPreservesWorkAndOwnsConnectCompletion
693/771 Test #693: native_udp_dialer_test.DialFixture.AssociatedExecutorPreservesWorkAndOwnsConnectCompletion ...................   Passed    0.04 sec
        Start 694: native_udp_dialer_test.DialFixture.FutureTokenReturnsMoveOnlyStreamAndPropagatesCancellation
694/771 Test #694: native_udp_dialer_test.DialFixture.FutureTokenReturnsMoveOnlyStreamAndPropagatesCancellation .................   Passed    0.04 sec
        Start 695: native_udp_dialer_test.DialFixture.ConcurrentRepeatedCancelCompletesPendingReadOnce
695/771 Test #695: native_udp_dialer_test.DialFixture.ConcurrentRepeatedCancelCompletesPendingReadOnce ..........................   Passed    0.04 sec
        Start 696: native_udp_dialer_test.DialFixture.RepeatedPhysicalConnectionsRetireAndReleaseAllClientPorts
696/771 Test #696: native_udp_dialer_test.DialFixture.RepeatedPhysicalConnectionsRetireAndReleaseAllClientPorts .................   Passed    2.08 sec
        Start 697: native_udp_terminal_drain_test.NativeUDPTerminalDrain.CancellationWithoutLoss
697/771 Test #697: native_udp_terminal_drain_test.NativeUDPTerminalDrain.CancellationWithoutLoss ................................   Passed    0.10 sec
        Start 698: native_udp_terminal_drain_test.NativeUDPTerminalDrain.CancellationRetransmitsDroppedReceipt
698/771 Test #698: native_udp_terminal_drain_test.NativeUDPTerminalDrain.CancellationRetransmitsDroppedReceipt ..................   Passed    0.17 sec
        Start 699: native_udp_terminal_drain_test.NativeUDPTerminalDrain.RejectionRetransmitsDroppedReceipt
699/771 Test #699: native_udp_terminal_drain_test.NativeUDPTerminalDrain.RejectionRetransmitsDroppedReceipt .....................   Passed    0.17 sec
        Start 700: native_udp_terminal_drain_test.NativeUDPTerminalDrain.UnresponsivePeerEventuallyReleasesTransport
700/771 Test #700: native_udp_terminal_drain_test.NativeUDPTerminalDrain.UnresponsivePeerEventuallyReleasesTransport ............   Passed    0.41 sec
        Start 701: native_udp_terminal_drain_test.NativeUDPTerminalDrain.StopWithPendingApplicationRead
701/771 Test #701: native_udp_terminal_drain_test.NativeUDPTerminalDrain.StopWithPendingApplicationRead .........................   Passed    0.08 sec
        Start 702: native_udp_terminal_drain_test.NativeUDPTerminalDrain.StopBeforeFirstDispatch
702/771 Test #702: native_udp_terminal_drain_test.NativeUDPTerminalDrain.StopBeforeFirstDispatch ................................   Passed    0.00 sec
        Start 703: native_slot_groups_test.Groups.SingleSeatRetainsTheOriginalLeaseSemantics
703/771 Test #703: native_slot_groups_test.Groups.SingleSeatRetainsTheOriginalLeaseSemantics ....................................   Passed    0.00 sec
        Start 704: native_slot_groups_test.Groups.OneLeaseOwnsAllTwentyTwoSeats
704/771 Test #704: native_slot_groups_test.Groups.OneLeaseOwnsAllTwentyTwoSeats .................................................   Passed    0.00 sec
        Start 705: native_slot_groups_test.Groups.DisjointNonContiguousGroupsRemainIndependent
705/771 Test #705: native_slot_groups_test.Groups.DisjointNonContiguousGroupsRemainIndependent ..................................   Passed    0.00 sec
        Start 706: native_slot_groups_test.Groups.OverlappingAdmissionDoesNotLeakUnclaimedSeats
706/771 Test #706: native_slot_groups_test.Groups.OverlappingAdmissionDoesNotLeakUnclaimedSeats .................................   Passed    0.00 sec
        Start 707: native_slot_groups_test.Groups.InvalidMasksAndBoundsCannotReserveSeats
707/771 Test #707: native_slot_groups_test.Groups.InvalidMasksAndBoundsCannotReserveSeats .......................................   Passed    0.00 sec
        Start 708: native_slot_groups_test.Groups.EntropyFailureKeepsAdmissionAtomic
708/771 Test #708: native_slot_groups_test.Groups.EntropyFailureKeepsAdmissionAtomic ............................................   Passed    0.00 sec
        Start 709: native_slot_groups_test.Groups.PregameReleaseFreesEverySeatAndRejectsStaleOwner
709/771 Test #709: native_slot_groups_test.Groups.PregameReleaseFreesEverySeatAndRejectsStaleOwner ..............................   Passed    0.00 sec
        Start 710: native_slot_groups_test.Groups.RecoveryRotatesOwnershipForTheWholeGroupAtOnce
710/771 Test #710: native_slot_groups_test.Groups.RecoveryRotatesOwnershipForTheWholeGroupAtOnce ................................   Passed    0.00 sec
        Start 711: native_slot_groups_test.Groups.NonPrimarySeatCannotRotateOrReleaseTheGroup
711/771 Test #711: native_slot_groups_test.Groups.NonPrimarySeatCannotRotateOrReleaseTheGroup ...................................   Passed    0.00 sec
        Start 712: native_slot_groups_test.Groups.LostRecoveryResponsePreservesOriginalGraceAndMembership
712/771 Test #712: native_slot_groups_test.Groups.LostRecoveryResponsePreservesOriginalGraceAndMembership .......................   Passed    0.00 sec
        Start 713: native_slot_groups_test.Groups.ReadyCommitIsIdempotentAndRetiresTheOldProof
713/771 Test #713: native_slot_groups_test.Groups.ReadyCommitIsIdempotentAndRetiresTheOldProof ..................................   Passed    0.00 sec
        Start 714: native_slot_groups_test.Groups.ExpiredGroupCannotControlAnyMember
714/771 Test #714: native_slot_groups_test.Groups.ExpiredGroupCannotControlAnyMember ............................................   Passed    0.00 sec
        Start 715: native_slot_groups_test.Groups.SealedAdmissionCannotReassignExpiredGroups
715/771 Test #715: native_slot_groups_test.Groups.SealedAdmissionCannotReassignExpiredGroups ....................................   Passed    0.00 sec
        Start 716: native_slot_groups_test.Groups.RevocationRemovesAllPlayerControlWithoutTouchingOtherGroups
716/771 Test #716: native_slot_groups_test.Groups.RevocationRemovesAllPlayerControlWithoutTouchingOtherGroups ...................   Passed    0.00 sec
        Start 717: native_slot_groups_test.Groups.WrongMatchCannotReplaceTheOwner
717/771 Test #717: native_slot_groups_test.Groups.WrongMatchCannotReplaceTheOwner ...............................................   Passed    0.00 sec
        Start 718: native_slot_groups_test.Groups.ClockReversalDoesNotReleaseOrRotateMembership
718/771 Test #718: native_slot_groups_test.Groups.ClockReversalDoesNotReleaseOrRotateMembership .................................   Passed    0.00 sec
        Start 719: native_slot_group_wire_test.GroupWire.LegacyLoadingHelloRemainsByteIdentical
719/771 Test #719: native_slot_group_wire_test.GroupWire.LegacyLoadingHelloRemainsByteIdentical .................................   Passed    0.00 sec
        Start 720: native_slot_group_wire_test.GroupWire.GroupCapabilityIsExplicitAndBounded
720/771 Test #720: native_slot_group_wire_test.GroupWire.GroupCapabilityIsExplicitAndBounded ....................................   Passed    0.00 sec
        Start 721: native_slot_group_wire_test.GroupWire.UnknownCapabilityBitsReject
721/771 Test #721: native_slot_group_wire_test.GroupWire.UnknownCapabilityBitsReject ............................................   Passed    0.00 sec
        Start 722: native_slot_group_wire_test.GroupWire.OldNonLoadingHelloCannotSilentlyNegotiateGroups
722/771 Test #722: native_slot_group_wire_test.GroupWire.OldNonLoadingHelloCannotSilentlyNegotiateGroups ........................   Passed    0.00 sec
        Start 723: native_slot_group_wire_test.GroupWire.LegacySessionsRetainExactBytesAndSingleSeatMeaning
723/771 Test #723: native_slot_group_wire_test.GroupWire.LegacySessionsRetainExactBytesAndSingleSeatMeaning .....................   Passed    0.00 sec
        Start 724: native_slot_group_wire_test.GroupWire.AllTwentyTwoSeatsRoundTripInOneBoundedRecord
724/771 Test #724: native_slot_group_wire_test.GroupWire.AllTwentyTwoSeatsRoundTripInOneBoundedRecord ...........................   Passed    0.00 sec
        Start 725: native_slot_group_wire_test.GroupWire.NonContiguousAndExplicitSingleSeatGroupsRoundTrip
725/771 Test #725: native_slot_group_wire_test.GroupWire.NonContiguousAndExplicitSingleSeatGroupsRoundTrip ......................   Passed    0.00 sec
        Start 726: native_slot_group_wire_test.GroupWire.SeatsOutsideTheNegotiatedMatchReject
726/771 Test #726: native_slot_group_wire_test.GroupWire.SeatsOutsideTheNegotiatedMatchReject ...................................   Passed    0.00 sec
        Start 727: native_slot_group_wire_test.GroupWire.GroupMustContainItsPrimaryLeaseSeat
727/771 Test #727: native_slot_group_wire_test.GroupWire.GroupMustContainItsPrimaryLeaseSeat ....................................   Passed    0.00 sec
        Start 728: native_slot_group_wire_test.GroupWire.AnExtendedZeroMaskCannotAliasALegacySession
728/771 Test #728: native_slot_group_wire_test.GroupWire.AnExtendedZeroMaskCannotAliasALegacySession ............................   Passed    0.00 sec
        Start 729: native_slot_group_wire_test.GroupWire.EveryTruncatedPrefixIsIncompleteWithoutDecoding
729/771 Test #729: native_slot_group_wire_test.GroupWire.EveryTruncatedPrefixIsIncompleteWithoutDecoding ........................   Passed    0.00 sec
        Start 730: native_slot_group_wire_test.GroupWire.CoalescedFollowingRecordIsNotConsumed
730/771 Test #730: native_slot_group_wire_test.GroupWire.CoalescedFollowingRecordIsNotConsumed ..................................   Passed    0.00 sec
        Start 731: native_slot_group_wire_test.GroupWire.UnnegotiatedOldDecoderRejectsTheExtension
731/771 Test #731: native_slot_group_wire_test.GroupWire.UnnegotiatedOldDecoderRejectsTheExtension ..............................   Passed    0.00 sec
        Start 732: native_slot_group_wire_test.GroupWire.LoadingAndRestoringRemainMutuallyExclusive
732/771 Test #732: native_slot_group_wire_test.GroupWire.LoadingAndRestoringRemainMutuallyExclusive .............................   Passed    0.00 sec
        Start 733: native_slot_group_wire_test.GroupWire.InvalidHighBitsAndPrimarySeatRejectBeforeEncoding
733/771 Test #733: native_slot_group_wire_test.GroupWire.InvalidHighBitsAndPrimarySeatRejectBeforeEncoding ......................   Passed    0.00 sec
        Start 734: native_slot_group_wire_test.GroupWire.AllValidTeamSizesPreserveTheirCompleteRoster
734/771 Test #734: native_slot_group_wire_test.GroupWire.AllValidTeamSizesPreserveTheirCompleteRoster ...........................   Passed    0.00 sec
        Start 735: native_slot_group_server_test.NativeGroupServer.PregameExpiry
735/771 Test #735: native_slot_group_server_test.NativeGroupServer.PregameExpiry ................................................   Passed    0.13 sec
        Start 736: native_slot_group_server_test.NativeGroupServer.InvalidReadyReleasesGroup
736/771 Test #736: native_slot_group_server_test.NativeGroupServer.InvalidReadyReleasesGroup ....................................   Passed    0.05 sec
        Start 737: native_slot_group_server_test.NativeGroupServer.SealedExpiry
737/771 Test #737: native_slot_group_server_test.NativeGroupServer.SealedExpiry .................................................   Passed    0.25 sec
        Start 738: native_slot_group_server_test.NativeGroupServer.RetriesDoNotExtendGrace
738/771 Test #738: native_slot_group_server_test.NativeGroupServer.RetriesDoNotExtendGrace ......................................   Passed    0.28 sec
        Start 739: native_slot_group_server_test.NativeGroupServer.SnapshotFailureIsLocal
739/771 Test #739: native_slot_group_server_test.NativeGroupServer.SnapshotFailureIsLocal .......................................   Passed    0.26 sec
        Start 740: native_slot_group_server_test.NativeGroupServer.PartitionAndAllAvailable
740/771 Test #740: native_slot_group_server_test.NativeGroupServer.PartitionAndAllAvailable .....................................   Passed    0.03 sec
        Start 741: native_slot_group_server_test.NativeGroupServer.CapabilityRequired
741/771 Test #741: native_slot_group_server_test.NativeGroupServer.CapabilityRequired ...........................................   Passed    0.02 sec
        Start 742: native_slot_group_server_test.NativeGroupServer.CancellationReleasesWholeGroup
742/771 Test #742: native_slot_group_server_test.NativeGroupServer.CancellationReleasesWholeGroup ...............................   Passed    0.07 sec
        Start 743: native_slot_group_server_test.NativeGroupServer.EveryMemberInputPreserved
743/771 Test #743: native_slot_group_server_test.NativeGroupServer.EveryMemberInputPreserved ....................................   Passed    0.19 sec
        Start 744: native_slot_group_server_test.NativeGroupServer.MissingMemberIsLocal
744/771 Test #744: native_slot_group_server_test.NativeGroupServer.MissingMemberIsLocal .........................................   Passed    0.20 sec
        Start 745: native_slot_group_server_test.NativeGroupServer.DuplicateMemberIsLocal
745/771 Test #745: native_slot_group_server_test.NativeGroupServer.DuplicateMemberIsLocal .......................................   Passed    0.20 sec
        Start 746: native_slot_group_server_test.NativeGroupServer.ForeignMemberIsLocal
746/771 Test #746: native_slot_group_server_test.NativeGroupServer.ForeignMemberIsLocal .........................................   Passed    0.20 sec
        Start 747: native_slot_group_server_test.NativeGroupServer.NonFiniteDirectionIsLocal
747/771 Test #747: native_slot_group_server_test.NativeGroupServer.NonFiniteDirectionIsLocal ....................................   Passed    0.20 sec
        Start 748: native_authority_recording_test.AuthorityRecording.HeaderPinsMatchAndPhysicsBeforeReturn
748/771 Test #748: native_authority_recording_test.AuthorityRecording.HeaderPinsMatchAndPhysicsBeforeReturn .....................   Passed    0.00 sec
        Start 749: native_authority_recording_test.AuthorityRecording.EveryPacketIsVisibleInOriginalOrderBeforeClose
749/771 Test #749: native_authority_recording_test.AuthorityRecording.EveryPacketIsVisibleInOriginalOrderBeforeClose ............   Passed    0.00 sec
        Start 750: native_authority_recording_test.AuthorityRecording.ExistingFileIsNotOverwritten
750/771 Test #750: native_authority_recording_test.AuthorityRecording.ExistingFileIsNotOverwritten ..............................   Passed    0.00 sec
        Start 751: native_authority_recording_test.AuthorityRecording.SymlinkDoesNotOverwriteItsTarget
751/771 Test #751: native_authority_recording_test.AuthorityRecording.SymlinkDoesNotOverwriteItsTarget ..........................   Passed    0.00 sec
        Start 752: native_authority_recording_test.AuthorityRecording.MissingParentIsAnExplicitError
752/771 Test #752: native_authority_recording_test.AuthorityRecording.MissingParentIsAnExplicitError ............................   Passed    0.00 sec
        Start 753: native_authority_recording_test.AuthorityRecording.InvalidMatchCannotCreateAFile
753/771 Test #753: native_authority_recording_test.AuthorityRecording.InvalidMatchCannotCreateAFile .............................   Passed    0.00 sec
        Start 754: native_authority_recording_test.AuthorityRecording.NullOrEmptyPathIsRejected
754/771 Test #754: native_authority_recording_test.AuthorityRecording.NullOrEmptyPathIsRejected .................................   Passed    0.00 sec
        Start 755: native_authority_recording_test.AuthorityRecording.EmptyOrUnsupportedPacketCannotAppend
755/771 Test #755: native_authority_recording_test.AuthorityRecording.EmptyOrUnsupportedPacketCannotAppend ......................   Passed    0.00 sec
        Start 756: native_authority_recording_test.AuthorityRecording.OnlyTheFrameOwnerCanAppend
756/771 Test #756: native_authority_recording_test.AuthorityRecording.OnlyTheFrameOwnerCanAppend ................................   Passed    0.00 sec
        Start 757: native_authority_recording_test.AuthorityRecording.ByteBudgetRejectsBeforeWriting
757/771 Test #757: native_authority_recording_test.AuthorityRecording.ByteBudgetRejectsBeforeWriting ............................   Passed    0.04 sec
        Start 758: native_authority_recording_test.AuthorityRecording.ActualFlushFailurePropagates
758/771 Test #758: native_authority_recording_test.AuthorityRecording.ActualFlushFailurePropagates ..............................   Passed    0.00 sec
        Start 759: native_input_rtt_test.NativeInputRTT.OldOneFrameLeadMissesHundredMillisecondRoundTrip
759/771 Test #759: native_input_rtt_test.NativeInputRTT.OldOneFrameLeadMissesHundredMillisecondRoundTrip ........................   Passed    0.00 sec
        Start 760: native_input_rtt_test.NativeInputRTT.ZeroAndLowLatencyKeepOriginalOneFrameLead
760/771 Test #760: native_input_rtt_test.NativeInputRTT.ZeroAndLowLatencyKeepOriginalOneFrameLead ...............................   Passed    0.00 sec
        Start 761: native_input_rtt_test.NativeInputRTT.ExtremeDelayIsBoundedByUnchangedServerWindow
761/771 Test #761: native_input_rtt_test.NativeInputRTT.ExtremeDelayIsBoundedByUnchangedServerWindow ............................   Passed    0.00 sec
        Start 762: native_input_rtt_test.NativeInputRTT.InvalidBudgetAndLeadRejectBeforeMutation
762/771 Test #762: native_input_rtt_test.NativeInputRTT.InvalidBudgetAndLeadRejectBeforeMutation ................................   Passed    0.00 sec
        Start 763: native_input_rtt_test.NativeInputRTT.LeadChangesNeverRewriteOrReorderPublishedFrames
763/771 Test #763: native_input_rtt_test.NativeInputRTT.LeadChangesNeverRewriteOrReorderPublishedFrames .........................   Passed    0.00 sec
        Start 764: native_input_rtt_test.NativeInputRTT.PublicationKeepsExactSampleAndRecoveryClearsLead
764/771 Test #764: native_input_rtt_test.NativeInputRTT.PublicationKeepsExactSampleAndRecoveryClearsLead ........................   Passed    0.00 sec
        Start 765: native_input_rtt_test.NativeInputRTT.FullWindowWaitDoesNotSkipFutureInputAfterAuthorityBatch
765/771 Test #765: native_input_rtt_test.NativeInputRTT.FullWindowWaitDoesNotSkipFutureInputAfterAuthorityBatch .................   Passed    0.00 sec
        Start 766: native_input_rtt_test.NativeInputRTT.LargeAuthorityJumpReanchorsTheMeasuredHorizon
766/771 Test #766: native_input_rtt_test.NativeInputRTT.LargeAuthorityJumpReanchorsTheMeasuredHorizon ...........................   Passed    0.00 sec
        Start 767: native_input_rtt_test.NativeInputRTT.AuthorityBatchKeepsStillAdmissibleFrameAtMeasuredHorizon
767/771 Test #767: native_input_rtt_test.NativeInputRTT.AuthorityBatchKeepsStillAdmissibleFrameAtMeasuredHorizon ................   Passed    0.00 sec
        Start 768: native_input_rtt_test.NativeInputRTT.GrowingRTTHorizonPublishesIntermediateFutureFrames
768/771 Test #768: native_input_rtt_test.NativeInputRTT.GrowingRTTHorizonPublishesIntermediateFutureFrames ......................   Passed    0.00 sec
        Start 769: native_input_rtt_test.NativeInputRTT.DelayedLocalTickRetainsFutureFrameWithMeasuredLead
769/771 Test #769: native_input_rtt_test.NativeInputRTT.DelayedLocalTickRetainsFutureFrameWithMeasuredLead ......................   Passed    0.00 sec
        Start 770: native_input_rtt_test.NativeInputRTT.HorizonCatchupSamplesAnEdgeOnceAndKeepsPublishedBytes
770/771 Test #770: native_input_rtt_test.NativeInputRTT.HorizonCatchupSamplesAnEdgeOnceAndKeepsPublishedBytes ...................   Passed    0.00 sec
        Start 771: rl_observation_contract
771/771 Test #771: rl_observation_contract ......................................................................................   Passed    0.00 sec

100% tests passed out of 771

Total Test time (real) =  30.90 sec
Running: cmake --build /tmp/football-optimization-native --target engine_ase_parser_contract -j 1
[  3%] Built target datalib
[ 12%] Built target scenelib
[ 18%] Built target utilslib
[ 25%] Built target gui2lib
[ 37%] Built target baselib
[ 46%] Built target systemsgraphicslib
[ 48%] Built target loaderslib
[ 51%] Built target typeslib
[ 51%] Built target blunted2
[ 77%] Built target gamelib
[ 87%] Built target menulib
[ 98%] Built target football_engine
[100%] Built target engine_ase_parser_contract
Running: /tmp/football-optimization-native/bin/engine_ase_parser_contract
Running: cmake --build /tmp/football-optimization-native --target engine_file_read_contract -j 1
[  3%] Built target datalib
[ 12%] Built target scenelib
[ 18%] Built target utilslib
[ 25%] Built target gui2lib
[ 37%] Built target baselib
[ 46%] Built target systemsgraphicslib
[ 48%] Built target loaderslib
[ 51%] Built target typeslib
[ 51%] Built target blunted2
[ 77%] Built target gamelib
[ 87%] Built target menulib
[ 98%] Built target football_engine
[100%] Built target engine_file_read_contract
Running: /tmp/football-optimization-native/bin/engine_file_read_contract
Running: /root/.cache/football-quality-20260910/venv/bin/python3 /root/work_space/football/.project/checks/acceptance_selftest.py
Traceback (most recent call last):
  File "/root/work_space/football/.project/checks/framework_regression.py", line 168, in <module>
    main()
    ~~~~^^
  File "/root/work_space/football/.project/checks/framework_regression.py", line 101, in main
    acceptance_self_tests = json.loads(run(
                                       ~~~^
        [python, ROOT / ".project/checks/acceptance_selftest.py"], capture=True))
        ^^^^^^^^^^^^^^^^^^^^^^^^^^^^^^^^^^^^^^^^^^^^^^^^^^^^^^^^^^^^^^^^^^^^^^^^
  File "/root/work_space/football/.project/checks/native_boundary.py", line 27, in run
    return subprocess.run(list(map(str, argv)), cwd=cwd, env=env, check=True, text=True,
           ~~~~~~~~~~~~~~^^^^^^^^^^^^^^^^^^^^^^^^^^^^^^^^^^^^^^^^^^^^^^^^^^^^^^^^^^^^^^^
                          stdout=subprocess.PIPE if capture else None,
                          ^^^^^^^^^^^^^^^^^^^^^^^^^^^^^^^^^^^^^^^^^^^^
                          stderr=subprocess.STDOUT if capture else None).stdout
                          ^^^^^^^^^^^^^^^^^^^^^^^^^^^^^^^^^^^^^^^^^^^^^^
  File "/usr/lib/python3.14/subprocess.py", line 578, in run
    raise CalledProcessError(retcode, process.args,
                             output=stdout, stderr=stderr)
subprocess.CalledProcessError: Command '['/root/.cache/football-quality-20260910/venv/bin/python3', '/root/work_space/football/.project/checks/acceptance_selftest.py']' returned non-zero exit status 1.
