Running: cmake -S engine -B /tmp/football-optimization-native-debug-config -DCMAKE_BUILD_TYPE=Debug -DBUILD_PYTHON_BINDINGS=OFF -DFOOTBALL_RUNTIME_OUTPUT_DIRECTORY=/tmp/football-optimization-native-debug-config/bin
CMake Warning (policy) at CMakeLists.txt:173 (FIND_PACKAGE):
  Policy CMP0167 is not set: The FindBoost module is removed.  Run "cmake
  --help-policy CMP0167" for policy details.  Use the cmake_policy command to
  set the policy and suppress this warning.
This warning is for project developers.  Use -Wno-author or -Wno-policy to
suppress it.

-- Configuring done (0.5s)
-- Generating done (0.1s)
-- Build files have been written to: /tmp/football-optimization-native-debug-config
Running: cmake -S engine/tests -B /tmp/football-review-20260909-tests -DCMAKE_BUILD_TYPE=Debug -DENABLE_PCH=OFF
-- Using installed GoogleTest 1.18.0 at /usr/lib/cmake/GTest
-- Found OpenSSL: /usr/lib/libcrypto.so (found suitable version "3.6.4", minimum required is "3.0") found components: Crypto
-- Found Threads: TRUE
-- Build type: Debug
-- Unity build: ON
-- PCH enabled: OFF
-- Build targets: 50
-- Configuring done (0.0s)
-- Generating done (0.1s)
-- Build files have been written to: /tmp/football-review-20260909-tests
Running: cmake --build /tmp/football-review-20260909-tests -j 1
[  2%] Built target frame_sync_test
[  4%] Built target ecs_test
[  6%] Built target ecs_query_contract_test
[  8%] Built target fixed_point_test
[ 10%] Built target fixed_point_determinism_test
[ 12%] Built target client_state_test
[ 14%] Built target ecs_physics_sync_test
[ 16%] Built target ecs_benchmark_test
[ 18%] Built target engine_integration_test
[ 20%] Built target phase5_test
[ 22%] Built target performance_benchmark_test
[ 24%] Built target frame_sync_performance_test
[ 26%] Built target ux_optimizer_test
[ 28%] Built target frame_sync_coverage_test
[ 30%] Built target prng_test
[ 32%] Built target interpolator_test
[ 34%] Built target state_delta_codec_test
[ 36%] Built target prediction_accuracy_tracker_test
[ 38%] Built target adaptive_prediction_cap_test
[ 40%] Built target replay_system_test
[ 42%] Built target adaptive_jitter_buffer_test
[ 44%] Built target phase16_integration_test
[ 46%] Built target latency_compensator_test
[ 48%] Built target state_snapshot_codec_test
[ 50%] Built target spectator_test
[ 52%] Built target replay_integration_test
[ 54%] Built target network_diagnostics_test
[ 56%] Built target lobby_protocol_test
[ 58%] Built target room_manager_test
[ 59%] Building CXX object CMakeFiles/lobby_e2e_test.dir/Unity/unity_0_cxx.cxx.o
[ 60%] Linking CXX executable lobby_e2e_test
[ 60%] Built target lobby_e2e_test
[ 62%] Built target milestone_regression_test
[ 64%] Built target frame_simulation_test
[ 66%] Built target memory_budget_test
[ 68%] Built target replay_file_test
[ 70%] Built target replay_directory_test
[ 71%] Building CXX object CMakeFiles/reliable_udp_budget_test.dir/Unity/unity_0_cxx.cxx.o
[ 72%] Linking CXX executable reliable_udp_budget_test
[ 72%] Built target reliable_udp_budget_test
[ 73%] Building CXX object CMakeFiles/bounded_tcp_writer_test.dir/Unity/unity_0_cxx.cxx.o
[ 74%] Linking CXX executable bounded_tcp_writer_test
[ 74%] Built target bounded_tcp_writer_test
[ 75%] Building CXX object CMakeFiles/lobby_capacity_test.dir/Unity/unity_0_cxx.cxx.o
[ 76%] Linking CXX executable lobby_capacity_test
[ 76%] Built target lobby_capacity_test
[ 77%] Building CXX object CMakeFiles/lobby_client_capacity_test.dir/Unity/unity_0_cxx.cxx.o
[ 78%] Linking CXX executable lobby_client_capacity_test
[ 78%] Built target lobby_client_capacity_test
[ 79%] Building CXX object CMakeFiles/tcp_frame_server_test.dir/Unity/unity_0_cxx.cxx.o
[ 80%] Linking CXX executable tcp_frame_server_test
[ 80%] Built target tcp_frame_server_test
[ 81%] Building CXX object CMakeFiles/tcp_client_capacity_test.dir/Unity/unity_0_cxx.cxx.o
[ 82%] Linking CXX executable tcp_client_capacity_test
[ 82%] Built target tcp_client_capacity_test
[ 83%] Building CXX object CMakeFiles/football_test_native_recovery.dir/Unity/unity_0_cxx.cxx.o
[ 84%] Linking CXX static library libfootball_test_native_recovery.a
[ 84%] Built target football_test_native_recovery
[ 85%] Building CXX object CMakeFiles/native_udp_bootstrap_test.dir/Unity/unity_0_cxx.cxx.o
[ 86%] Linking CXX executable native_udp_bootstrap_test
[ 86%] Built target native_udp_bootstrap_test
[ 87%] Building CXX object CMakeFiles/native_udp_window_test.dir/Unity/unity_0_cxx.cxx.o
[ 88%] Linking CXX executable native_udp_window_test
[ 88%] Built target native_udp_window_test
[ 89%] Building CXX object CMakeFiles/native_udp_stream_test.dir/Unity/unity_0_cxx.cxx.o
[ 90%] Linking CXX executable native_udp_stream_test
[ 90%] Built target native_udp_stream_test
[ 91%] Building CXX object CMakeFiles/native_udp_listener_test.dir/Unity/unity_0_cxx.cxx.o
[ 92%] Linking CXX executable native_udp_listener_test
[ 92%] Built target native_udp_listener_test
[ 93%] Building CXX object CMakeFiles/native_udp_dialer_test.dir/Unity/unity_0_cxx.cxx.o
[ 94%] Linking CXX executable native_udp_dialer_test
[ 94%] Built target native_udp_dialer_test
[ 95%] Building CXX object CMakeFiles/native_udp_terminal_drain_test.dir/Unity/unity_0_cxx.cxx.o
[ 96%] Linking CXX executable native_udp_terminal_drain_test
[ 96%] Built target native_udp_terminal_drain_test
[ 97%] Building CXX object CMakeFiles/rl_observation_static_contract.dir/Unity/unity_0_cxx.cxx.o
[ 97%] Built target rl_observation_static_contract
[ 98%] Building CXX object CMakeFiles/engine_rl_observation_contract.dir/Unity/unity_0_cxx.cxx.o
[100%] Linking CXX executable engine_rl_observation_contract
[100%] Built target engine_rl_observation_contract
Running: ctest --test-dir /tmp/football-review-20260909-tests --output-on-failure --output-junit /root/work_space/football/.project/optimization/evidence/framework-ctest.xml
Test project /tmp/football-review-20260909-tests
        Start   1: SlotInputTest.DefaultConstruction
  1/703 Test   #1: SlotInputTest.DefaultConstruction ............................................................................   Passed    0.00 sec
        Start   2: SlotInputTest.Equality
  2/703 Test   #2: SlotInputTest.Equality .......................................................................................   Passed    0.00 sec
        Start   3: SlotInputTest.BinaryLayoutSize
  3/703 Test   #3: SlotInputTest.BinaryLayoutSize ...............................................................................   Passed    0.00 sec
        Start   4: SlotInputTest.MemcpyRoundTrip
  4/703 Test   #4: SlotInputTest.MemcpyRoundTrip ................................................................................   Passed    0.00 sec
        Start   5: MessageTypeTest.UniqueValues
  5/703 Test   #5: MessageTypeTest.UniqueValues .................................................................................   Passed    0.00 sec
        Start   6: ProtocolConstantsTest.HeartbeatPacketSize
  6/703 Test   #6: ProtocolConstantsTest.HeartbeatPacketSize ....................................................................   Passed    0.00 sec
        Start   7: ProtocolConstantsTest.TimeoutConstants
  7/703 Test   #7: ProtocolConstantsTest.TimeoutConstants .......................................................................   Passed    0.00 sec
        Start   8: AuthoritativeFrameTest.HeaderSize
  8/703 Test   #8: AuthoritativeFrameTest.HeaderSize ............................................................................   Passed    0.00 sec
        Start   9: ClientFrameInputTest.HeaderSize
  9/703 Test   #9: ClientFrameInputTest.HeaderSize ..............................................................................   Passed    0.00 sec
        Start  10: ClientFrameInputTest.SlotEntrySize
 10/703 Test  #10: ClientFrameInputTest.SlotEntrySize ...........................................................................   Passed    0.00 sec
        Start  11: SessionStartTest.ParamsSize
 11/703 Test  #11: SessionStartTest.ParamsSize ..................................................................................   Passed    0.00 sec
        Start  12: LayoutTest.SlotInputNoPadding
 12/703 Test  #12: LayoutTest.SlotInputNoPadding ................................................................................   Passed    0.00 sec
        Start  13: TypesTest.FrameIdIsUint32
 13/703 Test  #13: TypesTest.FrameIdIsUint32 ....................................................................................   Passed    0.00 sec
        Start  14: TypesTest.StateHashIsUint64
 14/703 Test  #14: TypesTest.StateHashIsUint64 ..................................................................................   Passed    0.00 sec
        Start  15: PredictionRollbackTest.PredictThenRollback
 15/703 Test  #15: PredictionRollbackTest.PredictThenRollback ...................................................................   Passed    0.00 sec
        Start  16: PredictionRollbackTest.PredictWithNoRollback
 16/703 Test  #16: PredictionRollbackTest.PredictWithNoRollback .................................................................   Passed    0.00 sec
        Start  17: PredictionRollbackTest.EvictionPreventsStaleRollback
 17/703 Test  #17: PredictionRollbackTest.EvictionPreventsStaleRollback .........................................................   Passed    0.00 sec
        Start  18: PredictionRollbackTest.StateHashVerification
 18/703 Test  #18: PredictionRollbackTest.StateHashVerification .................................................................   Passed    0.00 sec
        Start  19: EntityTest.NullEntityIsZero
 19/703 Test  #19: EntityTest.NullEntityIsZero ..................................................................................   Passed    0.00 sec
        Start  20: EntityTest.EntityTypeIsUint64
 20/703 Test  #20: EntityTest.EntityTypeIsUint64 ................................................................................   Passed    0.00 sec
        Start  21: WorldTest.CreateEntity
 21/703 Test  #21: WorldTest.CreateEntity .......................................................................................   Passed    0.00 sec
        Start  22: WorldTest.CreateMultipleEntities
 22/703 Test  #22: WorldTest.CreateMultipleEntities .............................................................................   Passed    0.00 sec
        Start  23: WorldTest.EntityIdsAreMonotonic
 23/703 Test  #23: WorldTest.EntityIdsAreMonotonic ..............................................................................   Passed    0.00 sec
        Start  24: WorldTest.AddAndGetComponent
 24/703 Test  #24: WorldTest.AddAndGetComponent .................................................................................   Passed    0.00 sec
        Start  25: WorldTest.GetComponentReturnsNullForMissing
 25/703 Test  #25: WorldTest.GetComponentReturnsNullForMissing ..................................................................   Passed    0.00 sec
        Start  26: WorldTest.HasComponent
 26/703 Test  #26: WorldTest.HasComponent .......................................................................................   Passed    0.00 sec
        Start  27: WorldTest.RemoveComponent
 27/703 Test  #27: WorldTest.RemoveComponent ....................................................................................   Passed    0.00 sec
        Start  28: WorldTest.OverwriteComponent
 28/703 Test  #28: WorldTest.OverwriteComponent .................................................................................   Passed    0.00 sec
        Start  29: WorldTest.MultipleComponentsOnSameEntity
 29/703 Test  #29: WorldTest.MultipleComponentsOnSameEntity .....................................................................   Passed    0.00 sec
        Start  30: WorldTest.ForEachSingleComponent
 30/703 Test  #30: WorldTest.ForEachSingleComponent .............................................................................   Passed    0.00 sec
        Start  31: WorldTest.ForEachTwoComponents
 31/703 Test  #31: WorldTest.ForEachTwoComponents ...............................................................................   Passed    0.00 sec
        Start  32: WorldTest.ForEachModifiesData
 32/703 Test  #32: WorldTest.ForEachModifiesData ................................................................................   Passed    0.00 sec
        Start  33: WorldTest.DestroyEntityRemovesAllComponents
 33/703 Test  #33: WorldTest.DestroyEntityRemovesAllComponents ..................................................................   Passed    0.00 sec
        Start  34: WorldTest.ClearRemovesAll
 34/703 Test  #34: WorldTest.ClearRemovesAll ....................................................................................   Passed    0.00 sec
        Start  35: WorldTest.ForEachDeterministicOrder
 35/703 Test  #35: WorldTest.ForEachDeterministicOrder ..........................................................................   Passed    0.00 sec
        Start  36: WorldTest.MoveConstruction
 36/703 Test  #36: WorldTest.MoveConstruction ...................................................................................   Passed    0.00 sec
        Start  37: TeamStateComponentTest.DefaultConstruction
 37/703 Test  #37: TeamStateComponentTest.DefaultConstruction ...................................................................   Passed    0.00 sec
        Start  38: TeamStateComponentTest.EcsIntegration
 38/703 Test  #38: TeamStateComponentTest.EcsIntegration ........................................................................   Passed    0.00 sec
        Start  39: TeamStateComponentTest.MultipleTeams
 39/703 Test  #39: TeamStateComponentTest.MultipleTeams .........................................................................   Passed    0.00 sec
        Start  40: TeamStateComponentTest.ForEachTeamState
 40/703 Test  #40: TeamStateComponentTest.ForEachTeamState ......................................................................   Passed    0.00 sec
        Start  41: RefereeStateComponentTest.DefaultConstruction
 41/703 Test  #41: RefereeStateComponentTest.DefaultConstruction ................................................................   Passed    0.00 sec
        Start  42: RefereeStateComponentTest.EcsIntegration
 42/703 Test  #42: RefereeStateComponentTest.EcsIntegration .....................................................................   Passed    0.00 sec
        Start  43: RefereeStateComponentTest.FoulState
 43/703 Test  #43: RefereeStateComponentTest.FoulState ..........................................................................   Passed    0.00 sec
        Start  44: MatchStateComponentTest.DefaultConstruction
 44/703 Test  #44: MatchStateComponentTest.DefaultConstruction ..................................................................   Passed    0.00 sec
        Start  45: MatchStateComponentTest.EcsIntegration
 45/703 Test  #45: MatchStateComponentTest.EcsIntegration .......................................................................   Passed    0.00 sec
        Start  46: MatchStateComponentTest.GoalState
 46/703 Test  #46: MatchStateComponentTest.GoalState ............................................................................   Passed    0.00 sec
        Start  47: SerializationTest.TeamStateRoundTrip
 47/703 Test  #47: SerializationTest.TeamStateRoundTrip .........................................................................   Passed    0.00 sec
        Start  48: SerializationTest.RefereeStateRoundTrip
 48/703 Test  #48: SerializationTest.RefereeStateRoundTrip ......................................................................   Passed    0.00 sec
        Start  49: SerializationTest.MatchStateRoundTrip
 49/703 Test  #49: SerializationTest.MatchStateRoundTrip ........................................................................   Passed    0.00 sec
        Start  50: SerializationTest.AllComponentsRoundTrip
 50/703 Test  #50: SerializationTest.AllComponentsRoundTrip .....................................................................   Passed    0.00 sec
        Start  51: QueryContract.ConstEmptyWorldReturnsNull
 51/703 Test  #51: QueryContract.ConstEmptyWorldReturnsNull .....................................................................   Passed    0.00 sec
        Start  52: QueryContract.ThreeDistinctComponentsUseStableEntityOrder
 52/703 Test  #52: QueryContract.ThreeDistinctComponentsUseStableEntityOrder ....................................................   Passed    0.00 sec
        Start  53: QueryContract.ResultCanBeReusedAfterPoolDestructionAndRecreation
 53/703 Test  #53: QueryContract.ResultCanBeReusedAfterPoolDestructionAndRecreation .............................................   Passed    0.00 sec
        Start  54: QueryContract.SnapshotQuerySkipsDeletedFutureMatchesAndIgnoresNewMatches
 54/703 Test  #54: QueryContract.SnapshotQuerySkipsDeletedFutureMatchesAndIgnoresNewMatches .....................................   Passed    0.00 sec
        Start  55: QueryContract.MutableWorldTraversalPreservesFirstPoolCandidateSnapshot
 55/703 Test  #55: QueryContract.MutableWorldTraversalPreservesFirstPoolCandidateSnapshot .......................................   Passed    0.00 sec
        Start  56: QueryContract.SmallestPoolCanHaveAnyComponentPosition
 56/703 Test  #56: QueryContract.SmallestPoolCanHaveAnyComponentPosition ........................................................   Passed    0.00 sec
        Start  57: QueryContract.MissingTypesDoNotAllocatePoolsDuringResultConstruction
 57/703 Test  #57: QueryContract.MissingTypesDoNotAllocatePoolsDuringResultConstruction .........................................   Passed    0.00 sec
        Start  58: QueryContract.ThreeComponentTraversalSurvivesRemovalAndPoolGrowth
 58/703 Test  #58: QueryContract.ThreeComponentTraversalSurvivesRemovalAndPoolGrowth ............................................   Passed    0.00 sec
        Start  59: FixedPointTest.DefaultConstruction
 59/703 Test  #59: FixedPointTest.DefaultConstruction ...........................................................................   Passed    0.00 sec
        Start  60: FixedPointTest.IntConstruction
 60/703 Test  #60: FixedPointTest.IntConstruction ...............................................................................   Passed    0.00 sec
        Start  61: FixedPointTest.FloatConstruction
 61/703 Test  #61: FixedPointTest.FloatConstruction .............................................................................   Passed    0.00 sec
        Start  62: FixedPointTest.FromRaw
 62/703 Test  #62: FixedPointTest.FromRaw .......................................................................................   Passed    0.00 sec
        Start  63: FixedPointTest.Constants
 63/703 Test  #63: FixedPointTest.Constants .....................................................................................   Passed    0.00 sec
        Start  64: FixedPointTest.ToRaw
 64/703 Test  #64: FixedPointTest.ToRaw .........................................................................................   Passed    0.00 sec
        Start  65: FixedPointTest.Addition
 65/703 Test  #65: FixedPointTest.Addition ......................................................................................   Passed    0.00 sec
        Start  66: FixedPointTest.Subtraction
 66/703 Test  #66: FixedPointTest.Subtraction ...................................................................................   Passed    0.00 sec
        Start  67: FixedPointTest.Multiplication
 67/703 Test  #67: FixedPointTest.Multiplication ................................................................................   Passed    0.00 sec
        Start  68: FixedPointTest.Division
 68/703 Test  #68: FixedPointTest.Division ......................................................................................   Passed    0.00 sec
        Start  69: FixedPointTest.CompoundAssignment
 69/703 Test  #69: FixedPointTest.CompoundAssignment ............................................................................   Passed    0.00 sec
        Start  70: FixedPointTest.FractionalArithmetic
 70/703 Test  #70: FixedPointTest.FractionalArithmetic ..........................................................................   Passed    0.00 sec
        Start  71: FixedPointTest.DivisionPrecision
 71/703 Test  #71: FixedPointTest.DivisionPrecision .............................................................................   Passed    0.00 sec
        Start  72: FixedPointTest.Comparison
 72/703 Test  #72: FixedPointTest.Comparison ....................................................................................   Passed    0.00 sec
        Start  73: FixedPointTest.Negation
 73/703 Test  #73: FixedPointTest.Negation ......................................................................................   Passed    0.00 sec
        Start  74: FixedPointTest.Abs
 74/703 Test  #74: FixedPointTest.Abs ...........................................................................................   Passed    0.00 sec
        Start  75: FixedPointTest.SinZero
 75/703 Test  #75: FixedPointTest.SinZero .......................................................................................   Passed    0.00 sec
        Start  76: FixedPointTest.SinHalfPi
 76/703 Test  #76: FixedPointTest.SinHalfPi .....................................................................................   Passed    0.00 sec
        Start  77: FixedPointTest.CosZero
 77/703 Test  #77: FixedPointTest.CosZero .......................................................................................   Passed    0.00 sec
        Start  78: FixedPointTest.CosPi
 78/703 Test  #78: FixedPointTest.CosPi .........................................................................................   Passed    0.00 sec
        Start  79: FixedPointTest.SinPiOver4
 79/703 Test  #79: FixedPointTest.SinPiOver4 ....................................................................................   Passed    0.00 sec
        Start  80: FixedPointTest.Sqrt4
 80/703 Test  #80: FixedPointTest.Sqrt4 .........................................................................................   Passed    0.00 sec
        Start  81: FixedPointTest.Sqrt9
 81/703 Test  #81: FixedPointTest.Sqrt9 .........................................................................................   Passed    0.00 sec
        Start  82: FixedPointTest.Sqrt2
 82/703 Test  #82: FixedPointTest.Sqrt2 .........................................................................................   Passed    0.00 sec
        Start  83: FixedPointTest.SqrtZero
 83/703 Test  #83: FixedPointTest.SqrtZero ......................................................................................   Passed    0.00 sec
        Start  84: FixedPointTest.SqrtNegative
 84/703 Test  #84: FixedPointTest.SqrtNegative ..................................................................................   Passed    0.00 sec
        Start  85: FixedPointTest.AdditionDeterminism
 85/703 Test  #85: FixedPointTest.AdditionDeterminism ...........................................................................   Passed    0.00 sec
        Start  86: FixedPointTest.MultiplicationDeterminism
 86/703 Test  #86: FixedPointTest.MultiplicationDeterminism .....................................................................   Passed    0.00 sec
        Start  87: FixedPointTest.DivisionDeterminism
 87/703 Test  #87: FixedPointTest.DivisionDeterminism ...........................................................................   Passed    0.00 sec
        Start  88: FixedPointTest.SinDeterminism
 88/703 Test  #88: FixedPointTest.SinDeterminism ................................................................................   Passed    0.00 sec
        Start  89: FixedPointTest.IntegerFraction
 89/703 Test  #89: FixedPointTest.IntegerFraction ...............................................................................   Passed    0.00 sec
        Start  90: FixedPointDeterminism.AdditionBitExact
 90/703 Test  #90: FixedPointDeterminism.AdditionBitExact .......................................................................   Passed    0.00 sec
        Start  91: FixedPointDeterminism.MultiplicationBitExact
 91/703 Test  #91: FixedPointDeterminism.MultiplicationBitExact .................................................................   Passed    0.00 sec
        Start  92: FixedPointDeterminism.DivisionBitExact
 92/703 Test  #92: FixedPointDeterminism.DivisionBitExact .......................................................................   Passed    0.00 sec
        Start  93: FixedPointDeterminism.TrigBitExact
 93/703 Test  #93: FixedPointDeterminism.TrigBitExact ...........................................................................   Passed    0.00 sec
        Start  94: FixedPointDeterminism.SqrtBitExact
 94/703 Test  #94: FixedPointDeterminism.SqrtBitExact ...........................................................................   Passed    0.00 sec
        Start  95: FixedPointDeterminism.Atan2BitExact
 95/703 Test  #95: FixedPointDeterminism.Atan2BitExact ..........................................................................   Passed    0.00 sec
        Start  96: FixedPointDeterminism.PythagoreanIdentity
 96/703 Test  #96: FixedPointDeterminism.PythagoreanIdentity ....................................................................   Passed    0.00 sec
        Start  97: FixedPointDeterminism.SinCosPeriodicity
 97/703 Test  #97: FixedPointDeterminism.SinCosPeriodicity ......................................................................   Passed    0.00 sec
        Start  98: FixedPointDeterminism.SinOddFunction
 98/703 Test  #98: FixedPointDeterminism.SinOddFunction .........................................................................   Passed    0.00 sec
        Start  99: FixedPointDeterminism.CosEvenFunction
 99/703 Test  #99: FixedPointDeterminism.CosEvenFunction ........................................................................   Passed    0.00 sec
        Start 100: FixedPointDeterminism.SqrtMultiplicative
100/703 Test #100: FixedPointDeterminism.SqrtMultiplicative .....................................................................   Passed    0.00 sec
        Start 101: FixedPointDeterminism.ConstexprConstruction
101/703 Test #101: FixedPointDeterminism.ConstexprConstruction ..................................................................   Passed    0.00 sec
        Start 102: FixedPointDeterminism.ConstexprTrig
102/703 Test #102: FixedPointDeterminism.ConstexprTrig ..........................................................................   Passed    0.00 sec
        Start 103: ClientStateTest.SaveAndRetrieve
103/703 Test #103: ClientStateTest.SaveAndRetrieve ..............................................................................   Passed    0.00 sec
        Start 104: ClientStateTest.MultipleSnapshots
104/703 Test #104: ClientStateTest.MultipleSnapshots ............................................................................   Passed    0.00 sec
        Start 105: ClientStateTest.GetSnapshotNotFound
105/703 Test #105: ClientStateTest.GetSnapshotNotFound ..........................................................................   Passed    0.00 sec
        Start 106: ClientStateTest.Eviction
106/703 Test #106: ClientStateTest.Eviction .....................................................................................   Passed    0.00 sec
        Start 107: ClientStateTest.RollbackRestoresState
107/703 Test #107: ClientStateTest.RollbackRestoresState ........................................................................   Passed    0.00 sec
        Start 108: ClientStateTest.RollbackNotFound
108/703 Test #108: ClientStateTest.RollbackNotFound .............................................................................   Passed    0.00 sec
        Start 109: ClientStateTest.RestoreSnapshotWithoutStep
109/703 Test #109: ClientStateTest.RestoreSnapshotWithoutStep ...................................................................   Passed    0.00 sec
        Start 110: ClientStateTest.StateHashMatch
110/703 Test #110: ClientStateTest.StateHashMatch ...............................................................................   Passed    0.00 sec
        Start 111: ClientStateTest.StateHashMismatch
111/703 Test #111: ClientStateTest.StateHashMismatch ............................................................................   Passed    0.00 sec
        Start 112: ClientStateTest.StateHashUnknown
112/703 Test #112: ClientStateTest.StateHashUnknown .............................................................................   Passed    0.00 sec
        Start 113: ClientStateTest.FullPredictionRollbackCycle
113/703 Test #113: ClientStateTest.FullPredictionRollbackCycle ..................................................................   Passed    0.00 sec
        Start 114: ClientStateTest.ClearResetsEverything
114/703 Test #114: ClientStateTest.ClearResetsEverything ........................................................................   Passed    0.00 sec
        Start 115: ClientStateTest.CatchupWhenBehind
115/703 Test #115: ClientStateTest.CatchupWhenBehind ............................................................................   Passed    0.00 sec
        Start 116: ClientStateTest.CatchupCappedAtMax
116/703 Test #116: ClientStateTest.CatchupCappedAtMax ...........................................................................   Passed    0.00 sec
        Start 117: ClientStateTest.NoCatchupWhenSynced
117/703 Test #117: ClientStateTest.NoCatchupWhenSynced ..........................................................................   Passed    0.00 sec
        Start 118: ClientStateTest.WaitWhenAhead
118/703 Test #118: ClientStateTest.WaitWhenAhead ................................................................................   Passed    0.00 sec
        Start 119: ClientStateTest.FramesBehindCalculation
119/703 Test #119: ClientStateTest.FramesBehindCalculation ......................................................................   Passed    0.00 sec
        Start 120: ClientStateTest.JitterTracking
120/703 Test #120: ClientStateTest.JitterTracking ...............................................................................   Passed    0.00 sec
        Start 121: ClientStateTest.JitterHigh
121/703 Test #121: ClientStateTest.JitterHigh ...................................................................................   Passed    0.00 sec
        Start 122: ClientStateTest.JitterResetsOnClear
122/703 Test #122: ClientStateTest.JitterResetsOnClear ..........................................................................   Passed    0.00 sec
        Start 123: PlayerPhysicsTest.DefaultValues
123/703 Test #123: PlayerPhysicsTest.DefaultValues ..............................................................................   Passed    0.00 sec
        Start 124: PlayerPhysicsTest.AddGetComponent
124/703 Test #124: PlayerPhysicsTest.AddGetComponent ............................................................................   Passed    0.00 sec
        Start 125: PlayerPhysicsTest.OverwriteComponent
125/703 Test #125: PlayerPhysicsTest.OverwriteComponent .........................................................................   Passed    0.00 sec
        Start 126: PlayerPhysicsTest.ForEachFiltersCorrectly
126/703 Test #126: PlayerPhysicsTest.ForEachFiltersCorrectly ....................................................................   Passed    0.00 sec
        Start 127: PlayerPhysicsTest.ForEachDeterministicOrder
127/703 Test #127: PlayerPhysicsTest.ForEachDeterministicOrder ..................................................................   Passed    0.00 sec
        Start 128: PlayerPhysicsTest.MultipleComponentsOnSameEntity
128/703 Test #128: PlayerPhysicsTest.MultipleComponentsOnSameEntity .............................................................   Passed    0.00 sec
        Start 129: PlayerPhysicsTest.ForEachTwoComponents
129/703 Test #129: PlayerPhysicsTest.ForEachTwoComponents .......................................................................   Passed    0.00 sec
        Start 130: PlayerPhysicsTest.RemoveComponent
130/703 Test #130: PlayerPhysicsTest.RemoveComponent ............................................................................   Passed    0.00 sec
        Start 131: PlayerPhysicsTest.DestroyEntityRemovesAll
131/703 Test #131: PlayerPhysicsTest.DestroyEntityRemovesAll ....................................................................   Passed    0.00 sec
        Start 132: PlayerPhysicsTest.ClearRemovesAll
132/703 Test #132: PlayerPhysicsTest.ClearRemovesAll ............................................................................   Passed    0.00 sec
        Start 133: PlayerPhysicsTest.BidirectionalSyncPattern
133/703 Test #133: PlayerPhysicsTest.BidirectionalSyncPattern ...................................................................   Passed    0.00 sec
        Start 134: TacticsComponentTest.DefaultValues
134/703 Test #134: TacticsComponentTest.DefaultValues ...........................................................................   Passed    0.00 sec
        Start 135: TacticsComponentTest.AddGetComponent
135/703 Test #135: TacticsComponentTest.AddGetComponent .........................................................................   Passed    0.00 sec
        Start 136: TacticsComponentTest.RoundTripOopToEcsToOop
136/703 Test #136: TacticsComponentTest.RoundTripOopToEcsToOop ..................................................................   Passed    0.00 sec
        Start 137: BallComponentTest.AddGetComponent
137/703 Test #137: BallComponentTest.AddGetComponent ............................................................................   Passed    0.00 sec
        Start 138: BallComponentTest.RoundTripOopToEcsToOop
138/703 Test #138: BallComponentTest.RoundTripOopToEcsToOop .....................................................................   Passed    0.00 sec
        Start 139: BallComponentTest.OverwriteComponent
139/703 Test #139: BallComponentTest.OverwriteComponent .........................................................................   Passed    0.00 sec
        Start 140: BallComponentTest.ForEachDeterministicOrder
140/703 Test #140: BallComponentTest.ForEachDeterministicOrder ..................................................................   Passed    0.00 sec
        Start 141: WorldSerializerTest.SerializeEmptyWorld
141/703 Test #141: WorldSerializerTest.SerializeEmptyWorld ......................................................................   Passed    0.00 sec
        Start 142: WorldSerializerTest.SerializeDeserializeRoundTrip
142/703 Test #142: WorldSerializerTest.SerializeDeserializeRoundTrip ............................................................   Passed    0.00 sec
        Start 143: WorldSerializerTest.PreserveComponentData
143/703 Test #143: WorldSerializerTest.PreserveComponentData ....................................................................   Passed    0.00 sec
        Start 144: WorldSerializerTest.MultipleComponentTypes
144/703 Test #144: WorldSerializerTest.MultipleComponentTypes ...................................................................   Passed    0.00 sec
        Start 145: WorldSerializerTest.DeterministicEntityOrder
145/703 Test #145: WorldSerializerTest.DeterministicEntityOrder .................................................................   Passed    0.00 sec
        Start 146: SystemGraphTest.EmptyGraph
146/703 Test #146: SystemGraphTest.EmptyGraph ...................................................................................   Passed    0.00 sec
        Start 147: SystemGraphTest.SingleSystem
147/703 Test #147: SystemGraphTest.SingleSystem .................................................................................   Passed    0.00 sec
        Start 148: SystemGraphTest.LinearDependency
148/703 Test #148: SystemGraphTest.LinearDependency .............................................................................   Passed    0.00 sec
        Start 149: SystemGraphTest.DiamondDependency
149/703 Test #149: SystemGraphTest.DiamondDependency ............................................................................   Passed    0.00 sec
        Start 150: SystemGraphTest.CycleDetection
150/703 Test #150: SystemGraphTest.CycleDetection ...............................................................................   Passed    0.00 sec
        Start 151: SystemGraphTest.EarlyAbort
151/703 Test #151: SystemGraphTest.EarlyAbort ...................................................................................   Passed    0.00 sec
        Start 152: SystemGraphTest.ContextPassing
152/703 Test #152: SystemGraphTest.ContextPassing ...............................................................................   Passed    0.00 sec
        Start 153: SystemGraphTest.ClearResetsState
153/703 Test #153: SystemGraphTest.ClearResetsState .............................................................................   Passed    0.00 sec
        Start 154: SystemGraphTest.IndependentSystems
154/703 Test #154: SystemGraphTest.IndependentSystems ...........................................................................   Passed    0.00 sec
        Start 155: ECSBenchmarkTest.PositionUpdate
155/703 Test #155: ECSBenchmarkTest.PositionUpdate ..............................................................................   Passed    0.02 sec
        Start 156: ECSBenchmarkTest.ConditionalQuery
156/703 Test #156: ECSBenchmarkTest.ConditionalQuery ............................................................................   Passed    0.01 sec
        Start 157: ECSBenchmarkTest.DualComponentQuery
157/703 Test #157: ECSBenchmarkTest.DualComponentQuery ..........................................................................   Passed    0.02 sec
        Start 158: ECSBenchmarkTest.RandomAccess
158/703 Test #158: ECSBenchmarkTest.RandomAccess ................................................................................   Passed    0.02 sec
        Start 159: ECSBenchmarkTest.DeterministicTraversalOrder
159/703 Test #159: ECSBenchmarkTest.DeterministicTraversalOrder .................................................................   Passed    0.02 sec
        Start 160: ECSBenchmarkTest.MemoryLocality
160/703 Test #160: ECSBenchmarkTest.MemoryLocality ..............................................................................   Passed    0.02 sec
        Start 161: EngineCallbacksTest.DefaultCallbacksAreEmpty
161/703 Test #161: EngineCallbacksTest.DefaultCallbacksAreEmpty .................................................................   Passed    0.00 sec
        Start 162: EngineCallbacksTest.WiringToMockEngine
162/703 Test #162: EngineCallbacksTest.WiringToMockEngine .......................................................................   Passed    0.00 sec
        Start 163: Fnv1aHashTest.Deterministic
163/703 Test #163: Fnv1aHashTest.Deterministic ..................................................................................   Passed    0.00 sec
        Start 164: Fnv1aHashTest.DifferentInputsDifferentHashes
164/703 Test #164: Fnv1aHashTest.DifferentInputsDifferentHashes .................................................................   Passed    0.00 sec
        Start 165: Fnv1aHashTest.EmptyString
165/703 Test #165: Fnv1aHashTest.EmptyString ....................................................................................   Passed    0.00 sec
        Start 166: MultiplayerConfigTest.DefaultValues
166/703 Test #166: MultiplayerConfigTest.DefaultValues ..........................................................................   Passed    0.00 sec
        Start 167: ClientStateEngineIntegrationTest.PredictAndRollback
167/703 Test #167: ClientStateEngineIntegrationTest.PredictAndRollback ..........................................................   Passed    0.00 sec
        Start 168: ClientStateEngineIntegrationTest.HashVerification
168/703 Test #168: ClientStateEngineIntegrationTest.HashVerification ............................................................   Passed    0.00 sec
        Start 169: EndToEndTest.AuthoritativeFrameRoundTrip
169/703 Test #169: EndToEndTest.AuthoritativeFrameRoundTrip .....................................................................   Passed    0.00 sec
        Start 170: StateHashTest.PackUnpackRoundTrip
170/703 Test #170: StateHashTest.PackUnpackRoundTrip ............................................................................   Passed    0.00 sec
        Start 171: MultiSlotTest.PackUnpackFrameInput
171/703 Test #171: MultiSlotTest.PackUnpackFrameInput ...........................................................................   Passed    0.00 sec
        Start 172: FullLoopTest.ClientServerSyncWithoutRollback
172/703 Test #172: FullLoopTest.ClientServerSyncWithoutRollback .................................................................   Passed    0.00 sec
        Start 173: FullLoopTest.ClientServerSyncWithRollback
173/703 Test #173: FullLoopTest.ClientServerSyncWithRollback ....................................................................   Passed    0.00 sec
        Start 174: FullLoopTest.StateHashVerificationAcrossFrames
174/703 Test #174: FullLoopTest.StateHashVerificationAcrossFrames ...............................................................   Passed    0.00 sec
        Start 175: FullLoopTest.MultiSlotClientServerSync
175/703 Test #175: FullLoopTest.MultiSlotClientServerSync .......................................................................   Passed    0.00 sec
        Start 176: JitterStatsTest.InitialState
176/703 Test #176: JitterStatsTest.InitialState .................................................................................   Passed    0.00 sec
        Start 177: JitterStatsTest.RecordArrival
177/703 Test #177: JitterStatsTest.RecordArrival ................................................................................   Passed    0.00 sec
        Start 178: JitterStatsTest.LossRate
178/703 Test #178: JitterStatsTest.LossRate .....................................................................................   Passed    0.00 sec
        Start 179: JitterStatsTest.RTTTracking
179/703 Test #179: JitterStatsTest.RTTTracking ..................................................................................   Passed    0.00 sec
        Start 180: JitterStatsTest.RecommendedBufferSize
180/703 Test #180: JitterStatsTest.RecommendedBufferSize ........................................................................   Passed    0.00 sec
        Start 181: DeltaSlotInputTest.NoChange
181/703 Test #181: DeltaSlotInputTest.NoChange ..................................................................................   Passed    0.00 sec
        Start 182: DeltaSlotInputTest.AllFieldsChanged
182/703 Test #182: DeltaSlotInputTest.AllFieldsChanged ..........................................................................   Passed    0.00 sec
        Start 183: DeltaSlotInputTest.PartialChange
183/703 Test #183: DeltaSlotInputTest.PartialChange .............................................................................   Passed    0.00 sec
        Start 184: DeltaSlotInputTest.CompressionRatio
184/703 Test #184: DeltaSlotInputTest.CompressionRatio ..........................................................................   Passed    0.00 sec
        Start 185: DeltaEncoderTest.EncodeDecode
185/703 Test #185: DeltaEncoderTest.EncodeDecode ................................................................................   Passed    0.00 sec
        Start 186: DeltaEncoderTest.MultiFrameCompression
186/703 Test #186: DeltaEncoderTest.MultiFrameCompression .......................................................................   Passed    0.00 sec
        Start 187: PerformanceBenchmark.AuthoritativeFrameEncodeDecode
187/703 Test #187: PerformanceBenchmark.AuthoritativeFrameEncodeDecode ..........................................................   Passed    0.01 sec
        Start 188: PerformanceBenchmark.ClientFrameInputEncodeDecode
188/703 Test #188: PerformanceBenchmark.ClientFrameInputEncodeDecode ............................................................   Passed    0.00 sec
        Start 189: PerformanceBenchmark.DeltaCompressionThroughput
189/703 Test #189: PerformanceBenchmark.DeltaCompressionThroughput ..............................................................   Passed    0.05 sec
        Start 190: PerformanceBenchmark.ClientStateSnapshotThroughput
190/703 Test #190: PerformanceBenchmark.ClientStateSnapshotThroughput ...........................................................   Passed    0.03 sec
        Start 191: PerformanceBenchmark.ClientStateRollbackPerformance
191/703 Test #191: PerformanceBenchmark.ClientStateRollbackPerformance ..........................................................   Passed    0.01 sec
        Start 192: PerformanceBenchmark.Fnv1aHashThroughput
192/703 Test #192: PerformanceBenchmark.Fnv1aHashThroughput .....................................................................   Passed    0.95 sec
        Start 193: PerformanceBenchmark.JitterStatsUpdateThroughput
193/703 Test #193: PerformanceBenchmark.JitterStatsUpdateThroughput .............................................................   Passed    0.08 sec
        Start 194: PerformanceBenchmark.SlotInputMemcpyThroughput
194/703 Test #194: PerformanceBenchmark.SlotInputMemcpyThroughput ...............................................................   Passed    0.01 sec
        Start 195: PerformanceBenchmark.StateHashPackUnpackThroughput
195/703 Test #195: PerformanceBenchmark.StateHashPackUnpackThroughput ...........................................................   Passed    0.00 sec
        Start 196: UXOptimizerTest.InitialState
196/703 Test #196: UXOptimizerTest.InitialState .................................................................................   Passed    0.00 sec
        Start 197: UXOptimizerTest.RecordInputLatency
197/703 Test #197: UXOptimizerTest.RecordInputLatency ...........................................................................   Passed    0.00 sec
        Start 198: UXOptimizerTest.RecordFrameTime
198/703 Test #198: UXOptimizerTest.RecordFrameTime ..............................................................................   Passed    0.00 sec
        Start 199: UXOptimizerTest.NetworkQuality
199/703 Test #199: UXOptimizerTest.NetworkQuality ...............................................................................   Passed    0.00 sec
        Start 200: UXOptimizerTest.PredictionAccuracy
200/703 Test #200: UXOptimizerTest.PredictionAccuracy ...........................................................................   Passed    0.00 sec
        Start 201: UXOptimizerTest.RollbackCount
201/703 Test #201: UXOptimizerTest.RollbackCount ................................................................................   Passed    0.00 sec
        Start 202: UXOptimizerTest.Reset
202/703 Test #202: UXOptimizerTest.Reset ........................................................................................   Passed    0.00 sec
        Start 203: UXOptimizerTest.QualityRecommendation
203/703 Test #203: UXOptimizerTest.QualityRecommendation ........................................................................   Passed    0.00 sec
        Start 204: InputLatencyTrackerTest.BasicTracking
204/703 Test #204: InputLatencyTrackerTest.BasicTracking ........................................................................   Passed    0.00 sec
        Start 205: InputLatencyTrackerTest.P95Latency
205/703 Test #205: InputLatencyTrackerTest.P95Latency ...........................................................................   Passed    0.00 sec
        Start 206: InputLatencyTrackerTest.Cleanup
206/703 Test #206: InputLatencyTrackerTest.Cleanup ..............................................................................   Passed    0.00 sec
        Start 207: Vec3Test.DefaultConstruction
207/703 Test #207: Vec3Test.DefaultConstruction .................................................................................   Passed    0.00 sec
        Start 208: Vec3Test.ParameterizedConstruction
208/703 Test #208: Vec3Test.ParameterizedConstruction ...........................................................................   Passed    0.00 sec
        Start 209: Vec3Test.Addition
209/703 Test #209: Vec3Test.Addition ............................................................................................   Passed    0.00 sec
        Start 210: Vec3Test.Subtraction
210/703 Test #210: Vec3Test.Subtraction .........................................................................................   Passed    0.00 sec
        Start 211: Vec3Test.ScalarMultiply
211/703 Test #211: Vec3Test.ScalarMultiply ......................................................................................   Passed    0.00 sec
        Start 212: Vec3Test.Length
212/703 Test #212: Vec3Test.Length ..............................................................................................   Passed    0.00 sec
        Start 213: Vec3Test.LengthSquared
213/703 Test #213: Vec3Test.LengthSquared .......................................................................................   Passed    0.00 sec
        Start 214: Vec3Test.Normalized
214/703 Test #214: Vec3Test.Normalized ..........................................................................................   Passed    0.00 sec
        Start 215: Vec3Test.NormalizedZeroVector
215/703 Test #215: Vec3Test.NormalizedZeroVector ................................................................................   Passed    0.00 sec
        Start 216: QuatTest.DefaultConstruction
216/703 Test #216: QuatTest.DefaultConstruction .................................................................................   Passed    0.00 sec
        Start 217: QuatTest.ParameterizedConstruction
217/703 Test #217: QuatTest.ParameterizedConstruction ...........................................................................   Passed    0.00 sec
        Start 218: QuatTest.Normalized
218/703 Test #218: QuatTest.Normalized ..........................................................................................   Passed    0.00 sec
        Start 219: QuatTest.SlerpIdentity
219/703 Test #219: QuatTest.SlerpIdentity .......................................................................................   Passed    0.00 sec
        Start 220: QuatTest.SlerpHalfway
220/703 Test #220: QuatTest.SlerpHalfway ........................................................................................   Passed    0.00 sec
        Start 221: QuatTest.SlerpShortestPath
221/703 Test #221: QuatTest.SlerpShortestPath ...................................................................................   Passed    0.00 sec
        Start 222: InterpolatorTest.InitialState
222/703 Test #222: InterpolatorTest.InitialState ................................................................................   Passed    0.00 sec
        Start 223: InterpolatorTest.SaveState
223/703 Test #223: InterpolatorTest.SaveState ...................................................................................   Passed    0.00 sec
        Start 224: InterpolatorTest.InterpolateSingleFrame
224/703 Test #224: InterpolatorTest.InterpolateSingleFrame ......................................................................   Passed    0.00 sec
        Start 225: InterpolatorTest.InterpolateBetweenFrames
225/703 Test #225: InterpolatorTest.InterpolateBetweenFrames ....................................................................   Passed    0.00 sec
        Start 226: InterpolatorTest.InterpolateAtFrameBoundary
226/703 Test #226: InterpolatorTest.InterpolateAtFrameBoundary ..................................................................   Passed    0.00 sec
        Start 227: InterpolatorTest.InterpolateBeforeFrame
227/703 Test #227: InterpolatorTest.InterpolateBeforeFrame ......................................................................   Passed    0.00 sec
        Start 228: InterpolatorTest.MultipleEntities
228/703 Test #228: InterpolatorTest.MultipleEntities ............................................................................   Passed    0.00 sec
        Start 229: InterpolatorTest.EntityNotFound
229/703 Test #229: InterpolatorTest.EntityNotFound ..............................................................................   Passed    0.00 sec
        Start 230: ProtocolIOTest.PackUnpackSessionStart
230/703 Test #230: ProtocolIOTest.PackUnpackSessionStart ........................................................................   Passed    0.00 sec
        Start 231: ProtocolIOTest.PackUnpackSlotAssignment
231/703 Test #231: ProtocolIOTest.PackUnpackSlotAssignment ......................................................................   Passed    0.00 sec
        Start 232: ProtocolIOTest.PackUnpackAuthoritativeFrame
232/703 Test #232: ProtocolIOTest.PackUnpackAuthoritativeFrame ..................................................................   Passed    0.00 sec
        Start 233: ProtocolIOTest.PackUnpackClientFrameInput
233/703 Test #233: ProtocolIOTest.PackUnpackClientFrameInput ....................................................................   Passed    0.00 sec
        Start 234: ProtocolIOTest.PackReady
234/703 Test #234: ProtocolIOTest.PackReady .....................................................................................   Passed    0.00 sec
        Start 235: ProtocolIOTest.PackUnpackStateHash
235/703 Test #235: ProtocolIOTest.PackUnpackStateHash ...........................................................................   Passed    0.00 sec
        Start 236: ProtocolIOTest.PackUnpackHeartbeat
236/703 Test #236: ProtocolIOTest.PackUnpackHeartbeat ...........................................................................   Passed    0.00 sec
        Start 237: ProtocolIOTest.PackUnpackVersionNegotiate
237/703 Test #237: ProtocolIOTest.PackUnpackVersionNegotiate ....................................................................   Passed    0.00 sec
        Start 238: DeltaSlotInputTest.ConstexprCompute
238/703 Test #238: DeltaSlotInputTest.ConstexprCompute ..........................................................................   Passed    0.00 sec
        Start 239: DeltaSlotInputTest.PackedSizeTable
239/703 Test #239: DeltaSlotInputTest.PackedSizeTable ...........................................................................   Passed    0.00 sec
        Start 240: DeltaSlotInputTest.BytesSaved
240/703 Test #240: DeltaSlotInputTest.BytesSaved ................................................................................   Passed    0.00 sec
        Start 241: DeterministicPRNGTest.BasicGeneration
241/703 Test #241: DeterministicPRNGTest.BasicGeneration ........................................................................   Passed    0.00 sec
        Start 242: DeterministicPRNGTest.Determinism
242/703 Test #242: DeterministicPRNGTest.Determinism ............................................................................   Passed    0.00 sec
        Start 243: DeterministicPRNGTest.DifferentSeeds
243/703 Test #243: DeterministicPRNGTest.DifferentSeeds .........................................................................   Passed    0.00 sec
        Start 244: DeterministicPRNGTest.Uint32Generation
244/703 Test #244: DeterministicPRNGTest.Uint32Generation .......................................................................   Passed    0.00 sec
        Start 245: DeterministicPRNGTest.FloatRange
245/703 Test #245: DeterministicPRNGTest.FloatRange .............................................................................   Passed    0.00 sec
        Start 246: DeterministicPRNGTest.DoubleRange
246/703 Test #246: DeterministicPRNGTest.DoubleRange ............................................................................   Passed    0.00 sec
        Start 247: DeterministicPRNGTest.RangeInt
247/703 Test #247: DeterministicPRNGTest.RangeInt ...............................................................................   Passed    0.00 sec
        Start 248: DeterministicPRNGTest.RangeSame
248/703 Test #248: DeterministicPRNGTest.RangeSame ..............................................................................   Passed    0.00 sec
        Start 249: DeterministicPRNGTest.RangeFloat
249/703 Test #249: DeterministicPRNGTest.RangeFloat .............................................................................   Passed    0.00 sec
        Start 250: DeterministicPRNGTest.Skip
250/703 Test #250: DeterministicPRNGTest.Skip ...................................................................................   Passed    0.00 sec
        Start 251: DeterministicPRNGTest.StateSerialization
251/703 Test #251: DeterministicPRNGTest.StateSerialization .....................................................................   Passed    0.00 sec
        Start 252: DeterministicPRNGTest.Distribution
252/703 Test #252: DeterministicPRNGTest.Distribution ...........................................................................   Passed    0.00 sec
        Start 253: DeterministicPRNGTest.ZeroSeed
253/703 Test #253: DeterministicPRNGTest.ZeroSeed ...............................................................................   Passed    0.00 sec
        Start 254: DeterministicPRNGTest.LargeSeed
254/703 Test #254: DeterministicPRNGTest.LargeSeed ..............................................................................   Passed    0.00 sec
        Start 255: DeterministicPRNGTest.CrossPlatformDeterminism
255/703 Test #255: DeterministicPRNGTest.CrossPlatformDeterminism ...............................................................   Passed    0.00 sec
        Start 256: PRNGRegression.FullIntegerRangeKeepsSequenceAndBounds
256/703 Test #256: PRNGRegression.FullIntegerRangeKeepsSequenceAndBounds ........................................................   Passed    0.00 sec
        Start 257: InterpolatorTest.BasicInterpolation
257/703 Test #257: InterpolatorTest.BasicInterpolation ..........................................................................   Passed    0.00 sec
        Start 258: InterpolatorTest.BasicExtrapolation
258/703 Test #258: InterpolatorTest.BasicExtrapolation ..........................................................................   Passed    0.00 sec
        Start 259: InterpolatorTest.ExtrapolationBoundsMaxDistance
259/703 Test #259: InterpolatorTest.ExtrapolationBoundsMaxDistance ..............................................................   Passed    0.00 sec
        Start 260: InterpolatorTest.ExtrapolationBoundsMaxSpeed
260/703 Test #260: InterpolatorTest.ExtrapolationBoundsMaxSpeed .................................................................   Passed    0.00 sec
        Start 261: InterpolatorTest.ExtrapolationBoundsMaxTime
261/703 Test #261: InterpolatorTest.ExtrapolationBoundsMaxTime ..................................................................   Passed    0.00 sec
        Start 262: InterpolatorTest.ExtrapolationNotNeeded
262/703 Test #262: InterpolatorTest.ExtrapolationNotNeeded ......................................................................   Passed    0.00 sec
        Start 263: InterpolatorTest.NeedsExtrapolation
263/703 Test #263: InterpolatorTest.NeedsExtrapolation ..........................................................................   Passed    0.00 sec
        Start 264: InterpolatorTest.ExtrapolationZeroVelocity
264/703 Test #264: InterpolatorTest.ExtrapolationZeroVelocity ...................................................................   Passed    0.00 sec
        Start 265: InterpolatorTest.ExtrapolationMultipleEntities
265/703 Test #265: InterpolatorTest.ExtrapolationMultipleEntities ...............................................................   Passed    0.00 sec
        Start 266: InterpolatorTest.ExtrapolationSingleFrame
266/703 Test #266: InterpolatorTest.ExtrapolationSingleFrame ....................................................................   Passed    0.00 sec
        Start 267: InterpolatorTest.ExtrapolationTimestamp
267/703 Test #267: InterpolatorTest.ExtrapolationTimestamp ......................................................................   Passed    0.00 sec
        Start 268: StateDeltaCodecTest.BasicRoundtrip
268/703 Test #268: StateDeltaCodecTest.BasicRoundtrip ...........................................................................   Passed    0.00 sec
        Start 269: StateDeltaCodecTest.IdenticalFrames
269/703 Test #269: StateDeltaCodecTest.IdenticalFrames ..........................................................................   Passed    0.00 sec
        Start 270: StateDeltaCodecTest.ManyChanges
270/703 Test #270: StateDeltaCodecTest.ManyChanges ..............................................................................   Passed    0.00 sec
        Start 271: StateDeltaCodecTest.NoBaseline
271/703 Test #271: StateDeltaCodecTest.NoBaseline ...............................................................................   Passed    0.00 sec
        Start 272: StateDeltaCodecTest.DecodeWithNewCodec
272/703 Test #272: StateDeltaCodecTest.DecodeWithNewCodec .......................................................................   Passed    0.00 sec
        Start 273: StateDeltaCodecTest.MultipleFrames
273/703 Test #273: StateDeltaCodecTest.MultipleFrames ...........................................................................   Passed    0.00 sec
        Start 274: StateDeltaCodecTest.CompressionRatioSparse
274/703 Test #274: StateDeltaCodecTest.CompressionRatioSparse ...................................................................   Passed    0.00 sec
        Start 275: StateDeltaCodecTest.CompressionRatioDense
275/703 Test #275: StateDeltaCodecTest.CompressionRatioDense ....................................................................   Passed    0.00 sec
        Start 276: StateDeltaCodecTest.Reset
276/703 Test #276: StateDeltaCodecTest.Reset ....................................................................................   Passed    0.00 sec
        Start 277: StateDeltaCodecTest.RawBytesInterface
277/703 Test #277: StateDeltaCodecTest.RawBytesInterface ........................................................................   Passed    0.00 sec
        Start 278: StateDeltaCodecTest.EmptyState
278/703 Test #278: StateDeltaCodecTest.EmptyState ...............................................................................   Passed    0.00 sec
        Start 279: StateDeltaCodecTest.RLECompression
279/703 Test #279: StateDeltaCodecTest.RLECompression ...........................................................................   Passed    0.00 sec
        Start 280: StateDeltaCodecTest.RLEMixedPattern
280/703 Test #280: StateDeltaCodecTest.RLEMixedPattern ..........................................................................   Passed    0.00 sec
        Start 281: StateDeltaCodecTest.SizeMismatch
281/703 Test #281: StateDeltaCodecTest.SizeMismatch .............................................................................   Passed    0.00 sec
        Start 282: PredictionAccuracyTrackerTest.BasicTracking
282/703 Test #282: PredictionAccuracyTrackerTest.BasicTracking ..................................................................   Passed    0.00 sec
        Start 283: PredictionAccuracyTrackerTest.NoPrediction
283/703 Test #283: PredictionAccuracyTrackerTest.NoPrediction ...................................................................   Passed    0.00 sec
        Start 284: PredictionAccuracyTrackerTest.RecentAccuracy
284/703 Test #284: PredictionAccuracyTrackerTest.RecentAccuracy .................................................................   Passed    0.00 sec
        Start 285: PredictionAccuracyTrackerTest.AccuracyTrend
285/703 Test #285: PredictionAccuracyTrackerTest.AccuracyTrend ..................................................................   Passed    0.00 sec
        Start 286: PredictionAccuracyTrackerTest.DegradingTrend
286/703 Test #286: PredictionAccuracyTrackerTest.DegradingTrend .................................................................   Passed    0.00 sec
        Start 287: PredictionAccuracyTrackerTest.PendingPredictions
287/703 Test #287: PredictionAccuracyTrackerTest.PendingPredictions .............................................................   Passed    0.00 sec
        Start 288: PredictionAccuracyTrackerTest.RecentMismatches
288/703 Test #288: PredictionAccuracyTrackerTest.RecentMismatches ...............................................................   Passed    0.00 sec
        Start 289: PredictionAccuracyTrackerTest.Cleanup
289/703 Test #289: PredictionAccuracyTrackerTest.Cleanup ........................................................................   Passed    0.00 sec
        Start 290: PredictionAccuracyTrackerTest.Reset
290/703 Test #290: PredictionAccuracyTrackerTest.Reset ..........................................................................   Passed    0.00 sec
        Start 291: PredictionAccuracyTrackerTest.PerfectAccuracy
291/703 Test #291: PredictionAccuracyTrackerTest.PerfectAccuracy ................................................................   Passed    0.00 sec
        Start 292: PredictionAccuracyTrackerTest.ZeroAccuracy
292/703 Test #292: PredictionAccuracyTrackerTest.ZeroAccuracy ...................................................................   Passed    0.00 sec
        Start 293: AdaptivePredictionCapTest.DefaultValues
293/703 Test #293: AdaptivePredictionCapTest.DefaultValues ......................................................................   Passed    0.00 sec
        Start 294: AdaptivePredictionCapTest.RTTScaling
294/703 Test #294: AdaptivePredictionCapTest.RTTScaling .........................................................................   Passed    0.00 sec
        Start 295: AdaptivePredictionCapTest.PacketLossAdjustment
295/703 Test #295: AdaptivePredictionCapTest.PacketLossAdjustment ...............................................................   Passed    0.00 sec
        Start 296: AdaptivePredictionCapTest.AccuracyAdjustment
296/703 Test #296: AdaptivePredictionCapTest.AccuracyAdjustment .................................................................   Passed    0.00 sec
        Start 297: AdaptivePredictionCapTest.FrameStabilityAdjustment
297/703 Test #297: AdaptivePredictionCapTest.FrameStabilityAdjustment ...........................................................   Passed    0.00 sec
        Start 298: AdaptivePredictionCapTest.Clamping
298/703 Test #298: AdaptivePredictionCapTest.Clamping ...........................................................................   Passed    0.00 sec
        Start 299: AdaptivePredictionCapTest.CapSummary
299/703 Test #299: AdaptivePredictionCapTest.CapSummary .........................................................................   Passed    0.00 sec
        Start 300: AdaptivePredictionCapTest.RecommendedBounds
300/703 Test #300: AdaptivePredictionCapTest.RecommendedBounds ..................................................................   Passed    0.00 sec
        Start 301: AdaptivePredictionCapTest.Reset
301/703 Test #301: AdaptivePredictionCapTest.Reset ..............................................................................   Passed    0.00 sec
        Start 302: AdaptivePredictionCapTest.CombinedConditions
302/703 Test #302: AdaptivePredictionCapTest.CombinedConditions .................................................................   Passed    0.00 sec
        Start 303: ReplaySystemTest.BasicRecording
303/703 Test #303: ReplaySystemTest.BasicRecording ..............................................................................   Passed    0.00 sec
        Start 304: ReplaySystemTest.SerializationRoundtrip
304/703 Test #304: ReplaySystemTest.SerializationRoundtrip ......................................................................   Passed    0.00 sec
        Start 305: ReplaySystemTest.Playback
305/703 Test #305: ReplaySystemTest.Playback ....................................................................................   Passed    0.00 sec
        Start 306: ReplaySystemTest.Seeking
306/703 Test #306: ReplaySystemTest.Seeking .....................................................................................   Passed    0.00 sec
        Start 307: ReplaySystemTest.FrameAtIndex
307/703 Test #307: ReplaySystemTest.FrameAtIndex ................................................................................   Passed    0.00 sec
        Start 308: ReplaySystemTest.PauseResume
308/703 Test #308: ReplaySystemTest.PauseResume .................................................................................   Passed    0.00 sec
        Start 309: ReplaySystemTest.Reset
309/703 Test #309: ReplaySystemTest.Reset .......................................................................................   Passed    0.00 sec
        Start 310: ReplaySystemTest.EmptyReplay
310/703 Test #310: ReplaySystemTest.EmptyReplay .................................................................................   Passed    0.00 sec
        Start 311: ReplaySystemTest.Metadata
311/703 Test #311: ReplaySystemTest.Metadata ....................................................................................   Passed    0.00 sec
        Start 312: AdaptiveJitterBufferTest.DefaultValues
312/703 Test #312: AdaptiveJitterBufferTest.DefaultValues .......................................................................   Passed    0.00 sec
        Start 313: AdaptiveJitterBufferTest.JitterScaling
313/703 Test #313: AdaptiveJitterBufferTest.JitterScaling .......................................................................   Passed    0.00 sec
        Start 314: AdaptiveJitterBufferTest.RTTAdjustment
314/703 Test #314: AdaptiveJitterBufferTest.RTTAdjustment .......................................................................   Passed    0.00 sec
        Start 315: AdaptiveJitterBufferTest.FrameArrival
315/703 Test #315: AdaptiveJitterBufferTest.FrameArrival ........................................................................   Passed    0.00 sec
        Start 316: AdaptiveJitterBufferTest.GapDetection
316/703 Test #316: AdaptiveJitterBufferTest.GapDetection ........................................................................   Passed    0.00 sec
        Start 317: AdaptiveJitterBufferTest.FrameDrop
317/703 Test #317: AdaptiveJitterBufferTest.FrameDrop ...........................................................................   Passed    0.00 sec
        Start 318: AdaptiveJitterBufferTest.BufferStatus
318/703 Test #318: AdaptiveJitterBufferTest.BufferStatus ........................................................................   Passed    0.00 sec
        Start 319: AdaptiveJitterBufferTest.Reset
319/703 Test #319: AdaptiveJitterBufferTest.Reset ...............................................................................   Passed    0.00 sec
        Start 320: AdaptiveJitterBufferTest.Smoothing
320/703 Test #320: AdaptiveJitterBufferTest.Smoothing ...........................................................................   Passed    0.00 sec
        Start 321: AdaptiveJitterBufferTest.Clamping
321/703 Test #321: AdaptiveJitterBufferTest.Clamping ............................................................................   Passed    0.00 sec
        Start 322: InterpolationExtrapolationTest.InterpolationWorks
322/703 Test #322: InterpolationExtrapolationTest.InterpolationWorks ............................................................   Passed    0.00 sec
        Start 323: InterpolationExtrapolationTest.ExtrapolationWorks
323/703 Test #323: InterpolationExtrapolationTest.ExtrapolationWorks ............................................................   Passed    0.00 sec
        Start 324: InterpolationExtrapolationTest.MultipleEntities
324/703 Test #324: InterpolationExtrapolationTest.MultipleEntities ..............................................................   Passed    0.00 sec
        Start 325: InterpolationExtrapolationTest.BoundsRespected
325/703 Test #325: InterpolationExtrapolationTest.BoundsRespected ...............................................................   Passed    0.00 sec
        Start 326: DeterministicPRNGIntegration.CrossPlatformConsistency
326/703 Test #326: DeterministicPRNGIntegration.CrossPlatformConsistency ........................................................   Passed    0.00 sec
        Start 327: DeterministicPRNGIntegration.DifferentSeedsDifferentOutput
327/703 Test #327: DeterministicPRNGIntegration.DifferentSeedsDifferentOutput ...................................................   Passed    0.00 sec
        Start 328: DeterministicPRNGIntegration.DeterministicFromSeed
328/703 Test #328: DeterministicPRNGIntegration.DeterministicFromSeed ...........................................................   Passed    0.00 sec
        Start 329: StateDeltaCodecIntegration.MultiFrameRoundtrip
329/703 Test #329: StateDeltaCodecIntegration.MultiFrameRoundtrip ...............................................................   Passed    0.00 sec
        Start 330: StateDeltaCodecIntegration.CompressionEfficiency
330/703 Test #330: StateDeltaCodecIntegration.CompressionEfficiency .............................................................   Passed    0.00 sec
        Start 331: PredictionAccuracyIntegration.AccuracyTracking
331/703 Test #331: PredictionAccuracyIntegration.AccuracyTracking ...............................................................   Passed    0.00 sec
        Start 332: PredictionAccuracyIntegration.TrendDetection
332/703 Test #332: PredictionAccuracyIntegration.TrendDetection .................................................................   Passed    0.00 sec
        Start 333: AdaptivePredictionCapIntegration.RTTBasedScaling
333/703 Test #333: AdaptivePredictionCapIntegration.RTTBasedScaling .............................................................   Passed    0.00 sec
        Start 334: AdaptivePredictionCapIntegration.PacketLossReducesPrediction
334/703 Test #334: AdaptivePredictionCapIntegration.PacketLossReducesPrediction .................................................   Passed    0.00 sec
        Start 335: AdaptivePredictionCapIntegration.AccuracyReducesPrediction
335/703 Test #335: AdaptivePredictionCapIntegration.AccuracyReducesPrediction ...................................................   Passed    0.00 sec
        Start 336: ReplaySystemIntegration.FullReplayCycle
336/703 Test #336: ReplaySystemIntegration.FullReplayCycle ......................................................................   Passed    0.00 sec
        Start 337: ReplaySystemIntegration.SeekWorks
337/703 Test #337: ReplaySystemIntegration.SeekWorks ............................................................................   Passed    0.00 sec
        Start 338: AdaptiveJitterBufferIntegration.JitterIncreasesBuffer
338/703 Test #338: AdaptiveJitterBufferIntegration.JitterIncreasesBuffer ........................................................   Passed    0.00 sec
        Start 339: AdaptiveJitterBufferIntegration.RTTIncreasesBuffer
339/703 Test #339: AdaptiveJitterBufferIntegration.RTTIncreasesBuffer ...........................................................   Passed    0.00 sec
        Start 340: AdaptiveJitterBufferIntegration.FrameDropDecision
340/703 Test #340: AdaptiveJitterBufferIntegration.FrameDropDecision ............................................................   Passed    0.00 sec
        Start 341: CombinedIntegration.FullPipeline
341/703 Test #341: CombinedIntegration.FullPipeline .............................................................................   Passed    0.00 sec
        Start 342: LatencyCompensatorTest.BasicRTT
342/703 Test #342: LatencyCompensatorTest.BasicRTT ..............................................................................   Passed    0.00 sec
        Start 343: LatencyCompensatorTest.MultipleSamples
343/703 Test #343: LatencyCompensatorTest.MultipleSamples .......................................................................   Passed    0.00 sec
        Start 344: LatencyCompensatorTest.JitterCalculation
344/703 Test #344: LatencyCompensatorTest.JitterCalculation .....................................................................   Passed    0.00 sec
        Start 345: LatencyCompensatorTest.AdjustedOffset
345/703 Test #345: LatencyCompensatorTest.AdjustedOffset ........................................................................   Passed    0.00 sec
        Start 346: LatencyCompensatorTest.MinMaxRTT
346/703 Test #346: LatencyCompensatorTest.MinMaxRTT .............................................................................   Passed    0.00 sec
        Start 347: LatencyCompensatorTest.ActiveStatus
347/703 Test #347: LatencyCompensatorTest.ActiveStatus ..........................................................................   Passed    0.00 sec
        Start 348: LatencyCompensatorTest.Reset
348/703 Test #348: LatencyCompensatorTest.Reset .................................................................................   Passed    0.00 sec
        Start 349: LatencyCompensatorTest.CompensationStatus
349/703 Test #349: LatencyCompensatorTest.CompensationStatus ....................................................................   Passed    0.00 sec
        Start 350: LatencyCompensatorTest.ServerTimestamp
350/703 Test #350: LatencyCompensatorTest.ServerTimestamp .......................................................................   Passed    0.00 sec
        Start 351: LatencyCompensatorTest.NegativeRTT
351/703 Test #351: LatencyCompensatorTest.NegativeRTT ...........................................................................   Passed    0.00 sec
        Start 352: LatencyCompensatorTest.WeightedAverage
352/703 Test #352: LatencyCompensatorTest.WeightedAverage .......................................................................   Passed    0.00 sec
        Start 353: StateSnapshotCodecTest.BasicRoundtrip
353/703 Test #353: StateSnapshotCodecTest.BasicRoundtrip ........................................................................   Passed    0.00 sec
        Start 354: StateSnapshotCodecTest.ForcedFullSnapshot
354/703 Test #354: StateSnapshotCodecTest.ForcedFullSnapshot ....................................................................   Passed    0.00 sec
        Start 355: StateSnapshotCodecTest.DeltaCompression
355/703 Test #355: StateSnapshotCodecTest.DeltaCompression ......................................................................   Passed    0.00 sec
        Start 356: StateSnapshotCodecTest.MultiFrame
356/703 Test #356: StateSnapshotCodecTest.MultiFrame ............................................................................   Passed    0.00 sec
        Start 357: StateSnapshotCodecTest.CompressionEfficiency
357/703 Test #357: StateSnapshotCodecTest.CompressionEfficiency .................................................................   Passed    0.00 sec
        Start 358: StateSnapshotCodecTest.Reset
358/703 Test #358: StateSnapshotCodecTest.Reset .................................................................................   Passed    0.00 sec
        Start 359: StateSnapshotCodecTest.EmptyState
359/703 Test #359: StateSnapshotCodecTest.EmptyState ............................................................................   Passed    0.00 sec
        Start 360: StateSnapshotCodecTest.RawBytesInterface
360/703 Test #360: StateSnapshotCodecTest.RawBytesInterface .....................................................................   Passed    0.00 sec
        Start 361: StateSnapshotCodecTest.UnknownMarker
361/703 Test #361: StateSnapshotCodecTest.UnknownMarker .........................................................................   Passed    0.00 sec
        Start 362: StateSnapshotCodecTest.SizeMismatch
362/703 Test #362: StateSnapshotCodecTest.SizeMismatch ..........................................................................   Passed    0.00 sec
        Start 363: SpectatorTest.Construction
363/703 Test #363: SpectatorTest.Construction ...................................................................................   Passed    0.00 sec
        Start 364: SpectatorTest.ReceivesFrames
364/703 Test #364: SpectatorTest.ReceivesFrames .................................................................................   Passed    0.21 sec
        Start 365: SpectatorTest.NoInputSent
365/703 Test #365: SpectatorTest.NoInputSent ....................................................................................   Passed    0.41 sec
        Start 366: SpectatorTest.MultipleSpectators
366/703 Test #366: SpectatorTest.MultipleSpectators .............................................................................   Passed    0.00 sec
        Start 367: SpectatorTest.FrameCallback
367/703 Test #367: SpectatorTest.FrameCallback ..................................................................................   Passed    0.21 sec
        Start 368: SpectatorTest.StateHashCounted
368/703 Test #368: SpectatorTest.StateHashCounted ...............................................................................   Passed    0.21 sec
        Start 369: ReplayIntegrationTest.RecordSerializeLoadRoundtrip
369/703 Test #369: ReplayIntegrationTest.RecordSerializeLoadRoundtrip ...........................................................   Passed    0.00 sec
        Start 370: ReplayIntegrationTest.PlaybackControls
370/703 Test #370: ReplayIntegrationTest.PlaybackControls .......................................................................   Passed    0.00 sec
        Start 371: ReplayIntegrationTest.FileSaveLoad
371/703 Test #371: ReplayIntegrationTest.FileSaveLoad ...........................................................................   Passed    0.00 sec
        Start 372: ReplayIntegrationTest.EmptyReplay
372/703 Test #372: ReplayIntegrationTest.EmptyReplay ............................................................................   Passed    0.00 sec
        Start 373: NetworkDiagnosticsTest.InitialState
373/703 Test #373: NetworkDiagnosticsTest.InitialState ..........................................................................   Passed    0.00 sec
        Start 374: NetworkDiagnosticsTest.ExcellentQuality
374/703 Test #374: NetworkDiagnosticsTest.ExcellentQuality ......................................................................   Passed    0.00 sec
        Start 375: NetworkDiagnosticsTest.GoodQuality
375/703 Test #375: NetworkDiagnosticsTest.GoodQuality ...........................................................................   Passed    0.00 sec
        Start 376: NetworkDiagnosticsTest.FairQuality
376/703 Test #376: NetworkDiagnosticsTest.FairQuality ...........................................................................   Passed    0.00 sec
        Start 377: NetworkDiagnosticsTest.PoorQuality
377/703 Test #377: NetworkDiagnosticsTest.PoorQuality ...........................................................................   Passed    0.00 sec
        Start 378: NetworkDiagnosticsTest.CriticalQuality
378/703 Test #378: NetworkDiagnosticsTest.CriticalQuality .......................................................................   Passed    0.00 sec
        Start 379: NetworkDiagnosticsTest.CriticalByPacketLoss
379/703 Test #379: NetworkDiagnosticsTest.CriticalByPacketLoss ..................................................................   Passed    0.00 sec
        Start 380: NetworkDiagnosticsTest.SmoothedRTT
380/703 Test #380: NetworkDiagnosticsTest.SmoothedRTT ...........................................................................   Passed    0.00 sec
        Start 381: NetworkDiagnosticsTest.FormatOverlay
381/703 Test #381: NetworkDiagnosticsTest.FormatOverlay .........................................................................   Passed    0.00 sec
        Start 382: NetworkDiagnosticsTest.QualityString
382/703 Test #382: NetworkDiagnosticsTest.QualityString .........................................................................   Passed    0.00 sec
        Start 383: NetworkDiagnosticsTest.PacketLossEstimate
383/703 Test #383: NetworkDiagnosticsTest.PacketLossEstimate ....................................................................   Passed    0.00 sec
        Start 384: LobbyProtocolTest.PackUnpackUint32
384/703 Test #384: LobbyProtocolTest.PackUnpackUint32 ...........................................................................   Passed    0.00 sec
        Start 385: LobbyProtocolTest.PackUnpackUint16
385/703 Test #385: LobbyProtocolTest.PackUnpackUint16 ...........................................................................   Passed    0.00 sec
        Start 386: LobbyProtocolTest.PackUnpackString
386/703 Test #386: LobbyProtocolTest.PackUnpackString ...........................................................................   Passed    0.00 sec
        Start 387: LobbyProtocolTest.PackUnpackEmptyString
387/703 Test #387: LobbyProtocolTest.PackUnpackEmptyString ......................................................................   Passed    0.00 sec
        Start 388: LobbyProtocolTest.PackUnpackRoomMetadata
388/703 Test #388: LobbyProtocolTest.PackUnpackRoomMetadata .....................................................................   Passed    0.00 sec
        Start 389: LobbyProtocolTest.PackUnpackRoomConfig
389/703 Test #389: LobbyProtocolTest.PackUnpackRoomConfig .......................................................................   Passed    0.00 sec
        Start 390: LobbyProtocolTest.PackRoomMetadata_BufferTooSmall
390/703 Test #390: LobbyProtocolTest.PackRoomMetadata_BufferTooSmall ............................................................   Passed    0.00 sec
        Start 391: LobbyProtocolTest.UnpackRoomMetadata_BufferTooSmall
391/703 Test #391: LobbyProtocolTest.UnpackRoomMetadata_BufferTooSmall ..........................................................   Passed    0.00 sec
        Start 392: LobbyProtocolTest.PackString_BufferTooSmall
392/703 Test #392: LobbyProtocolTest.PackString_BufferTooSmall ..................................................................   Passed    0.00 sec
        Start 393: LobbyProtocolTest.RoomStatusValues
393/703 Test #393: LobbyProtocolTest.RoomStatusValues ...........................................................................   Passed    0.00 sec
        Start 394: LobbyProtocolTest.LobbyMessageTypeValues
394/703 Test #394: LobbyProtocolTest.LobbyMessageTypeValues .....................................................................   Passed    0.00 sec
        Start 395: LobbyProtocolTest.InvalidConfigRepresentationAndStringsPreserveOutput
395/703 Test #395: LobbyProtocolTest.InvalidConfigRepresentationAndStringsPreserveOutput ........................................   Passed    0.00 sec
        Start 396: LobbyProtocolTest.InvalidMetadataFieldsPreserveOutput
396/703 Test #396: LobbyProtocolTest.InvalidMetadataFieldsPreserveOutput ........................................................   Passed    0.00 sec
        Start 397: RoomManagerTest.CreateRoom
397/703 Test #397: RoomManagerTest.CreateRoom ...................................................................................   Passed    0.00 sec
        Start 398: RoomManagerTest.JoinRoom
398/703 Test #398: RoomManagerTest.JoinRoom .....................................................................................   Passed    0.00 sec
        Start 399: RoomManagerTest.JoinRoom_Full
399/703 Test #399: RoomManagerTest.JoinRoom_Full ................................................................................   Passed    0.00 sec
        Start 400: RoomManagerTest.JoinRoom_AlreadyIn
400/703 Test #400: RoomManagerTest.JoinRoom_AlreadyIn ...........................................................................   Passed    0.00 sec
        Start 401: RoomManagerTest.JoinRoom_NotFound
401/703 Test #401: RoomManagerTest.JoinRoom_NotFound ............................................................................   Passed    0.00 sec
        Start 402: RoomManagerTest.LeaveRoom
402/703 Test #402: RoomManagerTest.LeaveRoom ....................................................................................   Passed    0.00 sec
        Start 403: RoomManagerTest.LeaveRoom_HostLeaves
403/703 Test #403: RoomManagerTest.LeaveRoom_HostLeaves .........................................................................   Passed    0.00 sec
        Start 404: RoomManagerTest.LeaveRoom_LastPlayerLeaves
404/703 Test #404: RoomManagerTest.LeaveRoom_LastPlayerLeaves ...................................................................   Passed    0.00 sec
        Start 405: RoomManagerTest.SetReady
405/703 Test #405: RoomManagerTest.SetReady .....................................................................................   Passed    0.00 sec
        Start 406: RoomManagerTest.StartGame_AllReady
406/703 Test #406: RoomManagerTest.StartGame_AllReady ...........................................................................   Passed    0.00 sec
        Start 407: RoomManagerTest.StartGame_NotHost
407/703 Test #407: RoomManagerTest.StartGame_NotHost ............................................................................   Passed    0.00 sec
        Start 408: RoomManagerTest.StartGame_NotAllReady
408/703 Test #408: RoomManagerTest.StartGame_NotAllReady ........................................................................   Passed    0.00 sec
        Start 409: RoomManagerTest.StartGame_NeedTwoPlayers
409/703 Test #409: RoomManagerTest.StartGame_NeedTwoPlayers .....................................................................   Passed    0.00 sec
        Start 410: RoomManagerTest.ListRooms
410/703 Test #410: RoomManagerTest.ListRooms ....................................................................................   Passed    0.00 sec
        Start 411: RoomManagerTest.FindRoomByPlayer
411/703 Test #411: RoomManagerTest.FindRoomByPlayer .............................................................................   Passed    0.00 sec
        Start 412: RoomManagerTest.JoinStartedRoom
412/703 Test #412: RoomManagerTest.JoinStartedRoom ..............................................................................   Passed    0.00 sec
        Start 413: RoomManagerTest.Cleanup
413/703 Test #413: RoomManagerTest.Cleanup ......................................................................................   Passed    0.00 sec
        Start 414: RoomManagerRegression.ValidatesCapacityAndStartAddress
414/703 Test #414: RoomManagerRegression.ValidatesCapacityAndStartAddress .......................................................   Passed    0.00 sec
        Start 415: LobbyE2ETest.CreateJoinChatAndStartProductionRoom
415/703 Test #415: LobbyE2ETest.CreateJoinChatAndStartProductionRoom ............................................................   Passed    0.06 sec
        Start 416: LobbyE2ETest.RejectsDuplicateNamesAndForeignChat
416/703 Test #416: LobbyE2ETest.RejectsDuplicateNamesAndForeignChat .............................................................   Passed    0.01 sec
        Start 417: LobbyE2ETest.FragmentedChatAndEofAtClient
417/703 Test #417: LobbyE2ETest.FragmentedChatAndEofAtClient ....................................................................   Passed    0.02 sec
        Start 418: MilestoneEcs.MutationHistoryDoesNotChangeIterationOrder
418/703 Test #418: MilestoneEcs.MutationHistoryDoesNotChangeIterationOrder ......................................................   Passed    0.00 sec
        Start 419: MilestoneEcs.QueriesStayOrderedAfterDestruction
419/703 Test #419: MilestoneEcs.QueriesStayOrderedAfterDestruction ..............................................................   Passed    0.00 sec
        Start 420: MilestoneEcs.SystemOrderIsStableAndDependenciesExecuteFirst
420/703 Test #420: MilestoneEcs.SystemOrderIsStableAndDependenciesExecuteFirst ..................................................   Passed    0.00 sec
        Start 421: MilestoneEcs.MissingDependencyDoesNotRunPartialPipeline
421/703 Test #421: MilestoneEcs.MissingDependencyDoesNotRunPartialPipeline ......................................................   Passed    0.00 sec
        Start 422: MilestoneCodec.EveryByteIncludingRleMarkerRoundtrips
422/703 Test #422: MilestoneCodec.EveryByteIncludingRleMarkerRoundtrips .........................................................   Passed    0.00 sec
        Start 423: MilestoneCodec.RejectsMalformedRunsAndTrailingBytes
423/703 Test #423: MilestoneCodec.RejectsMalformedRunsAndTrailingBytes ..........................................................   Passed    0.00 sec
        Start 424: MilestoneCodec.ResizedSnapshotsAndStatsRoundtrip
424/703 Test #424: MilestoneCodec.ResizedSnapshotsAndStatsRoundtrip .............................................................   Passed    0.00 sec
        Start 425: MilestoneCodec.RejectedSnapshotDoesNotChangeBaseline
425/703 Test #425: MilestoneCodec.RejectedSnapshotDoesNotChangeBaseline .........................................................   Passed    0.00 sec
        Start 426: FrameSimulationTest.WholeFramePreservesIndependentInputsAndFrameZero
426/703 Test #426: FrameSimulationTest.WholeFramePreservesIndependentInputsAndFrameZero .........................................   Passed    0.00 sec
        Start 427: FrameSimulationTest.AuthorityUnblocksPredictionAtCap
427/703 Test #427: FrameSimulationTest.AuthorityUnblocksPredictionAtCap .........................................................   Passed    0.00 sec
        Start 428: FrameSimulationTest.SuccessiveCorrectionsRefreshLaterSnapshots
428/703 Test #428: FrameSimulationTest.SuccessiveCorrectionsRefreshLaterSnapshots ...............................................   Passed    0.00 sec
        Start 429: FrameSimulationTest.OutOfOrderDuplicatesAndThousandFrameRun
429/703 Test #429: FrameSimulationTest.OutOfOrderDuplicatesAndThousandFrameRun ..................................................   Passed    0.00 sec
        Start 430: FrameSimulationTest.HashMatchesPythonSha256LittleEndianPrefix
430/703 Test #430: FrameSimulationTest.HashMatchesPythonSha256LittleEndianPrefix ................................................   Passed    0.00 sec
        Start 431: FrameSimulationTest.MissingAuthorityStopsEvenWithExpandedPredictionWindow
431/703 Test #431: FrameSimulationTest.MissingAuthorityStopsEvenWithExpandedPredictionWindow ....................................   Passed    0.00 sec
        Start 432: SnapshotBudgetTest.RejectsBadCountsAndBudgetsBeforeAllocation
432/703 Test #432: SnapshotBudgetTest.RejectsBadCountsAndBudgetsBeforeAllocation ................................................   Passed    0.00 sec
        Start 433: SnapshotBudgetTest.RejectsCapacityAndFailedCallbacksWithoutChangingHistory
433/703 Test #433: SnapshotBudgetTest.RejectsCapacityAndFailedCallbacksWithoutChangingHistory ...................................   Passed    0.00 sec
        Start 434: SnapshotBudgetTest.EnforcesBothCountAndBytesAndReleasesOnClear
434/703 Test #434: SnapshotBudgetTest.EnforcesBothCountAndBytesAndReleasesOnClear ...............................................   Passed    0.00 sec
        Start 435: SnapshotBudgetTest.DuplicateReplacementKeepsItsIndexWhenOtherFramesAreEvicted
435/703 Test #435: SnapshotBudgetTest.DuplicateReplacementKeepsItsIndexWhenOtherFramesAreEvicted ................................   Passed    0.00 sec
        Start 436: SnapshotBudgetTest.CopiesAreIndependentAndMovedFromHistoriesRemainUsable
436/703 Test #436: SnapshotBudgetTest.CopiesAreIndependentAndMovedFromHistoriesRemainUsable .....................................   Passed    0.00 sec
        Start 437: SnapshotBudgetTest.InvalidCorrectionCannotRestoreOrStep
437/703 Test #437: SnapshotBudgetTest.InvalidCorrectionCannotRestoreOrStep ......................................................   Passed    0.00 sec
        Start 438: FrameMemoryBudgetTest.RejectsOversizedCapacityBeforeSteppingAndCanResume
438/703 Test #438: FrameMemoryBudgetTest.RejectsOversizedCapacityBeforeSteppingAndCanResume .....................................   Passed    0.00 sec
        Start 439: FrameMemoryBudgetTest.AggregateBudgetFillsThenAuthorityFreesPredictionSpace
439/703 Test #439: FrameMemoryBudgetTest.AggregateBudgetFillsThenAuthorityFreesPredictionSpace ..................................   Passed    0.00 sec
        Start 440: FrameMemoryBudgetTest.RollbackGrowthRecoversTheCorrectedAuthorityAndDropsSpeculation
440/703 Test #440: FrameMemoryBudgetTest.RollbackGrowthRecoversTheCorrectedAuthorityAndDropsSpeculation .........................   Passed    0.00 sec
        Start 441: FrameMemoryBudgetTest.FailedSaveDuringResimulationLeavesRetryableAuthority
441/703 Test #441: FrameMemoryBudgetTest.FailedSaveDuringResimulationLeavesRetryableAuthority ...................................   Passed    0.00 sec
        Start 442: FrameMemoryBudgetTest.FailedPredictionDoesNotCommitAFrameOrHistoryNode
442/703 Test #442: FrameMemoryBudgetTest.FailedPredictionDoesNotCommitAFrameOrHistoryNode .......................................   Passed    0.00 sec
        Start 443: FrameMemoryBudgetTest.AuthorityOwnsOnlyItsBoundedPayloadAndRecoversAfterDrain
443/703 Test #443: FrameMemoryBudgetTest.AuthorityOwnsOnlyItsBoundedPayloadAndRecoversAfterDrain ................................   Passed    0.00 sec
        Start 444: ReplayMemoryBudgetTest.FrameCapPreservesSerializablePrefixAndRestartResetsMetadata
444/703 Test #444: ReplayMemoryBudgetTest.FrameCapPreservesSerializablePrefixAndRestartResetsMetadata ...........................   Passed    0.00 sec
        Start 445: ReplayMemoryBudgetTest.ByteCapRejectsWithoutLosingTheLastAcceptedFrame
445/703 Test #445: ReplayMemoryBudgetTest.ByteCapRejectsWithoutLosingTheLastAcceptedFrame .......................................   Passed    0.00 sec
        Start 446: ReplayMemoryBudgetTest.LiveSerializationIsConsistentAndUsesExplicitLittleEndian
446/703 Test #446: ReplayMemoryBudgetTest.LiveSerializationIsConsistentAndUsesExplicitLittleEndian ..............................   Passed    0.00 sec
        Start 447: ReplayMemoryBudgetTest.MalformedLoadsPreservePreviousPositionAndPlayback
447/703 Test #447: ReplayMemoryBudgetTest.MalformedLoadsPreservePreviousPositionAndPlayback .....................................   Passed    0.00 sec
        Start 448: ReplayMemoryBudgetTest.BadInputsStopRecordingWithoutAppending
448/703 Test #448: ReplayMemoryBudgetTest.BadInputsStopRecordingWithoutAppending ................................................   Passed    0.00 sec
        Start 449: ReplayMemoryBudgetTest.CopiesMovesAndCapacityRecoveryPreserveIndependentData
449/703 Test #449: ReplayMemoryBudgetTest.CopiesMovesAndCapacityRecoveryPreserveIndependentData .................................   Passed    0.00 sec
        Start 450: ReplayMemoryBudgetTest.FullDefaultBudgetSupportsAFullMatchAndThenStops
450/703 Test #450: ReplayMemoryBudgetTest.FullDefaultBudgetSupportsAFullMatchAndThenStops .......................................   Passed    0.59 sec
        Start 451: ReceiveMemoryBudget.FillRejectPreservesBytesThenConsumeAndRecover
451/703 Test #451: ReceiveMemoryBudget.FillRejectPreservesBytesThenConsumeAndRecover ............................................   Passed    0.00 sec
        Start 452: ReceiveMemoryBudget.BadLengthsAndExcessCallerCapacityAreRejected
452/703 Test #452: ReceiveMemoryBudget.BadLengthsAndExcessCallerCapacityAreRejected .............................................   Passed    0.00 sec
        Start 453: ReplayFileTest.ChunksAreBoundedAndExactlyMatchExistingWireFormat
453/703 Test #453: ReplayFileTest.ChunksAreBoundedAndExactlyMatchExistingWireFormat .............................................   Passed    0.01 sec
        Start 454: ReplayFileTest.ShortWritesAndInterruptedWritesPreserveEveryByte
454/703 Test #454: ReplayFileTest.ShortWritesAndInterruptedWritesPreserveEveryByte ..............................................   Passed    0.00 sec
        Start 455: ReplayFileTest.EveryPreCommitIoFailurePreservesOldFileAndAllowsRetry
455/703 Test #455: ReplayFileTest.EveryPreCommitIoFailurePreservesOldFileAndAllowsRetry .........................................   Passed    0.01 sec
        Start 456: ReplayFileTest.CommittedDirectorySyncFailureIsNotReportedAsOldData
456/703 Test #456: ReplayFileTest.CommittedDirectorySyncFailureIsNotReportedAsOldData ...........................................   Passed    0.00 sec
        Start 457: ReplayFileTest.CleanupFailureIsObservableAndDoesNotRemoveSomeoneElsesFile
457/703 Test #457: ReplayFileTest.CleanupFailureIsObservableAndDoesNotRemoveSomeoneElsesFile ....................................   Passed    0.00 sec
        Start 458: ReplayFileTest.ExceptionsReleaseTemporaryFileAndDescriptors
458/703 Test #458: ReplayFileTest.ExceptionsReleaseTemporaryFileAndDescriptors ..................................................   Passed    0.02 sec
        Start 459: ReplayFileTest.InvalidPathsAndEmptyRecordingsDoNotCreateFiles
459/703 Test #459: ReplayFileTest.InvalidPathsAndEmptyRecordingsDoNotCreateFiles ................................................   Passed    0.00 sec
        Start 460: ReplayFileTest.MaximumReplayReopensInAnotherProcessAndKeepsEveryFrame
460/703 Test #460: ReplayFileTest.MaximumReplayReopensInAnotherProcessAndKeepsEveryFrame ........................................   Passed    0.41 sec
        Start 461: ReplayFileTest.RealFilesystemLimitRejectsWriteAndPreservesOldReplay
461/703 Test #461: ReplayFileTest.RealFilesystemLimitRejectsWriteAndPreservesOldReplay ..........................................   Passed    0.00 sec
        Start 462: ReplayFileTest.ConcurrentReaderAlwaysSeesOneCompletePublishedVersion
462/703 Test #462: ReplayFileTest.ConcurrentReaderAlwaysSeesOneCompletePublishedVersion .........................................   Passed    0.01 sec
        Start 463: ReplayDirectoryTest.RejectsInvalidBudgetsBeforeFilesystemUse
463/703 Test #463: ReplayDirectoryTest.RejectsInvalidBudgetsBeforeFilesystemUse .................................................   Passed    0.00 sec
        Start 464: ReplayDirectoryTest.RequiresCanonicalSeedNameAndNonemptyRecording
464/703 Test #464: ReplayDirectoryTest.RequiresCanonicalSeedNameAndNonemptyRecording ............................................   Passed    0.00 sec
        Start 465: ReplayDirectoryTest.CountFillsRejectsPreservesFilesAndRecoversAfterExplicitRemoval
465/703 Test #465: ReplayDirectoryTest.CountFillsRejectsPreservesFilesAndRecoversAfterExplicitRemoval ...........................   Passed    0.00 sec
        Start 466: ReplayDirectoryTest.ByteQuotaIncludesOldDestinationAndNewScratchDuringReplacement
466/703 Test #466: ReplayDirectoryTest.ByteQuotaIncludesOldDestinationAndNewScratchDuringReplacement ............................   Passed    0.00 sec
        Start 467: ReplayDirectoryTest.SameSeedCanReplaceAtFileCountLimit
467/703 Test #467: ReplayDirectoryTest.SameSeedCanReplaceAtFileCountLimit .......................................................   Passed    0.00 sec
        Start 468: ReplayDirectoryTest.MinimumScanBudgetIncludesPrivateDirectoryAndAllowsReplacement
468/703 Test #468: ReplayDirectoryTest.MinimumScanBudgetIncludesPrivateDirectoryAndAllowsReplacement ............................   Passed    0.00 sec
        Start 469: ReplayDirectoryTest.DefaultFileCountRejectsTheSixtyFifthDistinctSeed
469/703 Test #469: ReplayDirectoryTest.DefaultFileCountRejectsTheSixtyFifthDistinctSeed .........................................   Passed    0.00 sec
        Start 470: ReplayDirectoryTest.UnsafeInterruptedLinksAreRejectedWithoutRemovingThem
470/703 Test #470: ReplayDirectoryTest.UnsafeInterruptedLinksAreRejectedWithoutRemovingThem .....................................   Passed    0.00 sec
        Start 471: ReplayDirectoryTest.PrivateUnknownAndLegacyParentScratchArePreservedAndCounted
471/703 Test #471: ReplayDirectoryTest.PrivateUnknownAndLegacyParentScratchArePreservedAndCounted ...............................   Passed    0.00 sec
        Start 472: ReplayDirectoryTest.RejectsSymlinkedScratchDirectoryAndLinkedPublishedFiles
472/703 Test #472: ReplayDirectoryTest.RejectsSymlinkedScratchDirectoryAndLinkedPublishedFiles ..................................   Passed    0.00 sec
        Start 473: ReplayDirectoryTest.RejectsUnsafeScratchPermissionsAndBoundsUnrelatedDirectoryScan
473/703 Test #473: ReplayDirectoryTest.RejectsUnsafeScratchPermissionsAndBoundsUnrelatedDirectoryScan ...........................   Passed    0.00 sec
        Start 474: ReplayDirectoryTest.KilledWriterReleasesLockAndOnlyOwnedInterruptedFileIsRecovered
474/703 Test #474: ReplayDirectoryTest.KilledWriterReleasesLockAndOnlyOwnedInterruptedFileIsRecovered ...........................   Passed    0.00 sec
        Start 475: ReplayDirectoryTest.ThreeProcessesShareTheSameSingleFileAdmission
475/703 Test #475: ReplayDirectoryTest.ThreeProcessesShareTheSameSingleFileAdmission ............................................   Passed    0.01 sec
        Start 476: ReplayDirectoryTest.AllocationExceptionsReleaseLockDescriptorsAndPendingFiles
476/703 Test #476: ReplayDirectoryTest.AllocationExceptionsReleaseLockDescriptorsAndPendingFiles ................................   Passed    0.00 sec
        Start 477: ReplayDirectoryTest.CommittedSyncFailureRemainsPublishedAndConsumesQuota
477/703 Test #477: ReplayDirectoryTest.CommittedSyncFailureRemainsPublishedAndConsumesQuota .....................................   Passed    0.00 sec
        Start 478: ReplayDirectoryTest.MaximumRecordingUsesTheSameWireBytesAndReplacesWithinPeakBudget
478/703 Test #478: ReplayDirectoryTest.MaximumRecordingUsesTheSameWireBytesAndReplacesWithinPeakBudget ..........................   Passed    1.03 sec
        Start 479: DatagramTest.ConstructorValidatesBudgetBeforeUse
479/703 Test #479: DatagramTest.ConstructorValidatesBudgetBeforeUse .............................................................   Passed    0.02 sec
        Start 480: DatagramTest.PacketCapRejectsBeforeSequenceAndRecoversAfterAck
480/703 Test #480: DatagramTest.PacketCapRejectsBeforeSequenceAndRecoversAfterAck ...............................................   Passed    0.05 sec
        Start 481: DatagramTest.ByteCapIsIndependentOfPacketCountAndSurvivesRepeatedDrain
481/703 Test #481: DatagramTest.ByteCapIsIndependentOfPacketCountAndSurvivesRepeatedDrain .......................................   Passed    0.49 sec
        Start 482: DatagramTest.InvalidLengthsNeverAllocateOrConsumeSequence
482/703 Test #482: DatagramTest.InvalidLengthsNeverAllocateOrConsumeSequence ....................................................   Passed    0.02 sec
        Start 483: DatagramTest.RetryExhaustionIsTerminalAndReleasesAllPackets
483/703 Test #483: DatagramTest.RetryExhaustionIsTerminalAndReleasesAllPackets ..................................................   Passed    0.05 sec
        Start 484: DatagramTest.AckAfterRetransmitDoesNotDistortRttAndFreesCapacity
484/703 Test #484: DatagramTest.AckAfterRetransmitDoesNotDistortRttAndFreesCapacity .............................................   Passed    0.04 sec
        Start 485: DatagramTest.SendAndRetransmitSocketFailuresReleasePendingStorage
485/703 Test #485: DatagramTest.SendAndRetransmitSocketFailuresReleasePendingStorage ............................................   Passed    0.08 sec
        Start 486: DatagramTest.MalformedDataAndUnknownAcksDoNotChangePendingOrDeliver
486/703 Test #486: DatagramTest.MalformedDataAndUnknownAcksDoNotChangePendingOrDeliver ..........................................   Passed    0.04 sec
        Start 487: DatagramTest.RealReceiverAcknowledgesAndCallbackCanSendAndClose
487/703 Test #487: DatagramTest.RealReceiverAcknowledgesAndCallbackCanSendAndClose ..............................................   Passed    0.04 sec
        Start 488: DatagramTest.AckSendFailureDoesNotDeliverAndClosePreservesSharedSocket
488/703 Test #488: DatagramTest.AckSendFailureDoesNotDeliverAndClosePreservesSharedSocket .......................................   Passed    0.04 sec
        Start 489: DatagramTest.ConcurrentSendsCannotExceedBudget
489/703 Test #489: DatagramTest.ConcurrentSendsCannotExceedBudget ...............................................................   Passed    0.08 sec
        Start 490: DatagramTest.ReorderedDatagramsDeliverExactlyOnceAndInSequence
490/703 Test #490: DatagramTest.ReorderedDatagramsDeliverExactlyOnceAndInSequence ...............................................   Passed    0.03 sec
        Start 491: DatagramTest.ConflictingFutureDatagramFailsBeforeApplicationDelivery
491/703 Test #491: DatagramTest.ConflictingFutureDatagramFailsBeforeApplicationDelivery .........................................   Passed    0.04 sec
        Start 492: DatagramTest.ReceiveCapacityCountsInFlightCallbacksAndRetainedFuturePackets
492/703 Test #492: DatagramTest.ReceiveCapacityCountsInFlightCallbacksAndRetainedFuturePackets ..................................   Passed    0.04 sec
        Start 493: DatagramTest.ReentrantReceiveQueuesBehindCurrentCallbackWithoutDeadlock
493/703 Test #493: DatagramTest.ReentrantReceiveQueuesBehindCurrentCallbackWithoutDeadlock ......................................   Passed    0.04 sec
        Start 494: DatagramTest.ThrowingReceiveCallbackReleasesBothDirectionsAndRejectsFurtherWork
494/703 Test #494: DatagramTest.ThrowingReceiveCallbackReleasesBothDirectionsAndRejectsFurtherWork ..............................   Passed    0.04 sec
        Start 495: DatagramTest.ReceiveByteLimitAndSequenceWindowRejectBeforeAck
495/703 Test #495: DatagramTest.ReceiveByteLimitAndSequenceWindowRejectBeforeAck ................................................   Passed    0.04 sec
        Start 496: RTTBudget.ExtremeDurationsAndDeviationRemainBoundedInMilliseconds
496/703 Test #496: RTTBudget.ExtremeDurationsAndDeviationRemainBoundedInMilliseconds ............................................   Passed    0.00 sec
        Start 497: BoundedTCP.ValidatesBudgetsAndInvalidMessagesBeforeCopy
497/703 Test #497: BoundedTCP.ValidatesBudgetsAndInvalidMessagesBeforeCopy ......................................................   Passed    0.02 sec
        Start 498: BoundedTCP.CountLimitCopiesCallerBytesThenDrainsInOrderAndRecovers
498/703 Test #498: BoundedTCP.CountLimitCopiesCallerBytesThenDrainsInOrderAndRecovers ...........................................   Passed    0.02 sec
        Start 499: BoundedTCP.ByteLimitAppliesBeforeExecutorRunsAndAfterRepeatedDrain
499/703 Test #499: BoundedTCP.ByteLimitAppliesBeforeExecutorRunsAndAfterRepeatedDrain ...........................................   Passed    0.06 sec
        Start 500: BoundedTCP.CloseBeforeDispatchDropsQueuedDataWithoutSending
500/703 Test #500: BoundedTCP.CloseBeforeDispatchDropsQueuedDataWithoutSending ..................................................   Passed    0.01 sec
        Start 501: BoundedTCP.CancelKeepsInFlightStorageUntilItsCallbackCompletes
501/703 Test #501: BoundedTCP.CancelKeepsInFlightStorageUntilItsCallbackCompletes ...............................................   Passed    0.04 sec
        Start 502: BoundedTCP.SlowReaderCannotBlockAnotherConnectionAndHasWriteDeadline
502/703 Test #502: BoundedTCP.SlowReaderCannotBlockAnotherConnectionAndHasWriteDeadline .........................................   Passed    0.24 sec
        Start 503: BoundedTCP.PeerResetReleasesAcceptedMessages
503/703 Test #503: BoundedTCP.PeerResetReleasesAcceptedMessages .................................................................   Passed    0.00 sec
        Start 504: BoundedTCP.ReadIsBoundedAndCallbackCanSendWithoutReenteringMutex
504/703 Test #504: BoundedTCP.ReadIsBoundedAndCallbackCanSendWithoutReenteringMutex .............................................   Passed    0.01 sec
        Start 505: BoundedTCP.DestructionCancelsWriteAndReleasesOwnedSocketAfterCompletion
505/703 Test #505: BoundedTCP.DestructionCancelsWriteAndReleasesOwnedSocketAfterCompletion ......................................   Passed    0.04 sec
        Start 506: BoundedTCP.ConcurrentProducersCannotQueueUnboundedExecutorWork
506/703 Test #506: BoundedTCP.ConcurrentProducersCannotQueueUnboundedExecutorWork ...............................................   Passed    0.01 sec
        Start 507: LobbyCapacity.ConstructorRejectsBadLimits
507/703 Test #507: LobbyCapacity.ConstructorRejectsBadLimits ....................................................................   Passed    0.02 sec
        Start 508: LobbyCapacity.RejectsExcessConnectionThenAcceptsAfterActualDisconnect
508/703 Test #508: LobbyCapacity.RejectsExcessConnectionThenAcceptsAfterActualDisconnect ........................................   Passed    0.03 sec
        Start 509: LobbyCapacity.UnidentifiedReservationExpiresButNamedConnectionSurvives
509/703 Test #509: LobbyCapacity.UnidentifiedReservationExpiresButNamedConnectionSurvives .......................................   Passed    0.22 sec
        Start 510: LobbyCapacity.OversizedLengthHeadersAreRejectedWithoutTheirPayloads
510/703 Test #510: LobbyCapacity.OversizedLengthHeadersAreRejectedWithoutTheirPayloads ..........................................   Passed    0.03 sec
        Start 511: LobbyCapacity.InvalidConfigBoolAndUnterminatedStringAreRejectedBeforeRoomCreation
511/703 Test #511: LobbyCapacity.InvalidConfigBoolAndUnterminatedStringAreRejectedBeforeRoomCreation ............................   Passed    0.03 sec
        Start 512: LobbyCapacity.OutboundMessageCapDisconnectsFlooderAndHealthyPeerStillWorks
512/703 Test #512: LobbyCapacity.OutboundMessageCapDisconnectsFlooderAndHealthyPeerStillWorks ...................................   Passed    0.03 sec
        Start 513: LobbyCapacity.OutboundByteCapIsIndependentOfMessageCapAndRecovers
513/703 Test #513: LobbyCapacity.OutboundByteCapIsIndependentOfMessageCapAndRecovers ............................................   Passed    0.02 sec
        Start 514: LobbyCapacity.LargestChatWithFragmentationAndFollowingMessageRemainsValid
514/703 Test #514: LobbyCapacity.LargestChatWithFragmentationAndFollowingMessageRemainsValid ....................................   Passed    0.02 sec
        Start 515: LobbyCapacity.DestroyServerWithActiveReadsAndQueuedOutputDrainsCallbacks
515/703 Test #515: LobbyCapacity.DestroyServerWithActiveReadsAndQueuedOutputDrainsCallbacks .....................................   Passed    0.03 sec
        Start 516: LobbyCapacity.StoppedIoCanDestroyServerAndPendingHandlersWithoutResurrection
516/703 Test #516: LobbyCapacity.StoppedIoCanDestroyServerAndPendingHandlersWithoutResurrection .................................   Passed    0.01 sec
        Start 517: LobbyClientCapacity.CountLimitIsReservedBeforeIoAndOverflowDisconnectsExplicitly
517/703 Test #517: LobbyClientCapacity.CountLimitIsReservedBeforeIoAndOverflowDisconnectsExplicitly .............................   Passed    0.02 sec
        Start 518: LobbyClientCapacity.ByteLimitIsIndependentOfMessageCount
518/703 Test #518: LobbyClientCapacity.ByteLimitIsIndependentOfMessageCount .....................................................   Passed    0.01 sec
        Start 519: LobbyClientCapacity.FullQueueDrainsInOrderAndCanBeReusedOneHundredTimes
519/703 Test #519: LobbyClientCapacity.FullQueueDrainsInOrderAndCanBeReusedOneHundredTimes ......................................   Passed    0.15 sec
        Start 520: LobbyClientCapacity.OversizedHeadersAndUnknownTypesFailBeforePayloadArrival
520/703 Test #520: LobbyClientCapacity.OversizedHeadersAndUnknownTypesFailBeforePayloadArrival ..................................   Passed    0.11 sec
        Start 521: LobbyClientCapacity.MaximumRoomListFragmentedThenCoalescedMessageIsPreserved
521/703 Test #521: LobbyClientCapacity.MaximumRoomListFragmentedThenCoalescedMessageIsPreserved .................................   Passed    0.02 sec
        Start 522: LobbyClientCapacity.ByteBoundedChatHistoryAccountsMixedStringCapacitiesAndRecovers
522/703 Test #522: LobbyClientCapacity.ByteBoundedChatHistoryAccountsMixedStringCapacitiesAndRecovers ...........................   Passed    0.71 sec
        Start 523: LobbyClientCapacity.ChatCountLimitRetainsLatestMessagesBelowByteLimit
523/703 Test #523: LobbyClientCapacity.ChatCountLimitRetainsLatestMessagesBelowByteLimit ........................................   Passed    1.28 sec
        Start 524: LobbyClientCapacity.CallbackCanDisconnectReplaceItselfAndKeepPacketAlive
524/703 Test #524: LobbyClientCapacity.CallbackCanDisconnectReplaceItselfAndKeepPacketAlive .....................................   Passed    0.01 sec
        Start 525: LobbyClientCapacity.InvalidRoomMetadataDoesNotReplacePreviouslyValidList
525/703 Test #525: LobbyClientCapacity.InvalidRoomMetadataDoesNotReplacePreviouslyValidList .....................................   Passed    0.02 sec
        Start 526: LobbyClientCapacity.DestructionDiscardsNeverDispatchedReadsAndWritesSafely
526/703 Test #526: LobbyClientCapacity.DestructionDiscardsNeverDispatchedReadsAndWritesSafely ...................................   Passed    0.02 sec
        Start 527: TCPFrameServer.InvalidSlotsAndMutatedBudgetsFailBeforeClientAllocation
527/703 Test #527: TCPFrameServer.InvalidSlotsAndMutatedBudgetsFailBeforeClientAllocation .......................................   Passed    0.08 sec
        Start 528: TCPFrameServer.FullConnectionsRejectAndRecoverBeforeMatchStarts
528/703 Test #528: TCPFrameServer.FullConnectionsRejectAndRecoverBeforeMatchStarts ..............................................   Passed    0.03 sec
        Start 529: TCPFrameServer.UnreadyConnectionsExpireAndReleaseReservation
529/703 Test #529: TCPFrameServer.UnreadyConnectionsExpireAndReleaseReservation .................................................   Passed    0.14 sec
        Start 530: TCPFrameServer.InvalidHeadersAndForeignSlotDisconnectWithoutGrowingBuffer
530/703 Test #530: TCPFrameServer.InvalidHeadersAndForeignSlotDisconnectWithoutGrowingBuffer ....................................   Passed    0.05 sec
        Start 531: TCPFrameServer.FragmentedInputAndHeartbeatPreserveFrameAndSlotOrder
531/703 Test #531: TCPFrameServer.FragmentedInputAndHeartbeatPreserveFrameAndSlotOrder ..........................................   Passed    0.11 sec
        Start 532: TCPFrameServer.SlowReaderIsClosedWhileHealthyPeerReceivesConsecutiveFullFrames
532/703 Test #532: TCPFrameServer.SlowReaderIsClosedWhileHealthyPeerReceivesConsecutiveFullFrames ...............................   Passed    0.46 sec
        Start 533: TCPFrameServer.StopWakesWaitingFrameLoopAndDrainsPendingSocketCallbacks
533/703 Test #533: TCPFrameServer.StopWakesWaitingFrameLoopAndDrainsPendingSocketCallbacks ......................................   Passed    0.02 sec
        Start 534: TCPFrameServer.WrapperDestructionWithLiveIoKeepsCallbacksSafe
534/703 Test #534: TCPFrameServer.WrapperDestructionWithLiveIoKeepsCallbacksSafe ................................................   Passed    0.02 sec
        Start 535: TCPClientCapacity.InvalidConfigurationIsRejectedBeforeConnecting
535/703 Test #535: TCPClientCapacity.InvalidConfigurationIsRejectedBeforeConnecting .............................................   Passed    0.00 sec
        Start 536: TCPClientCapacity.PartialHandshakeHasAnAbsoluteDeadline
536/703 Test #536: TCPClientCapacity.PartialHandshakeHasAnAbsoluteDeadline ......................................................   Passed    0.06 sec
        Start 537: TCPClientCapacity.InvalidSessionAndSlotHeadersFailEarly
537/703 Test #537: TCPClientCapacity.InvalidSessionAndSlotHeadersFailEarly ......................................................   Passed    0.11 sec
        Start 538: TCPClientCapacity.AuthorityCapacityReleasesOnPopAndPreservesWholeFrames
538/703 Test #538: TCPClientCapacity.AuthorityCapacityReleasesOnPopAndPreservesWholeFrames ......................................   Passed    0.07 sec
        Start 539: TCPClientCapacity.AuthorityAndHashOverflowStopAndReleasePayloads
539/703 Test #539: TCPClientCapacity.AuthorityAndHashOverflowStopAndReleasePayloads .............................................   Passed    0.03 sec
        Start 540: TCPClientCapacity.MalformedInputsAndConflictingHashesAreTerminal
540/703 Test #540: TCPClientCapacity.MalformedInputsAndConflictingHashesAreTerminal .............................................   Passed    0.08 sec
        Start 541: TCPClientCapacity.ControlsConsumeEntirePacketsAndLeaveAuthorityAligned
541/703 Test #541: TCPClientCapacity.ControlsConsumeEntirePacketsAndLeaveAuthorityAligned .......................................   Passed    0.07 sec
        Start 542: TCPClientCapacity.OutgoingLimitIncludesUndispatchedPacketsAndCloseDrains
542/703 Test #542: TCPClientCapacity.OutgoingLimitIncludesUndispatchedPacketsAndCloseDrains .....................................   Passed    0.01 sec
        Start 543: TCPClientCapacity.IdlePeerTerminatesAndForeignSlotsCannotBeSent
543/703 Test #543: TCPClientCapacity.IdlePeerTerminatesAndForeignSlotsCannotBeSent ..............................................   Passed    0.08 sec
        Start 544: TCPClientCapacity.ResumeRestoresOneBoundedSnapshotAndKeepsCoalescedFrames
544/703 Test #544: TCPClientCapacity.ResumeRestoresOneBoundedSnapshotAndKeepsCoalescedFrames ....................................   Passed    0.02 sec
        Start 545: TCPClientCapacity.MaximumAssignmentAndInputUseAllTwentyTwoSlots
545/703 Test #545: TCPClientCapacity.MaximumAssignmentAndInputUseAllTwentyTwoSlots ..............................................   Passed    0.06 sec
        Start 546: TCPClientCapacity.OversizedSnapshotFailsAndASecondAttemptRetainsSessionIdentity
546/703 Test #546: TCPClientCapacity.OversizedSnapshotFailsAndASecondAttemptRetainsSessionIdentity ..............................   Passed    0.10 sec
        Start 547: TCPClientCapacity.DestructionDiscardsPendingReadAndUndispatchedWrites
547/703 Test #547: TCPClientCapacity.DestructionDiscardsPendingReadAndUndispatchedWrites ........................................   Passed    0.40 sec
        Start 548: TCPFrameClient.FrameZeroAndIndependentInputsUnblockPredictionAtItsCap
548/703 Test #548: TCPFrameClient.FrameZeroAndIndependentInputsUnblockPredictionAtItsCap ........................................   Passed    0.02 sec
        Start 549: TCPFrameClient.HashMismatchStopsAllFurtherEngineSteps
549/703 Test #549: TCPFrameClient.HashMismatchStopsAllFurtherEngineSteps ........................................................   Passed    0.02 sec
        Start 550: TCPFrameClient.ResumeUsesSnapshotFrameOriginWithoutReinitializingEngine
550/703 Test #550: TCPFrameClient.ResumeUsesSnapshotFrameOriginWithoutReinitializingEngine ......................................   Passed    0.07 sec
        Start 551: ReconnectingClient.RetryConfigurationAndMissingCredentialFailBeforeIO
551/703 Test #551: ReconnectingClient.RetryConfigurationAndMissingCredentialFailBeforeIO ........................................   Passed    0.00 sec
        Start 552: ReconnectingClient.ConnectionRefusalSaturatesDelayAndExhaustsFiniteRetryBudget
552/703 Test #552: ReconnectingClient.ConnectionRefusalSaturatesDelayAndExhaustsFiniteRetryBudget ...............................   Passed    0.03 sec
        Start 553: ReconnectingClient.EOFTriggersAutomaticSnapshotResumeAndConfirmedHashProgress
553/703 Test #553: ReconnectingClient.EOFTriggersAutomaticSnapshotResumeAndConfirmedHashProgress ................................   Passed    0.05 sec
        Start 554: ReconnectingClient.ProtocolAndHashFailuresDoNotRetryOrKeepStepping
554/703 Test #554: ReconnectingClient.ProtocolAndHashFailuresDoNotRetryOrKeepStepping ...........................................   Passed    0.03 sec
        Start 555: ReconnectingClient.CloseInsideDisconnectCallbackCancelsAutomaticRecovery
555/703 Test #555: ReconnectingClient.CloseInsideDisconnectCallbackCancelsAutomaticRecovery .....................................   Passed    0.02 sec
        Start 556: ReconnectingClient.CloseOrThrowInsideRetryCallbackCannotStartANewConnection
556/703 Test #556: ReconnectingClient.CloseOrThrowInsideRetryCallbackCannotStartANewConnection ..................................   Passed    0.05 sec
        Start 557: ReconnectingClient.CloseDuringEnginePreparationCannotReportConnectionSuccess
557/703 Test #557: ReconnectingClient.CloseDuringEnginePreparationCannotReportConnectionSuccess .................................   Passed    0.01 sec
        Start 558: ReconnectingClient.FailedInitialEnginePreparationIsTerminal
558/703 Test #558: ReconnectingClient.FailedInitialEnginePreparationIsTerminal ..................................................   Passed    0.02 sec
        Start 559: ReconnectingClient.PartialResumeTimeoutRetriesTheSameSessionAndRestoresOnSecondAttempt
559/703 Test #559: ReconnectingClient.PartialResumeTimeoutRetriesTheSameSessionAndRestoresOnSecondAttempt .......................   Passed    0.17 sec
        Start 560: ReconnectingClient.InvalidEngineSnapshotDoesNotSendReadyOrRetry
560/703 Test #560: ReconnectingClient.InvalidEngineSnapshotDoesNotSendReadyOrRetry ..............................................   Passed    0.06 sec
        Start 561: native_udp_bootstrap_test.UDPBootstrap.CanonicalEndpointAndScope
561/703 Test #561: native_udp_bootstrap_test.UDPBootstrap.CanonicalEndpointAndScope .............................................   Passed    0.00 sec
        Start 562: native_udp_bootstrap_test.UDPBootstrap.RejectInvalidEndpointsAndPadding
562/703 Test #562: native_udp_bootstrap_test.UDPBootstrap.RejectInvalidEndpointsAndPadding ......................................   Passed    0.00 sec
        Start 563: native_udp_bootstrap_test.UDPBootstrap.ExactBoundedWireFormat
563/703 Test #563: native_udp_bootstrap_test.UDPBootstrap.ExactBoundedWireFormat ................................................   Passed    0.00 sec
        Start 564: native_udp_bootstrap_test.UDPBootstrap.RejectMalformedWireBeforeState
564/703 Test #564: native_udp_bootstrap_test.UDPBootstrap.RejectMalformedWireBeforeState ........................................   Passed    0.00 sec
        Start 565: native_udp_bootstrap_test.UDPBootstrap.ServerEntropyFailsClosedAndIsBounded
565/703 Test #565: native_udp_bootstrap_test.UDPBootstrap.ServerEntropyFailsClosedAndIsBounded ..................................   Passed    0.00 sec
        Start 566: native_udp_bootstrap_test.UDPBootstrap.ClientEntropyFailsClosedAndIsBounded
566/703 Test #566: native_udp_bootstrap_test.UDPBootstrap.ClientEntropyFailsClosedAndIsBounded ..................................   Passed    0.00 sec
        Start 567: native_udp_bootstrap_test.UDPBootstrap.CookieBindsAllBytesAndReturnRoute
567/703 Test #567: native_udp_bootstrap_test.UDPBootstrap.CookieBindsAllBytesAndReturnRoute .....................................   Passed    0.00 sec
        Start 568: native_udp_bootstrap_test.UDPBootstrap.ServerExpirationAndOverflowAreAbsolute
568/703 Test #568: native_udp_bootstrap_test.UDPBootstrap.ServerExpirationAndOverflowAreAbsolute ................................   Passed    0.00 sec
        Start 569: native_udp_bootstrap_test.UDPBootstrap.RestartAndFreshNonceChangeIdentity
569/703 Test #569: native_udp_bootstrap_test.UDPBootstrap.RestartAndFreshNonceChangeIdentity ....................................   Passed    0.00 sec
        Start 570: native_udp_bootstrap_test.UDPBootstrap.NoRegistrySlotsAllocatedByHelloFlood
570/703 Test #570: native_udp_bootstrap_test.UDPBootstrap.NoRegistrySlotsAllocatedByHelloFlood ..................................   Passed    0.01 sec
        Start 571: native_udp_bootstrap_test.UDPBootstrap.CapacityIsHardBoundIncludingTombstones
571/703 Test #571: native_udp_bootstrap_test.UDPBootstrap.CapacityIsHardBoundIncludingTombstones ................................   Passed    0.00 sec
        Start 572: native_udp_bootstrap_test.UDPBootstrap.DuplicateConfirmReusesExistingChannel
572/703 Test #572: native_udp_bootstrap_test.UDPBootstrap.DuplicateConfirmReusesExistingChannel .................................   Passed    0.01 sec
        Start 573: native_udp_bootstrap_test.UDPBootstrap.RetiredGenerationCannotReopenBeforeCookieExpiry
573/703 Test #573: native_udp_bootstrap_test.UDPBootstrap.RetiredGenerationCannotReopenBeforeCookieExpiry .......................   Passed    0.00 sec
        Start 574: native_udp_bootstrap_test.UDPBootstrap.ActiveConnectionOutlivesBootstrapCookie
574/703 Test #574: native_udp_bootstrap_test.UDPBootstrap.ActiveConnectionOutlivesBootstrapCookie ...............................   Passed    0.00 sec
        Start 575: native_udp_bootstrap_test.UDPBootstrap.RegistryRejectsClockReversalAndWrongRetirement
575/703 Test #575: native_udp_bootstrap_test.UDPBootstrap.RegistryRejectsClockReversalAndWrongRetirement ........................   Passed    0.01 sec
        Start 576: native_udp_bootstrap_test.UDPBootstrap.ClientUsesOwnClockAndDeadline
576/703 Test #576: native_udp_bootstrap_test.UDPBootstrap.ClientUsesOwnClockAndDeadline .........................................   Passed    0.00 sec
        Start 577: native_udp_bootstrap_test.UDPBootstrap.RetransmissionNeverRenewsDeadline
577/703 Test #577: native_udp_bootstrap_test.UDPBootstrap.RetransmissionNeverRenewsDeadline .....................................   Passed    0.00 sec
        Start 578: native_udp_bootstrap_test.UDPBootstrap.FirstChallengeRemainsStableAcrossRetries
578/703 Test #578: native_udp_bootstrap_test.UDPBootstrap.FirstChallengeRemainsStableAcrossRetries ..............................   Passed    0.00 sec
        Start 579: native_udp_bootstrap_test.UDPBootstrap.DuplicateWelcomeCannotResetEstablishedState
579/703 Test #579: native_udp_bootstrap_test.UDPBootstrap.DuplicateWelcomeCannotResetEstablishedState ...........................   Passed    0.00 sec
        Start 580: native_udp_bootstrap_test.UDPBootstrap.WelcomeBeforeChallengeAndConfirmAreIgnored
580/703 Test #580: native_udp_bootstrap_test.UDPBootstrap.WelcomeBeforeChallengeAndConfirmAreIgnored ............................   Passed    0.00 sec
        Start 581: native_udp_bootstrap_test.UDPBootstrap.WrongReplyEndpointCannotEstablishOrChooseCookie
581/703 Test #581: native_udp_bootstrap_test.UDPBootstrap.WrongReplyEndpointCannotEstablishOrChooseCookie .......................   Passed    0.00 sec
        Start 582: native_udp_bootstrap_test.UDPBootstrap.OldAttemptCannotEstablishFreshAttempt
582/703 Test #582: native_udp_bootstrap_test.UDPBootstrap.OldAttemptCannotEstablishFreshAttempt .................................   Passed    0.00 sec
        Start 583: native_udp_bootstrap_test.UDPBootstrap.SelectedCookieMustMatchEveryWelcomeByte
583/703 Test #583: native_udp_bootstrap_test.UDPBootstrap.SelectedCookieMustMatchEveryWelcomeByte ...............................   Passed    0.00 sec
        Start 584: native_udp_bootstrap_test.UDPBootstrap.LateRepliesAndClockReversalNeverExtendAttempt
584/703 Test #584: native_udp_bootstrap_test.UDPBootstrap.LateRepliesAndClockReversalNeverExtendAttempt .........................   Passed    0.00 sec
        Start 585: native_udp_bootstrap_test.UDPBootstrap.ActualEntropyGeneratesDistinctPhysicalAttempts
585/703 Test #585: native_udp_bootstrap_test.UDPBootstrap.ActualEntropyGeneratesDistinctPhysicalAttempts ........................   Passed    0.00 sec
        Start 586: native_udp_bootstrap_test.UDPBootstrap.MatchesIndependentHmacSha256Vector
586/703 Test #586: native_udp_bootstrap_test.UDPBootstrap.MatchesIndependentHmacSha256Vector ....................................   Passed    0.00 sec
        Start 587: native_udp_bootstrap_test.UDPBootstrapSocket.LostMessagesRetryWithoutDuplicatingChannel
587/703 Test #587: native_udp_bootstrap_test.UDPBootstrapSocket.LostMessagesRetryWithoutDuplicatingChannel ......................   Passed    0.15 sec
        Start 588: native_udp_bootstrap_test.UDPBootstrapSocket.FreshNegotiationRejectsPreviousDataAndAck
588/703 Test #588: native_udp_bootstrap_test.UDPBootstrapSocket.FreshNegotiationRejectsPreviousDataAndAck .......................   Passed    0.04 sec
        Start 589: native_udp_window_test.DatagramTest.ConstructorValidatesBudgetBeforeUse
589/703 Test #589: native_udp_window_test.DatagramTest.ConstructorValidatesBudgetBeforeUse ......................................   Passed    0.04 sec
        Start 590: native_udp_window_test.DatagramTest.PacketCapRejectsBeforeSequenceAndRecoversAfterAck
590/703 Test #590: native_udp_window_test.DatagramTest.PacketCapRejectsBeforeSequenceAndRecoversAfterAck ........................   Passed    0.05 sec
        Start 591: native_udp_window_test.DatagramTest.ByteCapIsIndependentOfPacketCountAndSurvivesRepeatedDrain
591/703 Test #591: native_udp_window_test.DatagramTest.ByteCapIsIndependentOfPacketCountAndSurvivesRepeatedDrain ................   Passed    0.48 sec
        Start 592: native_udp_window_test.DatagramTest.InvalidLengthsNeverAllocateOrConsumeSequence
592/703 Test #592: native_udp_window_test.DatagramTest.InvalidLengthsNeverAllocateOrConsumeSequence .............................   Passed    0.02 sec
        Start 593: native_udp_window_test.DatagramTest.RetryExhaustionIsTerminalAndReleasesAllPackets
593/703 Test #593: native_udp_window_test.DatagramTest.RetryExhaustionIsTerminalAndReleasesAllPackets ...........................   Passed    0.05 sec
        Start 594: native_udp_window_test.DatagramTest.AckAfterRetransmitDoesNotDistortRttAndFreesCapacity
594/703 Test #594: native_udp_window_test.DatagramTest.AckAfterRetransmitDoesNotDistortRttAndFreesCapacity ......................   Passed    0.04 sec
        Start 595: native_udp_window_test.DatagramTest.SendAndRetransmitSocketFailuresReleasePendingStorage
595/703 Test #595: native_udp_window_test.DatagramTest.SendAndRetransmitSocketFailuresReleasePendingStorage .....................   Passed    0.08 sec
        Start 596: native_udp_window_test.DatagramTest.MalformedDataAndUnknownAcksDoNotChangePendingOrDeliver
596/703 Test #596: native_udp_window_test.DatagramTest.MalformedDataAndUnknownAcksDoNotChangePendingOrDeliver ...................   Passed    0.04 sec
        Start 597: native_udp_window_test.DatagramTest.RealReceiverAcknowledgesAndCallbackCanSendAndClose
597/703 Test #597: native_udp_window_test.DatagramTest.RealReceiverAcknowledgesAndCallbackCanSendAndClose .......................   Passed    0.04 sec
        Start 598: native_udp_window_test.DatagramTest.AckSendFailureDoesNotDeliverAndClosePreservesSharedSocket
598/703 Test #598: native_udp_window_test.DatagramTest.AckSendFailureDoesNotDeliverAndClosePreservesSharedSocket ................   Passed    0.04 sec
        Start 599: native_udp_window_test.DatagramTest.ConcurrentSendsCannotExceedBudget
599/703 Test #599: native_udp_window_test.DatagramTest.ConcurrentSendsCannotExceedBudget ........................................   Passed    0.08 sec
        Start 600: native_udp_window_test.DatagramTest.ReorderedDatagramsDeliverExactlyOnceAndInSequence
600/703 Test #600: native_udp_window_test.DatagramTest.ReorderedDatagramsDeliverExactlyOnceAndInSequence ........................   Passed    0.04 sec
        Start 601: native_udp_window_test.DatagramTest.ConflictingFutureDatagramFailsBeforeApplicationDelivery
601/703 Test #601: native_udp_window_test.DatagramTest.ConflictingFutureDatagramFailsBeforeApplicationDelivery ..................   Passed    0.04 sec
        Start 602: native_udp_window_test.DatagramTest.ReceiveCapacityCountsInFlightCallbacksAndRetainedFuturePackets
602/703 Test #602: native_udp_window_test.DatagramTest.ReceiveCapacityCountsInFlightCallbacksAndRetainedFuturePackets ...........   Passed    0.04 sec
        Start 603: native_udp_window_test.DatagramTest.ReentrantReceiveQueuesBehindCurrentCallbackWithoutDeadlock
603/703 Test #603: native_udp_window_test.DatagramTest.ReentrantReceiveQueuesBehindCurrentCallbackWithoutDeadlock ...............   Passed    0.03 sec
        Start 604: native_udp_window_test.DatagramTest.ThrowingReceiveCallbackReleasesBothDirectionsAndRejectsFurtherWork
604/703 Test #604: native_udp_window_test.DatagramTest.ThrowingReceiveCallbackReleasesBothDirectionsAndRejectsFurtherWork .......   Passed    0.04 sec
        Start 605: native_udp_window_test.DatagramTest.ReceiveByteLimitAndSequenceWindowRejectBeforeAck
605/703 Test #605: native_udp_window_test.DatagramTest.ReceiveByteLimitAndSequenceWindowRejectBeforeAck .........................   Passed    0.04 sec
        Start 606: native_udp_window_test.RTTBudget.ExtremeDurationsAndDeviationRemainBoundedInMilliseconds
606/703 Test #606: native_udp_window_test.RTTBudget.ExtremeDurationsAndDeviationRemainBoundedInMilliseconds .....................   Passed    0.00 sec
        Start 607: native_udp_window_test.GenerationDatagramTest.LateDataCannotAdvanceNewConnection
607/703 Test #607: native_udp_window_test.GenerationDatagramTest.LateDataCannotAdvanceNewConnection .............................   Passed    0.04 sec
        Start 608: native_udp_window_test.GenerationDatagramTest.LateAckCannotClearNewPending
608/703 Test #608: native_udp_window_test.GenerationDatagramTest.LateAckCannotClearNewPending ...................................   Passed    0.04 sec
        Start 609: native_udp_window_test.GenerationDatagramTest.HeaderCarriesEveryIdentityByteAndExactMaximum
609/703 Test #609: native_udp_window_test.GenerationDatagramTest.HeaderCarriesEveryIdentityByteAndExactMaximum ..................   Passed    0.04 sec
        Start 610: native_udp_window_test.GenerationDatagramTest.OversizedPayloadDoesNotConsumeSequence
610/703 Test #610: native_udp_window_test.GenerationDatagramTest.OversizedPayloadDoesNotConsumeSequence .........................   Passed    0.04 sec
        Start 611: native_udp_window_test.GenerationDatagramTest.AllZeroIdentityRejectedWithoutSocketEffects
611/703 Test #611: native_udp_window_test.GenerationDatagramTest.AllZeroIdentityRejectedWithoutSocketEffects ....................   Passed    0.04 sec
        Start 612: native_udp_window_test.GenerationDatagramTest.EveryWrongIdentityByteIsIgnoredBeforeQueueAndAck
612/703 Test #612: native_udp_window_test.GenerationDatagramTest.EveryWrongIdentityByteIsIgnoredBeforeQueueAndAck ...............   Passed    0.06 sec
        Start 613: native_udp_window_test.GenerationDatagramTest.TruncatedAndExtendedPrefixesHaveNoStateEffects
613/703 Test #613: native_udp_window_test.GenerationDatagramTest.TruncatedAndExtendedPrefixesHaveNoStateEffects .................   Passed    0.03 sec
        Start 614: native_udp_window_test.GenerationDatagramTest.WrongMalformedAndUnknownAcksKeepPendingAndRtt
614/703 Test #614: native_udp_window_test.GenerationDatagramTest.WrongMalformedAndUnknownAcksKeepPendingAndRtt ..................   Passed    0.06 sec
        Start 615: native_udp_window_test.GenerationDatagramTest.LegacyAndScopedModesDoNotMix
615/703 Test #615: native_udp_window_test.GenerationDatagramTest.LegacyAndScopedModesDoNotMix ...................................   Passed    0.03 sec
        Start 616: native_udp_window_test.GenerationDatagramTest.ScopedDataReordersAndDeliversExactlyOnce
616/703 Test #616: native_udp_window_test.GenerationDatagramTest.ScopedDataReordersAndDeliversExactlyOnce .......................   Passed    0.04 sec
        Start 617: native_udp_window_test.GenerationDatagramTest.ScopedSendByteBudgetIncludesIdentityStorage
617/703 Test #617: native_udp_window_test.GenerationDatagramTest.ScopedSendByteBudgetIncludesIdentityStorage ....................   Passed    0.04 sec
        Start 618: native_udp_window_test.GenerationDatagramTest.ScopedReceiveByteBudgetCountsHeaderBeforeAck
618/703 Test #618: native_udp_window_test.GenerationDatagramTest.ScopedReceiveByteBudgetCountsHeaderBeforeAck ...................   Passed    0.04 sec
        Start 619: native_udp_window_test.GenerationDatagramTest.WrongGenerationExtremeSequenceCannotCloseCurrentWindow
619/703 Test #619: native_udp_window_test.GenerationDatagramTest.WrongGenerationExtremeSequenceCannotCloseCurrentWindow .........   Passed    0.04 sec
        Start 620: native_udp_window_test.GenerationDatagramTest.LostAckRetransmitsSameScopedPacketWithoutDuplicateDelivery
620/703 Test #620: native_udp_window_test.GenerationDatagramTest.LostAckRetransmitsSameScopedPacketWithoutDuplicateDelivery .....   Passed    0.04 sec
        Start 621: native_udp_window_test.GenerationDatagramTest.ScopedRetryExhaustionReleasesBothQueues
621/703 Test #621: native_udp_window_test.GenerationDatagramTest.ScopedRetryExhaustionReleasesBothQueues ........................   Passed    0.05 sec
        Start 622: native_udp_window_test.GenerationDatagramTest.CallbackCanReplyAndCloseWithIdentityPreserved
622/703 Test #622: native_udp_window_test.GenerationDatagramTest.CallbackCanReplyAndCloseWithIdentityPreserved ..................   Passed    0.04 sec
        Start 623: native_udp_window_test.GenerationDatagramTest.RepeatedPhysicalGenerationsCannotReusePreviousPackets
623/703 Test #623: native_udp_window_test.GenerationDatagramTest.RepeatedPhysicalGenerationsCannotReusePreviousPackets ..........   Passed    0.76 sec
        Start 624: native_udp_window_test.GenerationDatagramTest.SelectiveAcksCannotAdvancePastLostFirstPacket
624/703 Test #624: native_udp_window_test.GenerationDatagramTest.SelectiveAcksCannotAdvancePastLostFirstPacket ..................   Passed    0.05 sec
        Start 625: native_udp_window_test.GenerationDatagramTest.SelectiveAcksCannotAdvancePastLostMiddlePacket
625/703 Test #625: native_udp_window_test.GenerationDatagramTest.SelectiveAcksCannotAdvancePastLostMiddlePacket .................   Passed    0.06 sec
        Start 626: native_udp_stream_test.StreamPair.LargeComposedTransferPipelinesWithinWireAndMemoryLimits
626/703 Test #626: native_udp_stream_test.StreamPair.LargeComposedTransferPipelinesWithinWireAndMemoryLimits ....................   Passed    1.08 sec
        Start 627: native_udp_stream_test.StreamPair.ScatterGatherPreservesEmptyAndPartialBuffers
627/703 Test #627: native_udp_stream_test.StreamPair.ScatterGatherPreservesEmptyAndPartialBuffers ...............................   Passed    0.02 sec
        Start 628: native_udp_stream_test.StreamPair.RingWrapPreservesUnreadPrefix
628/703 Test #628: native_udp_stream_test.StreamPair.RingWrapPreservesUnreadPrefix ..............................................   Passed    0.05 sec
        Start 629: native_udp_stream_test.StreamPair.SmallWireBudgetStillMakesProgress
629/703 Test #629: native_udp_stream_test.StreamPair.SmallWireBudgetStillMakesProgress ..........................................   Passed    0.04 sec
        Start 630: native_udp_stream_test.StreamPair.FullReliabilityWindowWaitsForAckWithoutDroppingNextBytes
630/703 Test #630: native_udp_stream_test.StreamPair.FullReliabilityWindowWaitsForAckWithoutDroppingNextBytes ...................   Passed    0.04 sec
        Start 631: native_udp_stream_test.StreamPair.OutOfOrderPacketsDeliverOnceInOriginalOrder
631/703 Test #631: native_udp_stream_test.StreamPair.OutOfOrderPacketsDeliverOnceInOriginalOrder ................................   Passed    0.04 sec
        Start 632: native_udp_stream_test.StreamPair.BoundedWriterUsesTheSameSocketCancellationAndBackpressure
632/703 Test #632: native_udp_stream_test.StreamPair.BoundedWriterUsesTheSameSocketCancellationAndBackpressure ..................   Passed    0.05 sec
        Start 633: native_udp_stream_test.StreamPair.FullReorderedWindowFitsDefaultReceiveRingWhileReadCompletionIsPosted
633/703 Test #633: native_udp_stream_test.StreamPair.FullReorderedWindowFitsDefaultReceiveRingWhileReadCompletionIsPosted .......   Passed    0.12 sec
        Start 634: native_udp_stream_test.StreamPair.ActualDataAndAckLossRecoverWithoutDuplicateApplicationBytes
634/703 Test #634: native_udp_stream_test.StreamPair.ActualDataAndAckLossRecoverWithoutDuplicateApplicationBytes ................   Passed    0.03 sec
        Start 635: native_udp_stream_test.StreamPair.SelectiveAckWindowBackpressureResumesAfterMissingFirstPacket
635/703 Test #635: native_udp_stream_test.StreamPair.SelectiveAckWindowBackpressureResumesAfterMissingFirstPacket ...............   Passed    0.04 sec
        Start 636: native_udp_stream_test.StreamPair.CloseBeforeDispatchCompletesEachOperationOnceWithoutSending
636/703 Test #636: native_udp_stream_test.StreamPair.CloseBeforeDispatchCompletesEachOperationOnceWithoutSending ................   Passed    0.04 sec
        Start 637: native_udp_stream_test.StreamPair.OverlappingOperationsRejectOnlyTheSecondRequest
637/703 Test #637: native_udp_stream_test.StreamPair.OverlappingOperationsRejectOnlyTheSecondRequest ............................   Passed    0.04 sec
        Start 638: native_udp_stream_test.StreamPair.DestructionAbortsPendingOperationsAndExpiresWeakControl
638/703 Test #638: native_udp_stream_test.StreamPair.DestructionAbortsPendingOperationsAndExpiresWeakControl ....................   Passed    0.03 sec
        Start 639: native_udp_stream_test.StreamPair.MoveTransfersConnectionAndAssignmentCancelsReplacedState
639/703 Test #639: native_udp_stream_test.StreamPair.MoveTransfersConnectionAndAssignmentCancelsReplacedState ...................   Passed    0.04 sec
        Start 640: native_udp_stream_test.StreamPair.EmptyOperationsAreAsynchronousAndDoNotConsumeWireSequence
640/703 Test #640: native_udp_stream_test.StreamPair.EmptyOperationsAreAsynchronousAndDoNotConsumeWireSequence ..................   Passed    0.04 sec
        Start 641: native_udp_stream_test.StreamPair.AssociatedExecutorAndWorkLifetimeSurvivePendingRead
641/703 Test #641: native_udp_stream_test.StreamPair.AssociatedExecutorAndWorkLifetimeSurvivePendingRead ........................   Passed    0.05 sec
        Start 642: native_udp_stream_test.StreamPair.FutureTokensAndCloseErrorsFollowAsioCompletionContract
642/703 Test #642: native_udp_stream_test.StreamPair.FutureTokensAndCloseErrorsFollowAsioCompletionContract .....................   Passed    0.04 sec
        Start 643: native_udp_stream_test.StreamPair.BoundedWriterDeadlineCancelsBlockedFragmentAndRetainedBytes
643/703 Test #643: native_udp_stream_test.StreamPair.BoundedWriterDeadlineCancelsBlockedFragmentAndRetainedBytes ................   Passed    0.05 sec
        Start 644: native_udp_stream_test.StreamPair.CloseFromAnotherThreadSerializesWithPendingOperations
644/703 Test #644: native_udp_stream_test.StreamPair.CloseFromAnotherThreadSerializesWithPendingOperations ......................   Passed    0.03 sec
        Start 645: native_udp_stream_test.StreamPair.InvalidLimitsAndIdentityFailBeforeAffectingSharedSocket
645/703 Test #645: native_udp_stream_test.StreamPair.InvalidLimitsAndIdentityFailBeforeAffectingSharedSocket ....................   Passed    0.04 sec
        Start 646: native_udp_stream_test.StreamPair.ReceiveOverflowClosesOnlyTheOverloadedStream
646/703 Test #646: native_udp_stream_test.StreamPair.ReceiveOverflowClosesOnlyTheOverloadedStream ...............................   Passed    0.05 sec
        Start 647: native_udp_stream_test.StreamPair.RetransmissionExhaustionFailsBlockedReadAndWriteOnce
647/703 Test #647: native_udp_stream_test.StreamPair.RetransmissionExhaustionFailsBlockedReadAndWriteOnce .......................   Passed    0.04 sec
        Start 648: native_udp_stream_test.StreamPair.ForeignEndpointCannotDeliverValidIdentityOrEmitAck
648/703 Test #648: native_udp_stream_test.StreamPair.ForeignEndpointCannotDeliverValidIdentityOrEmitAck .........................   Passed    0.06 sec
        Start 649: native_udp_stream_test.StreamPair.OldGenerationDataAckAndWeakCallbackCannotChangeFreshStream
649/703 Test #649: native_udp_stream_test.StreamPair.OldGenerationDataAckAndWeakCallbackCannotChangeFreshStream .................   Passed    0.06 sec
        Start 650: native_udp_stream_test.StreamPair.TruncatedDatagramsDoNotMutateStreamOrPendingWrites
650/703 Test #650: native_udp_stream_test.StreamPair.TruncatedDatagramsDoNotMutateStreamOrPendingWrites .........................   Passed    0.04 sec
        Start 651: native_udp_stream_test.StreamPair.ActualSharedSocketFailureReleasesAllPendingOperations
651/703 Test #651: native_udp_stream_test.StreamPair.ActualSharedSocketFailureReleasesAllPendingOperations ......................   Passed    0.04 sec
        Start 652: native_udp_stream_test.StreamPair.DatagramAndRetransmitCallsRequireListenerExecutor
652/703 Test #652: native_udp_stream_test.StreamPair.DatagramAndRetransmitCallsRequireListenerExecutor ..........................   Passed    0.04 sec
        Start 653: native_udp_listener_test.ListenerFixture.InvalidLimitsOrUnavailableEntropyCannotOpenListener
653/703 Test #653: native_udp_listener_test.ListenerFixture.InvalidLimitsOrUnavailableEntropyCannotOpenListener .................   Passed    0.02 sec
        Start 654: native_udp_listener_test.ListenerFixture.HelloFloodHasFixedReplySizeAndAllocatesNoChannel
654/703 Test #654: native_udp_listener_test.ListenerFixture.HelloFloodHasFixedReplySizeAndAllocatesNoChannel ....................   Passed    2.40 sec
        Start 655: native_udp_listener_test.ListenerFixture.MalformedAndUnprovenTrafficCannotAllocateOrPoisonNextHandshake
655/703 Test #655: native_udp_listener_test.ListenerFixture.MalformedAndUnprovenTrafficCannotAllocateOrPoisonNextHandshake ......   Passed    0.18 sec
        Start 656: native_udp_listener_test.ListenerFixture.PendingAcceptCompletesOnlyAfterReturnRouteProof
656/703 Test #656: native_udp_listener_test.ListenerFixture.PendingAcceptCompletesOnlyAfterReturnRouteProof .....................   Passed    0.02 sec
        Start 657: native_udp_listener_test.ListenerFixture.CompletedHandshakeWaitsWithinBoundedAcceptBacklog
657/703 Test #657: native_udp_listener_test.ListenerFixture.CompletedHandshakeWaitsWithinBoundedAcceptBacklog ...................   Passed    0.04 sec
        Start 658: native_udp_listener_test.ListenerFixture.DuplicateConfirmationDoesNotCreateASecondAcceptedStream
658/703 Test #658: native_udp_listener_test.ListenerFixture.DuplicateConfirmationDoesNotCreateASecondAcceptedStream .............   Passed    0.05 sec
        Start 659: native_udp_listener_test.ListenerFixture.RetiredConnectionsRemainCapacityBoundedUntilCookieExpiry
659/703 Test #659: native_udp_listener_test.ListenerFixture.RetiredConnectionsRemainCapacityBoundedUntilCookieExpiry ............   Passed    0.15 sec
        Start 660: native_udp_listener_test.ListenerFixture.UnacceptedTimeoutRetiresConnectionWithoutRevivingOnConfirmReplay
660/703 Test #660: native_udp_listener_test.ListenerFixture.UnacceptedTimeoutRetiresConnectionWithoutRevivingOnConfirmReplay ....   Passed    0.09 sec
        Start 661: native_udp_listener_test.ListenerFixture.LargeActualStreamRoundTripPreservesEveryByte
661/703 Test #661: native_udp_listener_test.ListenerFixture.LargeActualStreamRoundTripPreservesEveryByte ........................   Passed    0.12 sec
        Start 662: native_udp_listener_test.ListenerFixture.EndpointAndGenerationAreBothRequiredBeforeApplicationDelivery
662/703 Test #662: native_udp_listener_test.ListenerFixture.EndpointAndGenerationAreBothRequiredBeforeApplicationDelivery .......   Passed    0.05 sec
        Start 663: native_udp_listener_test.ListenerFixture.ClosingOneStreamPreservesOtherLivePeerAndListener
663/703 Test #663: native_udp_listener_test.ListenerFixture.ClosingOneStreamPreservesOtherLivePeerAndListener ...................   Passed    0.10 sec
        Start 664: native_udp_listener_test.ListenerFixture.ReusedPhysicalEndpointRejectsOldDataAndConfirmation
664/703 Test #664: native_udp_listener_test.ListenerFixture.ReusedPhysicalEndpointRejectsOldDataAndConfirmation .................   Passed    0.07 sec
        Start 665: native_udp_listener_test.ListenerFixture.TimerExhaustionClosesOnlyTimedOutChannelAndFinishesOperations
665/703 Test #665: native_udp_listener_test.ListenerFixture.TimerExhaustionClosesOnlyTimedOutChannelAndFinishesOperations .......   Passed    0.24 sec
        Start 666: native_udp_listener_test.ListenerFixture.AcceptedChannelOutlivesBootstrapCookieDeadline
666/703 Test #666: native_udp_listener_test.ListenerFixture.AcceptedChannelOutlivesBootstrapCookieDeadline ......................   Passed    0.06 sec
        Start 667: native_udp_listener_test.ListenerFixture.LostEstablishedReplyRecoversWithoutAcceptingTwice
667/703 Test #667: native_udp_listener_test.ListenerFixture.LostEstablishedReplyRecoversWithoutAcceptingTwice ...................   Passed    0.04 sec
        Start 668: native_udp_listener_test.ListenerFixture.CloseBeforeAcceptCompletesAsynchronouslyExactlyOnce
668/703 Test #668: native_udp_listener_test.ListenerFixture.CloseBeforeAcceptCompletesAsynchronouslyExactlyOnce .................   Passed    0.00 sec
        Start 669: native_udp_listener_test.ListenerFixture.AcceptUsesAssociatedExecutorAndKeepsItAliveUntilCompletion
669/703 Test #669: native_udp_listener_test.ListenerFixture.AcceptUsesAssociatedExecutorAndKeepsItAliveUntilCompletion ..........   Passed    0.05 sec
        Start 670: native_udp_listener_test.ListenerFixture.OverlappingAcceptRejectsOnlySecondRequest
670/703 Test #670: native_udp_listener_test.ListenerFixture.OverlappingAcceptRejectsOnlySecondRequest ...........................   Passed    0.04 sec
        Start 671: native_udp_listener_test.ListenerFixture.DestructionCancelsAcceptedStreamAndPendingAcceptWithoutOwnerCycle
671/703 Test #671: native_udp_listener_test.ListenerFixture.DestructionCancelsAcceptedStreamAndPendingAcceptWithoutOwnerCycle ...   Passed    0.06 sec
        Start 672: native_udp_listener_test.ListenerFixture.CloseFromAnotherThreadClosesWireOnItsExecutor
672/703 Test #672: native_udp_listener_test.ListenerFixture.CloseFromAnotherThreadClosesWireOnItsExecutor .......................   Passed    0.05 sec
        Start 673: native_udp_dialer_test.DialFixture.NumericAddressEstablishesOneScopedStreamAsynchronously
673/703 Test #673: native_udp_dialer_test.DialFixture.NumericAddressEstablishesOneScopedStreamAsynchronously ....................   Passed    0.04 sec
        Start 674: native_udp_dialer_test.DialFixture.InvalidLimitsAndHostFailWithoutStartingNetworkWork
674/703 Test #674: native_udp_dialer_test.DialFixture.InvalidLimitsAndHostFailWithoutStartingNetworkWork ........................   Passed    0.01 sec
        Start 675: native_udp_dialer_test.DialFixture.HostnameResolutionConnectsUsingABoundedEndpointList
675/703 Test #675: native_udp_dialer_test.DialFixture.HostnameResolutionConnectsUsingABoundedEndpointList .......................   Passed    1.56 sec
        Start 676: native_udp_dialer_test.DialFixture.MultipleResolvedEndpointsFallbackAndIgnoreOldPhysicalCallbacks
676/703 Test #676: native_udp_dialer_test.DialFixture.MultipleResolvedEndpointsFallbackAndIgnoreOldPhysicalCallbacks ............   Passed    0.10 sec
        Start 677: native_udp_dialer_test.DialFixture.HandshakeRetriesCannotExtendTheAbsoluteConnectionDeadline
677/703 Test #677: native_udp_dialer_test.DialFixture.HandshakeRetriesCannotExtendTheAbsoluteConnectionDeadline .................   Passed    0.15 sec
        Start 678: native_udp_dialer_test.DialFixture.OverlappingDialRejectsSecondAndAllowsReuseAfterCancellation
678/703 Test #678: native_udp_dialer_test.DialFixture.OverlappingDialRejectsSecondAndAllowsReuseAfterCancellation ...............   Passed    0.08 sec
        Start 679: native_udp_dialer_test.DialFixture.UnavailableEntropyFailsClosedBeforeSendingHello
679/703 Test #679: native_udp_dialer_test.DialFixture.UnavailableEntropyFailsClosedBeforeSendingHello ...........................   Passed    0.04 sec
        Start 680: native_udp_dialer_test.DialFixture.EveryHandshakeDatagramCanBeLostOnceWithoutDuplicateAcceptance
680/703 Test #680: native_udp_dialer_test.DialFixture.EveryHandshakeDatagramCanBeLostOnceWithoutDuplicateAcceptance .............   Passed    0.50 sec
        Start 681: native_udp_dialer_test.DialFixture.ServerClockEpochIsOpaqueToClientHandshake
681/703 Test #681: native_udp_dialer_test.DialFixture.ServerClockEpochIsOpaqueToClientHandshake .................................   Passed    0.02 sec
        Start 682: native_udp_dialer_test.DialFixture.MutatedResolvedEndpointCountCannotOverflowFixedStorage
682/703 Test #682: native_udp_dialer_test.DialFixture.MutatedResolvedEndpointCountCannotOverflowFixedStorage ....................   Passed    0.01 sec
        Start 683: native_udp_dialer_test.DialFixture.ResolverCancellationCompletesOnceBeforeAnEndpointCanBeInstalled
683/703 Test #683: native_udp_dialer_test.DialFixture.ResolverCancellationCompletesOnceBeforeAnEndpointCanBeInstalled ...........   Passed    0.02 sec
        Start 684: native_udp_dialer_test.DialFixture.LargeBidirectionalTransferRunsWithActualClientAndListenerIOOwners
684/703 Test #684: native_udp_dialer_test.DialFixture.LargeBidirectionalTransferRunsWithActualClientAndListenerIOOwners .........   Passed    0.31 sec
        Start 685: native_udp_dialer_test.DialFixture.ClientDataAndServerAckLossRecoverWithoutDuplicateBytes
685/703 Test #685: native_udp_dialer_test.DialFixture.ClientDataAndServerAckLossRecoverWithoutDuplicateBytes ....................   Passed    0.39 sec
        Start 686: native_udp_dialer_test.DialFixture.ForeignEndpointCannotDeliverCapturedValidServerPacket
686/703 Test #686: native_udp_dialer_test.DialFixture.ForeignEndpointCannotDeliverCapturedValidServerPacket .....................   Passed    0.09 sec
        Start 687: native_udp_dialer_test.DialFixture.GenericWriterDeadlineClosesClientPhysicalSocketAfterBlockedFragment
687/703 Test #687: native_udp_dialer_test.DialFixture.GenericWriterDeadlineClosesClientPhysicalSocketAfterBlockedFragment .......   Passed    0.11 sec
        Start 688: native_udp_dialer_test.DialFixture.EstablishedStreamOutlivesTheOriginalDialDeadline
688/703 Test #688: native_udp_dialer_test.DialFixture.EstablishedStreamOutlivesTheOriginalDialDeadline ..........................   Passed    0.07 sec
        Start 689: native_udp_dialer_test.DialFixture.CancelBeforeDispatchSendsNothingAndCompletesExactlyOnce
689/703 Test #689: native_udp_dialer_test.DialFixture.CancelBeforeDispatchSendsNothingAndCompletesExactlyOnce ...................   Passed    0.00 sec
        Start 690: native_udp_dialer_test.DialFixture.CancelCompletesEstablishedPendingReadAndReleasesTheBoundPort
690/703 Test #690: native_udp_dialer_test.DialFixture.CancelCompletesEstablishedPendingReadAndReleasesTheBoundPort ..............   Passed    0.06 sec
        Start 691: native_udp_dialer_test.DialFixture.DroppingReturnedStreamReleasesDialerIOWithoutExplicitCancel
691/703 Test #691: native_udp_dialer_test.DialFixture.DroppingReturnedStreamReleasesDialerIOWithoutExplicitCancel ...............   Passed    0.06 sec
        Start 692: native_udp_dialer_test.DialFixture.DestructionCancelsAttemptAndAcceptedStreamWithoutCallbackCycles
692/703 Test #692: native_udp_dialer_test.DialFixture.DestructionCancelsAttemptAndAcceptedStreamWithoutCallbackCycles ...........   Passed    0.05 sec
        Start 693: native_udp_dialer_test.DialFixture.AssociatedExecutorPreservesWorkAndOwnsConnectCompletion
693/703 Test #693: native_udp_dialer_test.DialFixture.AssociatedExecutorPreservesWorkAndOwnsConnectCompletion ...................   Passed    0.04 sec
        Start 694: native_udp_dialer_test.DialFixture.FutureTokenReturnsMoveOnlyStreamAndPropagatesCancellation
694/703 Test #694: native_udp_dialer_test.DialFixture.FutureTokenReturnsMoveOnlyStreamAndPropagatesCancellation .................   Passed    0.04 sec
        Start 695: native_udp_dialer_test.DialFixture.ConcurrentRepeatedCancelCompletesPendingReadOnce
695/703 Test #695: native_udp_dialer_test.DialFixture.ConcurrentRepeatedCancelCompletesPendingReadOnce ..........................   Passed    0.04 sec
        Start 696: native_udp_dialer_test.DialFixture.RepeatedPhysicalConnectionsRetireAndReleaseAllClientPorts
696/703 Test #696: native_udp_dialer_test.DialFixture.RepeatedPhysicalConnectionsRetireAndReleaseAllClientPorts .................   Passed    2.14 sec
        Start 697: native_udp_terminal_drain_test.NativeUDPTerminalDrain.CancellationWithoutLoss
697/703 Test #697: native_udp_terminal_drain_test.NativeUDPTerminalDrain.CancellationWithoutLoss ................................   Passed    0.10 sec
        Start 698: native_udp_terminal_drain_test.NativeUDPTerminalDrain.CancellationRetransmitsDroppedReceipt
698/703 Test #698: native_udp_terminal_drain_test.NativeUDPTerminalDrain.CancellationRetransmitsDroppedReceipt ..................   Passed    0.17 sec
        Start 699: native_udp_terminal_drain_test.NativeUDPTerminalDrain.RejectionRetransmitsDroppedReceipt
699/703 Test #699: native_udp_terminal_drain_test.NativeUDPTerminalDrain.RejectionRetransmitsDroppedReceipt .....................   Passed    0.18 sec
        Start 700: native_udp_terminal_drain_test.NativeUDPTerminalDrain.UnresponsivePeerEventuallyReleasesTransport
700/703 Test #700: native_udp_terminal_drain_test.NativeUDPTerminalDrain.UnresponsivePeerEventuallyReleasesTransport ............   Passed    0.41 sec
        Start 701: native_udp_terminal_drain_test.NativeUDPTerminalDrain.StopWithPendingApplicationRead
701/703 Test #701: native_udp_terminal_drain_test.NativeUDPTerminalDrain.StopWithPendingApplicationRead .........................   Passed    0.07 sec
        Start 702: native_udp_terminal_drain_test.NativeUDPTerminalDrain.StopBeforeFirstDispatch
702/703 Test #702: native_udp_terminal_drain_test.NativeUDPTerminalDrain.StopBeforeFirstDispatch ................................   Passed    0.00 sec
        Start 703: rl_observation_contract
703/703 Test #703: rl_observation_contract ......................................................................................   Passed    0.00 sec

100% tests passed out of 703

Total Test time (real) =  28.34 sec
Running: cmake --build /tmp/football-optimization-native --target engine_ase_parser_contract -j 1
[  3%] Built target datalib
[ 11%] Built target gui2lib
[ 21%] Built target baselib
[ 30%] Built target systemsgraphicslib
[ 30%] Built target loaderslib
[ 34%] Built target typeslib
[ 44%] Built target scenelib
[ 50%] Built target utilslib
[ 51%] Built target blunted2
[ 76%] Built target gamelib
[ 86%] Built target menulib
[ 98%] Built target football_engine
[100%] Built target engine_ase_parser_contract
Running: /tmp/football-optimization-native/bin/engine_ase_parser_contract
Running: cmake --build /tmp/football-optimization-native --target engine_file_read_contract -j 1
[  3%] Built target datalib
[ 11%] Built target gui2lib
[ 21%] Built target baselib
[ 30%] Built target systemsgraphicslib
[ 30%] Built target loaderslib
[ 34%] Built target typeslib
[ 44%] Built target scenelib
[ 50%] Built target utilslib
[ 51%] Built target blunted2
[ 76%] Built target gamelib
[ 86%] Built target menulib
[ 98%] Built target football_engine
[100%] Built target engine_file_read_contract
Running: /tmp/football-optimization-native/bin/engine_file_read_contract
Running: /root/.cache/football-quality-20260910/venv/bin/python3 -c 
import hashlib, json
from pathlib import Path
import gfootball_engine
import gfootball_engine._gameplayfootball as native
paths = dict(loader=Path(gfootball_engine.__file__),
             binding=Path(native.__file__),
             engine=Path(gfootball_engine.__file__).parent/'libfootball_engine.so')
print(json.dumps({key:dict(path=str(path),sha256=hashlib.sha256(path.read_bytes()).hexdigest())
                  for key,path in paths.items()}))

Running: /root/.cache/football-quality-20260910/venv/bin/python3 -m pytest gfootball/frame_sync -q --ignore=gfootball/frame_sync/legacy_network_test.py --junitxml=/root/work_space/football/.project/optimization/evidence/framework-pytest.xml
........................................................................ [  9%]
........................................................................ [ 18%]
........................................................... [ 25%]
............................................................................ [ 35%]
........................................................................ [ 44%]
.................................... [ 49%]
.................................................................. [ 57%]
.................................................... [ 64%]
...................................................... [ 71%]
........................................ [ 76%]
............................................................... [ 84%]
.................................... [ 89%]
............ [ 90%]
......................................................F.......... [ 98%]
........                                                                 [100%]
=================================== FAILURES ===================================
________ UDPResumeTest.test_restore_error_never_sends_ready_or_success _________

self = <gfootball.frame_sync.test_udp_resume_budget.UDPResumeTest testMethod=test_restore_error_never_sends_ready_or_success>

    def test_restore_error_never_sends_ready_or_success(self):
      server, client, replica = self.make_reconnecting()
      self.frame(server, client, replica)
      self.drop(server)
      client.client.close()
      until(lambda: client.stats()['state'] == 'restoring')
      def fail():
        raise RuntimeError('restore rejected')
      replica.on_restore = fail
      with self.assertRaisesRegex(RuntimeError, 'restore rejected'):
        client.tick()
>     self.assertEqual(client.stats()['state'], 'gave_up')
E     AssertionError: 'giving_up' != 'gave_up'
E     - giving_up
E     + gave_up

gfootball/frame_sync/test_udp_resume_budget.py:473: AssertionError
=========================== short test summary info ============================
FAILED gfootball/frame_sync/test_udp_resume_budget.py::UDPResumeTest::test_restore_error_never_sends_ready_or_success
1 failed, 782 passed, 305 subtests passed in 167.13s (0:02:47)
Traceback (most recent call last):
  File "/root/work_space/football/.project/checks/framework_regression.py", line 158, in <module>
    main()
    ~~~~^^
  File "/root/work_space/football/.project/checks/framework_regression.py", line 129, in main
    run([python, "-m", "pytest", "gfootball/frame_sync", "-q",
    ~~~^^^^^^^^^^^^^^^^^^^^^^^^^^^^^^^^^^^^^^^^^^^^^^^^^^^^^^^
         "--ignore=gfootball/frame_sync/legacy_network_test.py", f"--junitxml={python_report}"],
         ^^^^^^^^^^^^^^^^^^^^^^^^^^^^^^^^^^^^^^^^^^^^^^^^^^^^^^^^^^^^^^^^^^^^^^^^^^^^^^^^^^^^^^^
        env=environment)
        ^^^^^^^^^^^^^^^^
  File "/root/work_space/football/.project/checks/native_boundary.py", line 27, in run
    return subprocess.run(list(map(str, argv)), cwd=cwd, env=env, check=True, text=True,
           ~~~~~~~~~~~~~~^^^^^^^^^^^^^^^^^^^^^^^^^^^^^^^^^^^^^^^^^^^^^^^^^^^^^^^^^^^^^^^
                          stdout=subprocess.PIPE if capture else None,
                          ^^^^^^^^^^^^^^^^^^^^^^^^^^^^^^^^^^^^^^^^^^^^
                          stderr=subprocess.STDOUT if capture else None).stdout
                          ^^^^^^^^^^^^^^^^^^^^^^^^^^^^^^^^^^^^^^^^^^^^^^
  File "/usr/lib/python3.14/subprocess.py", line 578, in run
    raise CalledProcessError(retcode, process.args,
                             output=stdout, stderr=stderr)
subprocess.CalledProcessError: Command '['/root/.cache/football-quality-20260910/venv/bin/python3', '-m', 'pytest', 'gfootball/frame_sync', '-q', '--ignore=gfootball/frame_sync/legacy_network_test.py', '--junitxml=/root/work_space/football/.project/optimization/evidence/framework-pytest.xml']' returned non-zero exit status 1.
